time_tag,bt,B_baseline,CHI,SHEET_DEPTH
2026-03-16 16:25:00,4.67,5.0,0.06600000000000002,0.8761726078799249
2026-03-16 16:26:00,4.83,5.0,0.03399999999999999,0.9342359767891683
2026-03-16 16:27:00,4.86,5.0,0.027999999999999935,0.9455252918287939
2026-03-16 16:28:00,5.01,5.0,0.0019999999999999575,1.0
2026-03-16 16:29:00,4.73,5.0,0.053999999999999916,0.8975332068311197
2026-03-16 16:30:00,4.64,5.0,0.07200000000000006,0.8656716417910446
2026-03-16 16:31:00,4.82,5.0,0.03599999999999994,0.9305019305019305
2026-03-16 16:32:00,4.16,5.0,0.16799999999999998,0.7123287671232877
2026-03-16 16:33:00,3.54,5.0,0.292,0.5479876160990712
2026-03-16 16:34:00,4.74,5.0,0.051999999999999956,0.9011406844106464
2026-03-16 16:35:00,5.14,5.0,0.027999999999999935,1.0
2026-03-16 16:36:00,5.09,5.0,0.01799999999999997,1.0
2026-03-16 16:37:00,5.13,5.0,0.025999999999999978,1.0
2026-03-16 16:38:00,5.28,5.0,0.05600000000000005,1.0
2026-03-16 16:39:00,5.11,5.0,0.022000000000000065,1.0
2026-03-16 16:40:00,5.26,5.0,0.051999999999999956,1.0
2026-03-16 16:41:00,5.0,5.0,0.0,1.0
2026-03-16 16:42:00,5.29,5.0,0.05800000000000001,1.0
2026-03-16 16:43:00,5.01,5.0,0.0019999999999999575,1.0
2026-03-16 16:44:00,4.96,5.0,0.008000000000000007,0.9841269841269841
2026-03-16 16:45:00,5.07,5.0,0.014000000000000058,1.0
2026-03-16 16:46:00,5.7,5.0,0.14000000000000004,1.0
2026-03-16 16:47:00,5.66,5.0,0.13200000000000003,1.0
2026-03-16 16:48:00,5.57,5.0,0.11400000000000006,1.0
2026-03-16 16:49:00,2.95,5.0,0.41,0.41843971631205684
2026-03-16 16:50:00,4.17,5.0,0.166,0.7152658662092625
2026-03-16 16:51:00,4.55,5.0,0.09000000000000004,0.8348623853211008
2026-03-16 16:52:00,4.7,5.0,0.05999999999999996,0.8867924528301887
2026-03-16 16:53:00,4.56,5.0,0.08800000000000008,0.838235294117647
2026-03-16 16:54:00,4.66,5.0,0.06799999999999998,0.8726591760299626
2026-03-16 16:55:00,4.83,5.0,0.03399999999999999,0.9342359767891683
2026-03-16 16:56:00,4.84,5.0,0.03200000000000003,0.937984496124031
2026-03-16 16:57:00,5.0,5.0,0.0,1.0
2026-03-16 16:58:00,5.05,5.0,0.009999999999999964,1.0
2026-03-16 16:59:00,5.13,5.0,0.025999999999999978,1.0
2026-03-16 17:00:00,5.18,5.0,0.03599999999999994,1.0
2026-03-16 17:01:00,5.23,5.0,0.04600000000000008,1.0
2026-03-16 17:02:00,5.25,5.0,0.05,1.0
2026-03-16 17:03:00,5.39,5.0,0.07799999999999993,1.0
2026-03-16 17:04:00,5.55,5.0,0.10999999999999996,1.0
2026-03-16 17:05:00,5.18,5.0,0.03599999999999994,1.0
2026-03-16 17:06:00,5.35,5.0,0.06999999999999992,1.0
2026-03-16 17:07:00,5.2,5.0,0.040000000000000036,1.0
2026-03-16 17:08:00,5.32,5.0,0.06400000000000006,1.0
2026-03-16 17:09:00,5.53,5.0,0.10600000000000005,1.0
2026-03-16 17:10:00,5.42,5.0,0.08399999999999999,1.0
2026-03-16 17:11:00,5.4,5.0,0.08000000000000007,1.0
2026-03-16 17:12:00,5.49,5.0,0.09800000000000005,1.0
2026-03-16 17:13:00,5.46,5.0,0.092,1.0
2026-03-16 17:14:00,5.34,5.0,0.06799999999999998,1.0
2026-03-16 17:15:00,5.16,5.0,0.03200000000000003,1.0
2026-03-16 17:16:00,5.13,5.0,0.025999999999999978,1.0
2026-03-16 17:17:00,4.89,5.0,0.022000000000000065,0.9569471624266145
2026-03-16 17:18:00,4.88,5.0,0.02400000000000002,0.953125
2026-03-16 17:19:00,4.99,5.0,0.0019999999999999575,0.9960079840319361
2026-03-16 17:20:00,4.99,5.0,0.0019999999999999575,0.9960079840319361
2026-03-16 17:21:00,4.97,5.0,0.0060000000000000496,0.9880715705765407
2026-03-16 17:22:00,4.93,5.0,0.014000000000000058,0.9723865877712031
2026-03-16 17:23:00,4.86,5.0,0.027999999999999935,0.9455252918287939
2026-03-16 17:24:00,4.89,5.0,0.022000000000000065,0.9569471624266145
2026-03-16 17:25:00,5.02,5.0,0.003999999999999915,1.0
2026-03-16 17:26:00,4.87,5.0,0.025999999999999978,0.949317738791423
2026-03-16 17:27:00,4.66,5.0,0.06799999999999998,0.8726591760299626
2026-03-16 17:28:00,4.07,5.0,0.18599999999999994,0.6863406408094436
2026-03-16 17:29:00,5.39,5.0,0.07799999999999993,1.0
2026-03-16 17:30:00,5.51,5.0,0.10199999999999995,1.0
2026-03-16 17:31:00,5.77,5.0,0.15399999999999991,1.0
2026-03-16 17:32:00,5.73,5.0,0.14600000000000007,1.0
2026-03-16 17:33:00,5.53,5.0,0.10600000000000005,1.0
2026-03-16 17:34:00,5.45,5.0,0.09000000000000004,1.0
2026-03-16 17:35:00,5.42,5.0,0.08399999999999999,1.0
2026-03-16 17:36:00,5.37,5.0,0.07400000000000002,1.0
2026-03-16 17:37:00,5.37,5.0,0.07400000000000002,1.0
2026-03-16 17:38:00,5.34,5.0,0.06799999999999998,1.0
2026-03-16 17:39:00,5.15,5.0,0.030000000000000072,1.0
2026-03-16 17:40:00,4.83,5.0,0.03399999999999999,0.9342359767891683
2026-03-16 17:41:00,5.55,5.0,0.10999999999999996,1.0
2026-03-16 17:42:00,5.5,5.0,0.1,1.0
2026-03-16 17:43:00,5.41,5.0,0.08200000000000003,1.0
2026-03-16 17:44:00,5.6,5.0,0.11999999999999993,1.0
2026-03-16 17:45:00,5.48,5.0,0.09600000000000009,1.0
2026-03-16 17:46:00,5.32,5.0,0.06400000000000006,1.0
2026-03-16 17:47:00,5.44,5.0,0.08800000000000008,1.0
2026-03-16 17:48:00,5.39,5.0,0.07799999999999993,1.0
2026-03-16 17:49:00,5.34,5.0,0.06799999999999998,1.0
2026-03-16 17:50:00,5.2,5.0,0.040000000000000036,1.0
2026-03-16 17:51:00,5.11,5.0,0.022000000000000065,1.0
2026-03-16 17:52:00,4.69,5.0,0.06199999999999992,0.8832391713747648
2026-03-16 17:53:00,4.76,5.0,0.04800000000000004,0.9083969465648855
2026-03-16 17:54:00,4.76,5.0,0.04800000000000004,0.9083969465648855
2026-03-16 17:55:00,4.62,5.0,0.07599999999999998,0.8587360594795539
2026-03-16 17:56:00,4.8,5.0,0.040000000000000036,0.923076923076923
2026-03-16 17:57:00,4.94,5.0,0.011999999999999922,0.9762845849802373
2026-03-16 17:58:00,4.65,5.0,0.06999999999999992,0.8691588785046731
2026-03-16 17:59:00,4.7,5.0,0.05999999999999996,0.8867924528301887
2026-03-16 18:00:00,5.49,5.0,0.09800000000000005,1.0
2026-03-16 18:01:00,5.22,5.0,0.04399999999999995,1.0
2026-03-16 18:02:00,5.31,5.0,0.06199999999999992,1.0
2026-03-16 18:03:00,5.37,5.0,0.07400000000000002,1.0
2026-03-16 18:04:00,5.45,5.0,0.09000000000000004,1.0
2026-03-16 18:05:00,5.4,5.0,0.08000000000000007,1.0
2026-03-16 18:06:00,5.43,5.0,0.08599999999999994,1.0
2026-03-16 18:07:00,4.92,5.0,0.016000000000000014,0.968503937007874
2026-03-16 18:08:00,4.9,5.0,0.019999999999999928,0.9607843137254902
2026-03-16 18:09:00,4.97,5.0,0.0060000000000000496,0.9880715705765407
2026-03-16 18:10:00,4.99,5.0,0.0019999999999999575,0.9960079840319361
2026-03-16 18:11:00,5.18,5.0,0.03599999999999994,1.0
2026-03-16 18:12:00,5.14,5.0,0.027999999999999935,1.0
2026-03-16 18:13:00,5.01,5.0,0.0019999999999999575,1.0
2026-03-16 18:14:00,5.16,5.0,0.03200000000000003,1.0
2026-03-16 18:17:00,5.31,5.0,0.06199999999999992,1.0
2026-03-16 18:18:00,5.32,5.0,0.06400000000000006,1.0
2026-03-16 18:19:00,5.27,5.0,0.053999999999999916,1.0
2026-03-16 18:20:00,5.24,5.0,0.04800000000000004,1.0
2026-03-16 18:21:00,5.12,5.0,0.02400000000000002,1.0
2026-03-16 18:22:00,5.25,5.0,0.05,1.0
2026-03-16 18:23:00,5.3,5.0,0.05999999999999996,1.0
2026-03-16 18:24:00,5.42,5.0,0.08399999999999999,1.0
2026-03-16 18:25:00,5.45,5.0,0.09000000000000004,1.0
2026-03-16 18:26:00,5.46,5.0,0.092,1.0
2026-03-16 18:27:00,5.4,5.0,0.08000000000000007,1.0
2026-03-16 18:28:00,5.33,5.0,0.06600000000000002,1.0
2026-03-16 18:29:00,5.21,5.0,0.041999999999999996,1.0
2026-03-16 18:30:00,5.37,5.0,0.07400000000000002,1.0
2026-03-16 18:31:00,5.31,5.0,0.06199999999999992,1.0
2026-03-16 18:32:00,5.28,5.0,0.05600000000000005,1.0
2026-03-16 18:33:00,5.48,5.0,0.09600000000000009,1.0
2026-03-16 18:34:00,5.44,5.0,0.08800000000000008,1.0
2026-03-16 18:35:00,5.28,5.0,0.05600000000000005,1.0
2026-03-16 18:36:00,5.26,5.0,0.051999999999999956,1.0
2026-03-16 18:37:00,5.26,5.0,0.051999999999999956,1.0
2026-03-16 18:38:00,5.25,5.0,0.05,1.0
2026-03-16 18:39:00,5.38,5.0,0.07599999999999998,1.0
2026-03-16 18:40:00,5.33,5.0,0.06600000000000002,1.0
2026-03-16 18:41:00,5.34,5.0,0.06799999999999998,1.0
2026-03-16 18:42:00,5.4,5.0,0.08000000000000007,1.0
2026-03-16 18:43:00,5.35,5.0,0.06999999999999992,1.0
2026-03-16 18:44:00,4.87,5.0,0.025999999999999978,0.949317738791423
2026-03-16 18:45:00,4.69,5.0,0.06199999999999992,0.8832391713747648
2026-03-16 18:46:00,5.16,5.0,0.03200000000000003,1.0
2026-03-16 18:47:00,5.37,5.0,0.07400000000000002,1.0
2026-03-16 18:49:00,5.22,5.0,0.04399999999999995,1.0
2026-03-16 18:50:00,4.92,5.0,0.016000000000000014,0.968503937007874
2026-03-16 18:51:00,5.05,5.0,0.009999999999999964,1.0
2026-03-16 18:52:00,4.99,5.0,0.0019999999999999575,0.9960079840319361
2026-03-16 18:53:00,4.75,5.0,0.05,0.9047619047619047
2026-03-16 18:54:00,4.77,5.0,0.04600000000000008,0.9120458891013383
2026-03-16 18:55:00,5.15,5.0,0.030000000000000072,1.0
2026-03-16 18:56:00,5.19,5.0,0.038000000000000075,1.0
2026-03-16 18:57:00,5.2,5.0,0.040000000000000036,1.0
2026-03-16 18:58:00,5.47,5.0,0.09399999999999994,1.0
2026-03-16 18:59:00,5.31,5.0,0.06199999999999992,1.0
2026-03-16 19:00:00,5.25,5.0,0.05,1.0
2026-03-16 19:01:00,5.35,5.0,0.06999999999999992,1.0
2026-03-16 19:02:00,5.3,5.0,0.05999999999999996,1.0
2026-03-16 19:03:00,4.3,5.0,0.14000000000000004,0.7543859649122806
2026-03-16 19:04:00,5.29,5.0,0.05800000000000001,1.0
2026-03-16 19:05:00,5.18,5.0,0.03599999999999994,1.0
2026-03-16 19:06:00,5.17,5.0,0.03399999999999999,1.0
2026-03-16 19:07:00,5.07,5.0,0.014000000000000058,1.0
2026-03-16 19:08:00,5.05,5.0,0.009999999999999964,1.0
2026-03-16 19:09:00,4.64,5.0,0.07200000000000006,0.8656716417910446
2026-03-16 19:10:00,5.16,5.0,0.03200000000000003,1.0
2026-03-16 19:11:00,5.29,5.0,0.05800000000000001,1.0
2026-03-16 19:12:00,5.3,5.0,0.05999999999999996,1.0
2026-03-16 19:13:00,5.23,5.0,0.04600000000000008,1.0
2026-03-16 19:14:00,5.36,5.0,0.07200000000000006,1.0
2026-03-16 19:15:00,4.72,5.0,0.05600000000000005,0.8939393939393938
2026-03-16 19:16:00,3.94,5.0,0.21200000000000002,0.6501650165016503
2026-03-16 19:17:00,5.1,5.0,0.019999999999999928,1.0
2026-03-16 19:18:00,5.32,5.0,0.06400000000000006,1.0
2026-03-16 19:19:00,5.29,5.0,0.05800000000000001,1.0
2026-03-16 19:20:00,5.06,5.0,0.011999999999999922,1.0
2026-03-16 19:21:00,5.32,5.0,0.06400000000000006,1.0
2026-03-16 19:22:00,5.36,5.0,0.07200000000000006,1.0
2026-03-16 19:23:00,5.15,5.0,0.030000000000000072,1.0
2026-03-16 19:24:00,5.47,5.0,0.09399999999999994,1.0
2026-03-16 19:25:00,5.34,5.0,0.06799999999999998,1.0
2026-03-16 19:26:00,5.29,5.0,0.05800000000000001,1.0
2026-03-16 19:27:00,5.15,5.0,0.030000000000000072,1.0
2026-03-16 19:28:00,5.06,5.0,0.011999999999999922,1.0
2026-03-16 19:29:00,4.94,5.0,0.011999999999999922,0.9762845849802373
2026-03-16 19:30:00,4.87,5.0,0.025999999999999978,0.949317738791423
2026-03-16 19:31:00,5.18,5.0,0.03599999999999994,1.0
2026-03-16 19:32:00,5.23,5.0,0.04600000000000008,1.0
2026-03-16 19:33:00,5.18,5.0,0.03599999999999994,1.0
2026-03-16 19:34:00,4.97,5.0,0.0060000000000000496,0.9880715705765407
2026-03-16 19:35:00,5.0,5.0,0.0,1.0
2026-03-16 19:36:00,4.76,5.0,0.04800000000000004,0.9083969465648855
2026-03-16 19:37:00,5.01,5.0,0.0019999999999999575,1.0
2026-03-16 19:38:00,5.0,5.0,0.0,1.0
2026-03-16 19:39:00,4.65,5.0,0.06999999999999992,0.8691588785046731
2026-03-16 19:40:00,4.69,5.0,0.06199999999999992,0.8832391713747648
2026-03-16 19:41:00,4.79,5.0,0.041999999999999996,0.9193857965451055
2026-03-16 19:42:00,4.92,5.0,0.016000000000000014,0.968503937007874
2026-03-16 19:43:00,4.92,5.0,0.016000000000000014,0.968503937007874
2026-03-16 19:44:00,4.89,5.0,0.022000000000000065,0.9569471624266145
2026-03-16 19:45:00,4.95,5.0,0.009999999999999964,0.9801980198019802
2026-03-16 19:46:00,5.07,5.0,0.014000000000000058,1.0
2026-03-16 19:47:00,5.09,5.0,0.01799999999999997,1.0
2026-03-16 19:48:00,5.03,5.0,0.0060000000000000496,1.0
2026-03-16 19:49:00,5.1,5.0,0.019999999999999928,1.0
2026-03-16 19:50:00,4.96,5.0,0.008000000000000007,0.9841269841269841
2026-03-16 19:51:00,4.08,5.0,0.184,0.6891891891891893
2026-03-16 19:52:00,3.94,5.0,0.21200000000000002,0.6501650165016503
2026-03-16 19:53:00,4.46,5.0,0.10800000000000001,0.8050541516245486
2026-03-16 19:54:00,4.61,5.0,0.07799999999999993,0.855287569573284
2026-03-16 19:55:00,4.6,5.0,0.08000000000000007,0.8518518518518517
2026-03-16 19:56:00,4.02,5.0,0.1960000000000001,0.6722408026755852
2026-03-16 19:57:00,4.33,5.0,0.13399999999999998,0.763668430335097
2026-03-16 19:58:00,4.27,5.0,0.14600000000000007,0.745200698080279
2026-03-16 19:59:00,4.38,5.0,0.12400000000000003,0.7793594306049821
2026-03-16 20:00:00,4.25,5.0,0.15,0.7391304347826088
2026-03-16 20:01:00,4.12,5.0,0.176,0.7006802721088436
2026-03-16 20:02:00,4.8,5.0,0.040000000000000036,0.923076923076923
2026-03-16 20:03:00,4.82,5.0,0.03599999999999994,0.9305019305019305
2026-03-16 20:04:00,4.76,5.0,0.04800000000000004,0.9083969465648855
2026-03-16 20:05:00,3.36,5.0,0.328,0.5060240963855421
2026-03-16 20:06:00,4.28,5.0,0.14399999999999996,0.7482517482517484
2026-03-16 20:07:00,4.64,5.0,0.07200000000000006,0.8656716417910446
2026-03-16 20:08:00,4.66,5.0,0.06799999999999998,0.8726591760299626
2026-03-16 20:09:00,4.59,5.0,0.08200000000000003,0.8484288354898335
2026-03-16 20:10:00,4.8,5.0,0.040000000000000036,0.923076923076923
2026-03-16 20:11:00,4.68,5.0,0.06400000000000006,0.8796992481203006
2026-03-16 20:12:00,4.77,5.0,0.04600000000000008,0.9120458891013383
2026-03-16 20:13:00,4.69,5.0,0.06199999999999992,0.8832391713747648
2026-03-16 20:14:00,4.79,5.0,0.041999999999999996,0.9193857965451055
2026-03-16 20:15:00,4.77,5.0,0.04600000000000008,0.9120458891013383
2026-03-16 20:16:00,4.79,5.0,0.041999999999999996,0.9193857965451055
2026-03-16 20:17:00,4.86,5.0,0.027999999999999935,0.9455252918287939
2026-03-16 20:18:00,4.85,5.0,0.030000000000000072,0.9417475728155339
2026-03-16 20:19:00,4.94,5.0,0.011999999999999922,0.9762845849802373
2026-03-16 20:20:00,4.05,5.0,0.19000000000000003,0.680672268907563
2026-03-16 20:21:00,4.44,5.0,0.11199999999999992,0.7985611510791369
2026-03-16 20:22:00,4.47,5.0,0.10600000000000005,0.8083182640144664
2026-03-16 20:23:00,4.56,5.0,0.08800000000000008,0.838235294117647
2026-03-16 20:24:00,4.63,5.0,0.07400000000000002,0.8621973929236498
2026-03-16 20:25:00,4.75,5.0,0.05,0.9047619047619047
2026-03-16 20:26:00,4.79,5.0,0.041999999999999996,0.9193857965451055
2026-03-16 20:27:00,4.88,5.0,0.02400000000000002,0.953125
2026-03-16 20:29:00,4.86,5.0,0.027999999999999935,0.9455252918287939
2026-03-16 20:30:00,4.95,5.0,0.009999999999999964,0.9801980198019802
2026-03-16 20:31:00,4.63,5.0,0.07400000000000002,0.8621973929236498
2026-03-16 20:34:00,4.63,5.0,0.07400000000000002,0.8621973929236498
2026-03-16 20:35:00,4.6,5.0,0.08000000000000007,0.8518518518518517
2026-03-16 20:36:00,4.74,5.0,0.051999999999999956,0.9011406844106464
2026-03-16 20:37:00,4.85,5.0,0.030000000000000072,0.9417475728155339
2026-03-16 20:38:00,4.57,5.0,0.08599999999999994,0.8416206261510131
2026-03-16 20:39:00,4.73,5.0,0.053999999999999916,0.8975332068311197
2026-03-16 20:40:00,4.81,5.0,0.038000000000000075,0.9267822736030827
2026-03-16 20:41:00,4.82,5.0,0.03599999999999994,0.9305019305019305
2026-03-16 20:42:00,4.86,5.0,0.027999999999999935,0.9455252918287939
2026-03-16 20:43:00,4.77,5.0,0.04600000000000008,0.9120458891013383
2026-03-16 20:44:00,4.97,5.0,0.0060000000000000496,0.9880715705765407
2026-03-16 20:45:00,4.91,5.0,0.01799999999999997,0.9646365422396856
2026-03-16 20:46:00,4.88,5.0,0.02400000000000002,0.953125
2026-03-16 20:47:00,4.95,5.0,0.009999999999999964,0.9801980198019802
2026-03-16 20:48:00,4.95,5.0,0.009999999999999964,0.9801980198019802
2026-03-16 20:49:00,4.9,5.0,0.019999999999999928,0.9607843137254902
2026-03-16 20:50:00,4.75,5.0,0.05,0.9047619047619047
2026-03-16 20:51:00,4.86,5.0,0.027999999999999935,0.9455252918287939
2026-03-16 20:52:00,4.93,5.0,0.014000000000000058,0.9723865877712031
2026-03-16 20:53:00,4.84,5.0,0.03200000000000003,0.937984496124031
2026-03-16 20:54:00,4.91,5.0,0.01799999999999997,0.9646365422396856
2026-03-16 20:55:00,4.86,5.0,0.027999999999999935,0.9455252918287939
2026-03-16 20:56:00,4.96,5.0,0.008000000000000007,0.9841269841269841
2026-03-16 20:57:00,4.93,5.0,0.014000000000000058,0.9723865877712031
2026-03-16 20:58:00,4.91,5.0,0.01799999999999997,0.9646365422396856
2026-03-16 20:59:00,4.83,5.0,0.03399999999999999,0.9342359767891683
2026-03-16 21:00:00,4.81,5.0,0.038000000000000075,0.9267822736030827
2026-03-16 21:01:00,4.82,5.0,0.03599999999999994,0.9305019305019305
2026-03-16 21:02:00,4.52,5.0,0.09600000000000009,0.8248175182481751
2026-03-16 21:03:00,4.65,5.0,0.06999999999999992,0.8691588785046731
2026-03-16 21:04:00,4.33,5.0,0.13399999999999998,0.763668430335097
2026-03-16 21:05:00,4.51,5.0,0.09800000000000005,0.8214936247723131
2026-03-16 21:06:00,4.16,5.0,0.16799999999999998,0.7123287671232877
2026-03-16 21:07:00,4.77,5.0,0.04600000000000008,0.9120458891013383
2026-03-16 21:08:00,4.71,5.0,0.05800000000000001,0.8903591682419659
2026-03-16 21:09:00,4.67,5.0,0.06600000000000002,0.8761726078799249
2026-03-16 21:10:00,4.74,5.0,0.051999999999999956,0.9011406844106464
2026-03-16 21:11:00,4.7,5.0,0.05999999999999996,0.8867924528301887
2026-03-16 21:12:00,4.51,5.0,0.09800000000000005,0.8214936247723131
2026-03-16 21:13:00,4.32,5.0,0.13599999999999995,0.7605633802816903
2026-03-16 21:14:00,4.35,5.0,0.13000000000000006,0.7699115044247786
2026-03-16 21:15:00,4.36,5.0,0.12799999999999995,0.773049645390071
2026-03-16 21:16:00,4.53,5.0,0.09399999999999994,0.8281535648994517
2026-03-16 21:17:00,4.45,5.0,0.10999999999999996,0.8018018018018019
2026-03-16 21:18:00,4.56,5.0,0.08800000000000008,0.838235294117647
2026-03-16 21:19:00,4.67,5.0,0.06600000000000002,0.8761726078799249
2026-03-16 21:20:00,4.68,5.0,0.06400000000000006,0.8796992481203006
2026-03-16 21:21:00,4.55,5.0,0.09000000000000004,0.8348623853211008
2026-03-16 21:22:00,4.5,5.0,0.1,0.8181818181818181
2026-03-16 21:23:00,4.05,5.0,0.19000000000000003,0.680672268907563
2026-03-16 21:24:00,3.89,5.0,0.22199999999999998,0.6366612111292963
2026-03-16 21:25:00,4.02,5.0,0.1960000000000001,0.6722408026755852
2026-03-16 21:26:00,4.29,5.0,0.142,0.7513134851138354
2026-03-16 21:27:00,4.24,5.0,0.15199999999999997,0.7361111111111113
2026-03-16 21:28:00,4.16,5.0,0.16799999999999998,0.7123287671232877
2026-03-16 21:29:00,4.1,5.0,0.18000000000000008,0.694915254237288
2026-03-16 21:30:00,3.98,5.0,0.20400000000000001,0.6611295681063124
2026-03-16 21:31:00,4.06,5.0,0.18800000000000008,0.6835016835016834
2026-03-16 21:32:00,4.1,5.0,0.18000000000000008,0.694915254237288
2026-03-16 21:33:00,3.84,5.0,0.23200000000000004,0.6233766233766234
2026-03-16 21:34:00,3.99,5.0,0.20199999999999996,0.6638935108153079
2026-03-16 21:35:00,3.79,5.0,0.242,0.6103059581320451
2026-03-16 21:36:00,3.58,5.0,0.284,0.557632398753894
2026-03-16 21:37:00,3.62,5.0,0.27599999999999997,0.567398119122257
2026-03-16 21:38:00,3.47,5.0,0.30599999999999994,0.5313935681470138
2026-03-16 21:39:00,3.53,5.0,0.29400000000000004,0.5455950540958269
2026-03-16 21:40:00,3.55,5.0,0.29000000000000004,0.5503875968992248
2026-03-16 21:41:00,3.49,5.0,0.30199999999999994,0.5360983102918587
2026-03-16 21:42:00,3.13,5.0,0.374,0.4556040756914119
2026-03-16 21:43:00,2.93,5.0,0.414,0.4144271570014145
2026-03-16 21:44:00,2.55,5.0,0.49000000000000005,0.3422818791946309
2026-03-16 21:45:00,3.05,5.0,0.39,0.4388489208633093
2026-03-16 21:46:00,3.14,5.0,0.372,0.4577259475218659
2026-03-16 21:47:00,1.59,5.0,0.682,0.18906064209274673
2026-03-16 21:48:00,3.74,5.0,0.25199999999999995,0.597444089456869
2026-03-16 21:49:00,3.77,5.0,0.246,0.6051364365971108
2026-03-16 21:50:00,3.53,5.0,0.29400000000000004,0.5455950540958269
2026-03-16 21:51:00,3.55,5.0,0.29000000000000004,0.5503875968992248
2026-03-16 21:52:00,3.4,5.0,0.32,0.515151515151515
2026-03-16 21:53:00,3.26,5.0,0.34800000000000003,0.4836795252225518
2026-03-16 21:54:00,3.85,5.0,0.22999999999999998,0.6260162601626017
2026-03-16 21:55:00,3.4,5.0,0.32,0.515151515151515
2026-03-16 21:56:00,3.57,5.0,0.28600000000000003,0.5552099533437014
2026-03-16 21:57:00,3.18,5.0,0.364,0.46627565982404695
2026-03-16 21:58:00,3.21,5.0,0.358,0.4727540500736377
2026-03-16 21:59:00,3.14,5.0,0.372,0.4577259475218659
2026-03-16 22:00:00,2.99,5.0,0.40199999999999997,0.4265335235378032
2026-03-16 22:01:00,3.36,5.0,0.328,0.5060240963855421
2026-03-16 22:02:00,4.03,5.0,0.19399999999999995,0.6750418760469012
2026-03-16 22:03:00,3.53,5.0,0.29400000000000004,0.5455950540958269
2026-03-16 22:04:00,3.73,5.0,0.254,0.594896331738437
2026-03-16 22:05:00,3.81,5.0,0.238,0.6155088852988692
2026-03-16 22:06:00,3.77,5.0,0.246,0.6051364365971108
2026-03-16 22:07:00,4.14,5.0,0.17200000000000007,0.7064846416382251
2026-03-16 22:08:00,4.2,5.0,0.15999999999999998,0.7241379310344829
2026-03-16 22:09:00,4.3,5.0,0.14000000000000004,0.7543859649122806
2026-03-16 22:10:00,4.34,5.0,0.13200000000000003,0.7667844522968197
2026-03-16 22:11:00,3.96,5.0,0.20800000000000002,0.6556291390728477
2026-03-16 22:12:00,4.39,5.0,0.12200000000000007,0.7825311942959
2026-03-16 22:13:00,4.5,5.0,0.1,0.8181818181818181
2026-03-16 22:14:00,4.17,5.0,0.166,0.7152658662092625
2026-03-16 22:15:00,4.13,5.0,0.17400000000000002,0.7035775127768313
2026-03-16 22:16:00,4.23,5.0,0.15399999999999991,0.7331022530329291
2026-03-16 22:17:00,4.09,5.0,0.18200000000000002,0.6920473773265652
2026-03-16 22:18:00,4.04,5.0,0.192,0.6778523489932886
2026-03-16 22:19:00,4.87,5.0,0.025999999999999978,0.949317738791423
2026-03-16 22:20:00,4.86,5.0,0.027999999999999935,0.9455252918287939
2026-03-16 22:21:00,4.89,5.0,0.022000000000000065,0.9569471624266145
2026-03-16 22:22:00,4.94,5.0,0.011999999999999922,0.9762845849802373
2026-03-16 22:23:00,4.87,5.0,0.025999999999999978,0.949317738791423
2026-03-16 22:24:00,4.98,5.0,0.003999999999999915,0.9920318725099603
2026-03-16 22:25:00,4.86,5.0,0.027999999999999935,0.9455252918287939
2026-03-16 22:26:00,4.75,5.0,0.05,0.9047619047619047
2026-03-16 22:27:00,4.36,5.0,0.12799999999999995,0.773049645390071
2026-03-16 22:28:00,4.17,5.0,0.166,0.7152658662092625
2026-03-16 22:29:00,4.11,5.0,0.17799999999999994,0.6977928692699492
2026-03-16 22:30:00,3.68,5.0,0.26399999999999996,0.5822784810126582
2026-03-16 22:31:00,3.82,5.0,0.23600000000000004,0.6181229773462783
2026-03-16 22:32:00,3.8,5.0,0.24000000000000005,0.6129032258064516
2026-03-16 22:33:00,4.2,5.0,0.15999999999999998,0.7241379310344829
2026-03-16 22:34:00,4.15,5.0,0.16999999999999993,0.7094017094017095
2026-03-16 22:35:00,2.84,5.0,0.43200000000000005,0.3966480446927374
2026-03-16 22:36:00,3.49,5.0,0.30199999999999994,0.5360983102918587
2026-03-16 22:37:00,3.83,5.0,0.23399999999999999,0.6207455429497569
2026-03-16 22:38:00,3.72,5.0,0.25599999999999995,0.5923566878980892
2026-03-16 22:39:00,4.1,5.0,0.18000000000000008,0.694915254237288
2026-03-16 22:40:00,4.27,5.0,0.14600000000000007,0.745200698080279
2026-03-16 22:41:00,3.94,5.0,0.21200000000000002,0.6501650165016503
2026-03-16 22:42:00,3.88,5.0,0.22400000000000003,0.6339869281045752
2026-03-16 22:43:00,4.27,5.0,0.14600000000000007,0.745200698080279
2026-03-16 22:44:00,4.15,5.0,0.16999999999999993,0.7094017094017095
2026-03-16 22:45:00,4.01,5.0,0.19800000000000004,0.669449081803005
2026-03-16 22:46:00,4.06,5.0,0.18800000000000008,0.6835016835016834
2026-03-16 22:47:00,3.86,5.0,0.22800000000000004,0.6286644951140066
2026-03-16 22:48:00,4.08,5.0,0.184,0.6891891891891893
2026-03-16 22:49:00,4.1,5.0,0.18000000000000008,0.694915254237288
2026-03-16 22:50:00,4.0,5.0,0.2,0.6666666666666667
2026-03-16 22:51:00,3.93,5.0,0.21399999999999997,0.6474464579901154
2026-03-16 22:52:00,4.56,5.0,0.08800000000000008,0.838235294117647
2026-03-16 22:53:00,4.58,5.0,0.08399999999999999,0.8450184501845018
2026-03-16 22:54:00,4.61,5.0,0.07799999999999993,0.855287569573284
2026-03-16 22:55:00,4.43,5.0,0.11400000000000006,0.7953321364452423
2026-03-16 22:56:00,4.39,5.0,0.12200000000000007,0.7825311942959
2026-03-16 22:57:00,4.45,5.0,0.10999999999999996,0.8018018018018019
2026-03-16 22:58:00,4.1,5.0,0.18000000000000008,0.694915254237288
2026-03-16 22:59:00,4.26,5.0,0.14800000000000005,0.7421602787456445
2026-03-16 23:00:00,4.46,5.0,0.10800000000000001,0.8050541516245486
2026-03-16 23:01:00,4.4,5.0,0.11999999999999993,0.7857142857142859
2026-03-16 23:02:00,4.36,5.0,0.12799999999999995,0.773049645390071
2026-03-16 23:03:00,4.32,5.0,0.13599999999999995,0.7605633802816903
2026-03-16 23:04:00,4.32,5.0,0.13599999999999995,0.7605633802816903
2026-03-16 23:05:00,4.25,5.0,0.15,0.7391304347826088
2026-03-16 23:06:00,4.26,5.0,0.14800000000000005,0.7421602787456445
2026-03-16 23:07:00,4.35,5.0,0.13000000000000006,0.7699115044247786
2026-03-16 23:08:00,4.26,5.0,0.14800000000000005,0.7421602787456445
2026-03-16 23:09:00,4.34,5.0,0.13200000000000003,0.7667844522968197
2026-03-16 23:10:00,4.34,5.0,0.13200000000000003,0.7667844522968197
2026-03-16 23:11:00,4.46,5.0,0.10800000000000001,0.8050541516245486
2026-03-16 23:12:00,4.28,5.0,0.14399999999999996,0.7482517482517484
2026-03-16 23:13:00,4.39,5.0,0.12200000000000007,0.7825311942959
2026-03-16 23:14:00,4.34,5.0,0.13200000000000003,0.7667844522968197
2026-03-16 23:15:00,4.32,5.0,0.13599999999999995,0.7605633802816903
2026-03-16 23:16:00,4.26,5.0,0.14800000000000005,0.7421602787456445
2026-03-16 23:17:00,4.34,5.0,0.13200000000000003,0.7667844522968197
2026-03-16 23:18:00,4.35,5.0,0.13000000000000006,0.7699115044247786
2026-03-16 23:19:00,4.33,5.0,0.13399999999999998,0.763668430335097
2026-03-16 23:20:00,4.43,5.0,0.11400000000000006,0.7953321364452423
2026-03-16 23:21:00,4.44,5.0,0.11199999999999992,0.7985611510791369
2026-03-16 23:22:00,4.52,5.0,0.09600000000000009,0.8248175182481751
2026-03-16 23:23:00,4.49,5.0,0.10199999999999995,0.8148820326678767
2026-03-16 23:24:00,4.47,5.0,0.10600000000000005,0.8083182640144664
2026-03-16 23:25:00,4.5,5.0,0.1,0.8181818181818181
2026-03-16 23:26:00,4.47,5.0,0.10600000000000005,0.8083182640144664
2026-03-16 23:27:00,4.52,5.0,0.09600000000000009,0.8248175182481751
2026-03-16 23:28:00,4.5,5.0,0.1,0.8181818181818181
2026-03-16 23:29:00,4.52,5.0,0.09600000000000009,0.8248175182481751
2026-03-16 23:30:00,4.46,5.0,0.10800000000000001,0.8050541516245486
2026-03-16 23:31:00,4.5,5.0,0.1,0.8181818181818181
2026-03-16 23:32:00,4.48,5.0,0.10399999999999991,0.8115942028985509
2026-03-16 23:33:00,4.48,5.0,0.10399999999999991,0.8115942028985509
2026-03-16 23:34:00,4.49,5.0,0.10199999999999995,0.8148820326678767
2026-03-16 23:35:00,4.3,5.0,0.14000000000000004,0.7543859649122806
2026-03-16 23:36:00,4.45,5.0,0.10999999999999996,0.8018018018018019
2026-03-16 23:37:00,4.13,5.0,0.17400000000000002,0.7035775127768313
2026-03-16 23:38:00,4.08,5.0,0.184,0.6891891891891893
2026-03-16 23:39:00,3.98,5.0,0.20400000000000001,0.6611295681063124
2026-03-16 23:40:00,4.31,5.0,0.13800000000000007,0.7574692442882248
2026-03-16 23:41:00,4.38,5.0,0.12400000000000003,0.7793594306049821
2026-03-16 23:42:00,4.41,5.0,0.11799999999999997,0.7889087656529518
2026-03-16 23:43:00,4.21,5.0,0.158,0.7271157167530224
2026-03-16 23:44:00,4.34,5.0,0.13200000000000003,0.7667844522968197
2026-03-16 23:45:00,4.45,5.0,0.10999999999999996,0.8018018018018019
2026-03-16 23:46:00,4.45,5.0,0.10999999999999996,0.8018018018018019
2026-03-16 23:47:00,4.48,5.0,0.10399999999999991,0.8115942028985509
2026-03-16 23:48:00,4.47,5.0,0.10600000000000005,0.8083182640144664
2026-03-16 23:49:00,4.45,5.0,0.10999999999999996,0.8018018018018019
2026-03-16 23:50:00,4.43,5.0,0.11400000000000006,0.7953321364452423
2026-03-16 23:51:00,4.45,5.0,0.10999999999999996,0.8018018018018019
2026-03-16 23:52:00,4.43,5.0,0.11400000000000006,0.7953321364452423
2026-03-16 23:53:00,4.33,5.0,0.13399999999999998,0.763668430335097
2026-03-16 23:54:00,4.31,5.0,0.13800000000000007,0.7574692442882248
2026-03-16 23:55:00,4.22,5.0,0.15600000000000006,0.7301038062283736
2026-03-16 23:56:00,4.2,5.0,0.15999999999999998,0.7241379310344829
2026-03-16 23:57:00,4.21,5.0,0.158,0.7271157167530224
2026-03-16 23:58:00,4.27,5.0,0.14600000000000007,0.745200698080279
2026-03-16 23:59:00,4.29,5.0,0.142,0.7513134851138354
2026-03-17 00:00:00,4.23,5.0,0.15399999999999991,0.7331022530329291
2026-03-17 00:01:00,4.21,5.0,0.158,0.7271157167530224
2026-03-17 00:02:00,4.1,5.0,0.18000000000000008,0.694915254237288
2026-03-17 00:03:00,4.07,5.0,0.18599999999999994,0.6863406408094436
2026-03-17 00:04:00,4.12,5.0,0.176,0.7006802721088436
2026-03-17 00:05:00,4.05,5.0,0.19000000000000003,0.680672268907563
2026-03-17 00:06:00,4.07,5.0,0.18599999999999994,0.6863406408094436
2026-03-17 00:07:00,4.08,5.0,0.184,0.6891891891891893
2026-03-17 00:08:00,4.04,5.0,0.192,0.6778523489932886
2026-03-17 00:09:00,3.77,5.0,0.246,0.6051364365971108
2026-03-17 00:10:00,4.26,5.0,0.14800000000000005,0.7421602787456445
2026-03-17 00:11:00,4.3,5.0,0.14000000000000004,0.7543859649122806
2026-03-17 00:12:00,4.3,5.0,0.14000000000000004,0.7543859649122806
2026-03-17 00:13:00,4.28,5.0,0.14399999999999996,0.7482517482517484
2026-03-17 00:14:00,4.37,5.0,0.12599999999999997,0.7761989342806395
2026-03-17 00:15:00,4.33,5.0,0.13399999999999998,0.763668430335097
2026-03-17 00:16:00,4.29,5.0,0.142,0.7513134851138354
2026-03-17 00:17:00,3.94,5.0,0.21200000000000002,0.6501650165016503
2026-03-17 00:18:00,4.1,5.0,0.18000000000000008,0.694915254237288
2026-03-17 00:19:00,4.01,5.0,0.19800000000000004,0.669449081803005
2026-03-17 00:20:00,4.0,5.0,0.2,0.6666666666666667
2026-03-17 00:21:00,4.01,5.0,0.19800000000000004,0.669449081803005
2026-03-17 00:22:00,3.95,5.0,0.20999999999999996,0.6528925619834711
2026-03-17 00:23:00,3.97,5.0,0.20599999999999996,0.6583747927031509
2026-03-17 00:24:00,3.97,5.0,0.20599999999999996,0.6583747927031509
2026-03-17 00:25:00,4.01,5.0,0.19800000000000004,0.669449081803005
2026-03-17 00:26:00,4.0,5.0,0.2,0.6666666666666667
2026-03-17 00:27:00,4.01,5.0,0.19800000000000004,0.669449081803005
2026-03-17 00:28:00,3.93,5.0,0.21399999999999997,0.6474464579901154
2026-03-17 00:29:00,3.89,5.0,0.22199999999999998,0.6366612111292963
2026-03-17 00:30:00,3.89,5.0,0.22199999999999998,0.6366612111292963
2026-03-17 00:31:00,3.95,5.0,0.20999999999999996,0.6528925619834711
2026-03-17 00:32:00,4.07,5.0,0.18599999999999994,0.6863406408094436
2026-03-17 00:33:00,4.05,5.0,0.19000000000000003,0.680672268907563
2026-03-17 00:34:00,4.32,5.0,0.13599999999999995,0.7605633802816903
2026-03-17 00:35:00,4.36,5.0,0.12799999999999995,0.773049645390071
2026-03-17 00:36:00,4.3,5.0,0.14000000000000004,0.7543859649122806
2026-03-17 00:37:00,4.16,5.0,0.16799999999999998,0.7123287671232877
2026-03-17 00:38:00,4.18,5.0,0.16400000000000006,0.7182130584192439
2026-03-17 00:39:00,4.2,5.0,0.15999999999999998,0.7241379310344829
2026-03-17 00:40:00,4.19,5.0,0.16199999999999992,0.7211703958691912
2026-03-17 00:41:00,4.29,5.0,0.142,0.7513134851138354
2026-03-17 00:42:00,4.3,5.0,0.14000000000000004,0.7543859649122806
2026-03-17 00:43:00,4.27,5.0,0.14600000000000007,0.745200698080279
2026-03-17 00:44:00,4.32,5.0,0.13599999999999995,0.7605633802816903
2026-03-17 00:45:00,4.29,5.0,0.142,0.7513134851138354
2026-03-17 00:46:00,4.28,5.0,0.14399999999999996,0.7482517482517484
2026-03-17 00:47:00,4.15,5.0,0.16999999999999993,0.7094017094017095
2026-03-17 00:48:00,4.26,5.0,0.14800000000000005,0.7421602787456445
2026-03-17 00:49:00,4.29,5.0,0.142,0.7513134851138354
2026-03-17 00:50:00,4.19,5.0,0.16199999999999992,0.7211703958691912
2026-03-17 00:51:00,3.95,5.0,0.20999999999999996,0.6528925619834711
2026-03-17 00:52:00,4.07,5.0,0.18599999999999994,0.6863406408094436
2026-03-17 00:53:00,3.92,5.0,0.21600000000000003,0.6447368421052632
2026-03-17 00:54:00,3.92,5.0,0.21600000000000003,0.6447368421052632
2026-03-17 00:55:00,4.0,5.0,0.2,0.6666666666666667
2026-03-17 00:56:00,4.19,5.0,0.16199999999999992,0.7211703958691912
2026-03-17 00:57:00,4.25,5.0,0.15,0.7391304347826088
2026-03-17 00:58:00,3.69,5.0,0.262,0.5847860538827259
2026-03-17 00:59:00,3.6,5.0,0.27999999999999997,0.5625
2026-03-17 01:00:00,3.59,5.0,0.28200000000000003,0.5600624024960998
2026-03-17 01:01:00,3.58,5.0,0.284,0.557632398753894
2026-03-17 01:03:00,3.79,5.0,0.242,0.6103059581320451
2026-03-17 01:04:00,3.55,5.0,0.29000000000000004,0.5503875968992248
2026-03-17 01:05:00,3.65,5.0,0.27,0.5748031496062992
2026-03-17 01:06:00,3.7,5.0,0.25999999999999995,0.5873015873015873
2026-03-17 01:07:00,3.6,5.0,0.27999999999999997,0.5625
2026-03-17 01:08:00,3.63,5.0,0.274,0.5698587127158555
2026-03-17 01:09:00,3.68,5.0,0.26399999999999996,0.5822784810126582
2026-03-17 01:10:00,3.59,5.0,0.28200000000000003,0.5600624024960998
2026-03-17 01:11:00,3.26,5.0,0.34800000000000003,0.4836795252225518
2026-03-17 01:12:00,3.35,5.0,0.32999999999999996,0.5037593984962406
2026-03-17 01:13:00,3.59,5.0,0.28200000000000003,0.5600624024960998
2026-03-17 01:14:00,3.47,5.0,0.30599999999999994,0.5313935681470138
2026-03-17 01:15:00,3.63,5.0,0.274,0.5698587127158555
2026-03-17 01:16:00,3.5,5.0,0.3,0.5384615384615384
2026-03-17 01:17:00,3.4,5.0,0.32,0.515151515151515
2026-03-17 01:18:00,3.54,5.0,0.292,0.5479876160990712
2026-03-17 01:19:00,3.89,5.0,0.22199999999999998,0.6366612111292963
2026-03-17 01:20:00,3.97,5.0,0.20599999999999996,0.6583747927031509
2026-03-17 01:21:00,3.79,5.0,0.242,0.6103059581320451
2026-03-17 01:22:00,3.69,5.0,0.262,0.5847860538827259
2026-03-17 01:23:00,3.56,5.0,0.288,0.5527950310559006
2026-03-17 01:24:00,3.51,5.0,0.29800000000000004,0.5408320493066255
2026-03-17 01:25:00,3.81,5.0,0.238,0.6155088852988692
2026-03-17 01:26:00,3.45,5.0,0.30999999999999994,0.5267175572519084
2026-03-17 01:27:00,3.68,5.0,0.26399999999999996,0.5822784810126582
2026-03-17 01:28:00,3.67,5.0,0.266,0.5797788309636651
2026-03-17 01:29:00,3.61,5.0,0.278,0.5649452269170578
2026-03-17 01:30:00,3.7,5.0,0.25999999999999995,0.5873015873015873
2026-03-17 01:31:00,3.78,5.0,0.24400000000000005,0.6077170418006431
2026-03-17 01:32:00,3.85,5.0,0.22999999999999998,0.6260162601626017
2026-03-17 01:33:00,3.88,5.0,0.22400000000000003,0.6339869281045752
2026-03-17 01:34:00,3.98,5.0,0.20400000000000001,0.6611295681063124
2026-03-17 01:35:00,4.03,5.0,0.19399999999999995,0.6750418760469012
2026-03-17 01:36:00,3.92,5.0,0.21600000000000003,0.6447368421052632
2026-03-17 01:37:00,3.89,5.0,0.22199999999999998,0.6366612111292963
2026-03-17 01:38:00,3.96,5.0,0.20800000000000002,0.6556291390728477
2026-03-17 01:39:00,3.58,5.0,0.284,0.557632398753894
2026-03-17 01:40:00,3.62,5.0,0.27599999999999997,0.567398119122257
2026-03-17 01:41:00,3.47,5.0,0.30599999999999994,0.5313935681470138
2026-03-17 01:42:00,3.47,5.0,0.30599999999999994,0.5313935681470138
2026-03-17 01:43:00,3.53,5.0,0.29400000000000004,0.5455950540958269
2026-03-17 01:44:00,3.71,5.0,0.258,0.589825119236884
2026-03-17 01:45:00,3.62,5.0,0.27599999999999997,0.567398119122257
2026-03-17 01:46:00,3.59,5.0,0.28200000000000003,0.5600624024960998
2026-03-17 01:47:00,3.6,5.0,0.27999999999999997,0.5625
2026-03-17 01:48:00,3.61,5.0,0.278,0.5649452269170578
2026-03-17 01:49:00,3.65,5.0,0.27,0.5748031496062992
2026-03-17 01:50:00,3.54,5.0,0.292,0.5479876160990712
2026-03-17 01:51:00,3.38,5.0,0.324,0.5105740181268882
2026-03-17 01:52:00,3.61,5.0,0.278,0.5649452269170578
2026-03-17 01:53:00,3.65,5.0,0.27,0.5748031496062992
2026-03-17 01:54:00,3.49,5.0,0.30199999999999994,0.5360983102918587
2026-03-17 01:55:00,3.55,5.0,0.29000000000000004,0.5503875968992248
2026-03-17 01:56:00,3.51,5.0,0.29800000000000004,0.5408320493066255
2026-03-17 01:57:00,3.59,5.0,0.28200000000000003,0.5600624024960998
2026-03-17 01:58:00,3.44,5.0,0.312,0.5243902439024389
2026-03-17 01:59:00,3.58,5.0,0.284,0.557632398753894
2026-03-17 02:00:00,3.57,5.0,0.28600000000000003,0.5552099533437014
2026-03-17 02:01:00,3.49,5.0,0.30199999999999994,0.5360983102918587
2026-03-17 02:02:00,3.97,5.0,0.20599999999999996,0.6583747927031509
2026-03-17 02:03:00,3.8,5.0,0.24000000000000005,0.6129032258064516
2026-03-17 02:04:00,3.88,5.0,0.22400000000000003,0.6339869281045752
2026-03-17 02:05:00,3.38,5.0,0.324,0.5105740181268882
2026-03-17 02:06:00,3.44,5.0,0.312,0.5243902439024389
2026-03-17 02:07:00,3.54,5.0,0.292,0.5479876160990712
2026-03-17 02:08:00,3.6,5.0,0.27999999999999997,0.5625
2026-03-17 02:09:00,3.68,5.0,0.26399999999999996,0.5822784810126582
2026-03-17 02:10:00,3.64,5.0,0.27199999999999996,0.5723270440251572
2026-03-17 02:11:00,3.54,5.0,0.292,0.5479876160990712
2026-03-17 02:12:00,3.64,5.0,0.27199999999999996,0.5723270440251572
2026-03-17 02:13:00,3.67,5.0,0.266,0.5797788309636651
2026-03-17 02:14:00,3.66,5.0,0.26799999999999996,0.5772870662460567
2026-03-17 02:15:00,3.66,5.0,0.26799999999999996,0.5772870662460567
2026-03-17 02:16:00,3.7,5.0,0.25999999999999995,0.5873015873015873
2026-03-17 02:17:00,3.75,5.0,0.25,0.6
2026-03-17 02:18:00,3.99,5.0,0.20199999999999996,0.6638935108153079
2026-03-17 02:19:00,3.94,5.0,0.21200000000000002,0.6501650165016503
2026-03-17 02:20:00,3.9,5.0,0.22000000000000003,0.639344262295082
2026-03-17 02:21:00,4.03,5.0,0.19399999999999995,0.6750418760469012
2026-03-17 02:22:00,4.12,5.0,0.176,0.7006802721088436
2026-03-17 02:23:00,3.65,5.0,0.27,0.5748031496062992
2026-03-17 02:24:00,3.78,5.0,0.24400000000000005,0.6077170418006431
2026-03-17 02:25:00,3.78,5.0,0.24400000000000005,0.6077170418006431
2026-03-17 02:26:00,3.76,5.0,0.24800000000000005,0.6025641025641025
2026-03-17 02:27:00,3.81,5.0,0.238,0.6155088852988692
2026-03-17 02:28:00,3.82,5.0,0.23600000000000004,0.6181229773462783
2026-03-17 02:29:00,3.75,5.0,0.25,0.6
2026-03-17 02:30:00,3.71,5.0,0.258,0.589825119236884
2026-03-17 02:31:00,3.71,5.0,0.258,0.589825119236884
2026-03-17 02:32:00,3.62,5.0,0.27599999999999997,0.567398119122257
2026-03-17 02:33:00,3.47,5.0,0.30599999999999994,0.5313935681470138
2026-03-17 02:34:00,3.41,5.0,0.31799999999999995,0.5174506828528073
2026-03-17 02:35:00,3.37,5.0,0.32599999999999996,0.5082956259426847
2026-03-17 02:36:00,3.36,5.0,0.328,0.5060240963855421
2026-03-17 02:37:00,3.16,5.0,0.368,0.4619883040935673
2026-03-17 02:38:00,3.29,5.0,0.34199999999999997,0.4903129657228018
2026-03-17 02:39:00,3.66,5.0,0.26799999999999996,0.5772870662460567
2026-03-17 02:40:00,3.75,5.0,0.25,0.6
2026-03-17 02:41:00,3.74,5.0,0.25199999999999995,0.597444089456869
2026-03-17 02:42:00,3.63,5.0,0.274,0.5698587127158555
2026-03-17 02:43:00,3.61,5.0,0.278,0.5649452269170578
2026-03-17 02:44:00,3.6,5.0,0.27999999999999997,0.5625
2026-03-17 02:45:00,3.66,5.0,0.26799999999999996,0.5772870662460567
2026-03-17 02:46:00,3.53,5.0,0.29400000000000004,0.5455950540958269
2026-03-17 02:47:00,3.62,5.0,0.27599999999999997,0.567398119122257
2026-03-17 02:48:00,3.64,5.0,0.27199999999999996,0.5723270440251572
2026-03-17 02:49:00,3.78,5.0,0.24400000000000005,0.6077170418006431
2026-03-17 02:50:00,3.84,5.0,0.23200000000000004,0.6233766233766234
2026-03-17 02:51:00,3.8,5.0,0.24000000000000005,0.6129032258064516
2026-03-17 02:52:00,3.34,5.0,0.332,0.5015015015015014
2026-03-17 02:53:00,3.36,5.0,0.328,0.5060240963855421
2026-03-17 02:54:00,3.28,5.0,0.34400000000000003,0.488095238095238
2026-03-17 02:55:00,3.95,5.0,0.20999999999999996,0.6528925619834711
2026-03-17 02:56:00,3.9,5.0,0.22000000000000003,0.639344262295082
2026-03-17 02:57:00,3.96,5.0,0.20800000000000002,0.6556291390728477
2026-03-17 02:58:00,3.97,5.0,0.20599999999999996,0.6583747927031509
2026-03-17 02:59:00,3.89,5.0,0.22199999999999998,0.6366612111292963
2026-03-17 03:00:00,3.93,5.0,0.21399999999999997,0.6474464579901154
2026-03-17 03:01:00,3.97,5.0,0.20599999999999996,0.6583747927031509
2026-03-17 03:02:00,3.91,5.0,0.21799999999999997,0.6420361247947455
2026-03-17 03:03:00,3.73,5.0,0.254,0.594896331738437
2026-03-17 03:05:00,4.19,5.0,0.16199999999999992,0.7211703958691912
2026-03-17 03:06:00,4.2,5.0,0.15999999999999998,0.7241379310344829
2026-03-17 03:07:00,4.23,5.0,0.15399999999999991,0.7331022530329291
2026-03-17 03:08:00,4.41,5.0,0.11799999999999997,0.7889087656529518
2026-03-17 03:09:00,4.5,5.0,0.1,0.8181818181818181
2026-03-17 03:10:00,4.45,5.0,0.10999999999999996,0.8018018018018019
2026-03-17 03:11:00,4.04,5.0,0.192,0.6778523489932886
2026-03-17 03:12:00,4.24,5.0,0.15199999999999997,0.7361111111111113
2026-03-17 03:13:00,3.6,5.0,0.27999999999999997,0.5625
2026-03-17 03:14:00,3.89,5.0,0.22199999999999998,0.6366612111292963
2026-03-17 03:15:00,3.92,5.0,0.21600000000000003,0.6447368421052632
2026-03-17 03:16:00,3.75,5.0,0.25,0.6
2026-03-17 03:17:00,3.82,5.0,0.23600000000000004,0.6181229773462783
2026-03-17 03:18:00,3.01,5.0,0.398,0.4306151645207439
2026-03-17 03:19:00,3.15,5.0,0.37,0.45985401459854014
2026-03-17 03:20:00,2.92,5.0,0.41600000000000004,0.4124293785310734
2026-03-17 03:21:00,2.83,5.0,0.434,0.394700139470014
2026-03-17 03:22:00,2.67,5.0,0.466,0.36425648021828105
2026-03-17 03:23:00,2.62,5.0,0.476,0.3550135501355014
2026-03-17 03:24:00,2.36,5.0,0.528,0.3089005235602094
2026-03-17 03:25:00,2.5,5.0,0.5,0.3333333333333333
2026-03-17 03:26:00,2.69,5.0,0.462,0.36798905608755134
2026-03-17 03:27:00,2.96,5.0,0.40800000000000003,0.42045454545454547
2026-03-17 03:28:00,3.0,5.0,0.4,0.4285714285714286
2026-03-17 03:29:00,2.87,5.0,0.426,0.4025245441795232
2026-03-17 03:30:00,2.88,5.0,0.42400000000000004,0.4044943820224719
2026-03-17 03:31:00,2.98,5.0,0.404,0.42450142450142453
2026-03-17 03:32:00,3.04,5.0,0.392,0.4367816091954023
2026-03-17 03:33:00,3.12,5.0,0.376,0.4534883720930233
2026-03-17 03:34:00,3.07,5.0,0.386,0.44300144300144295
2026-03-17 03:35:00,3.07,5.0,0.386,0.44300144300144295
2026-03-17 03:36:00,2.99,5.0,0.40199999999999997,0.4265335235378032
2026-03-17 03:37:00,3.05,5.0,0.39,0.4388489208633093
2026-03-17 03:38:00,3.15,5.0,0.37,0.45985401459854014
2026-03-17 03:39:00,3.16,5.0,0.368,0.4619883040935673
2026-03-17 03:40:00,3.11,5.0,0.378,0.45137880986937584
2026-03-17 03:41:00,3.04,5.0,0.392,0.4367816091954023
2026-03-17 03:42:00,3.12,5.0,0.376,0.4534883720930233
2026-03-17 03:43:00,3.05,5.0,0.39,0.4388489208633093
2026-03-17 03:44:00,2.73,5.0,0.454,0.375515818431912
2026-03-17 03:45:00,2.62,5.0,0.476,0.3550135501355014
2026-03-17 03:46:00,3.57,5.0,0.28600000000000003,0.5552099533437014
2026-03-17 03:47:00,3.57,5.0,0.28600000000000003,0.5552099533437014
2026-03-17 03:48:00,3.57,5.0,0.28600000000000003,0.5552099533437014
2026-03-17 03:49:00,3.59,5.0,0.28200000000000003,0.5600624024960998
2026-03-17 03:50:00,3.78,5.0,0.24400000000000005,0.6077170418006431
2026-03-17 03:51:00,3.68,5.0,0.26399999999999996,0.5822784810126582
2026-03-17 03:52:00,4.1,5.0,0.18000000000000008,0.694915254237288
2026-03-17 03:53:00,3.52,5.0,0.296,0.5432098765432098
2026-03-17 03:54:00,3.76,5.0,0.24800000000000005,0.6025641025641025
2026-03-17 03:55:00,3.69,5.0,0.262,0.5847860538827259
2026-03-17 03:56:00,3.56,5.0,0.288,0.5527950310559006
2026-03-17 03:57:00,3.52,5.0,0.296,0.5432098765432098
2026-03-17 03:58:00,3.48,5.0,0.304,0.5337423312883435
2026-03-17 04:00:00,3.41,5.0,0.31799999999999995,0.5174506828528073
2026-03-17 04:01:00,3.51,5.0,0.29800000000000004,0.5408320493066255
2026-03-17 04:02:00,3.65,5.0,0.27,0.5748031496062992
2026-03-17 04:03:00,3.69,5.0,0.262,0.5847860538827259
2026-03-17 04:04:00,3.72,5.0,0.25599999999999995,0.5923566878980892
2026-03-17 04:05:00,3.58,5.0,0.284,0.557632398753894
2026-03-17 04:06:00,3.53,5.0,0.29400000000000004,0.5455950540958269
2026-03-17 04:07:00,3.57,5.0,0.28600000000000003,0.5552099533437014
2026-03-17 04:08:00,3.6,5.0,0.27999999999999997,0.5625
2026-03-17 04:09:00,3.51,5.0,0.29800000000000004,0.5408320493066255
2026-03-17 04:10:00,3.29,5.0,0.34199999999999997,0.4903129657228018
2026-03-17 04:11:00,3.2,5.0,0.36,0.4705882352941177
2026-03-17 04:12:00,3.25,5.0,0.35,0.48148148148148145
2026-03-17 04:13:00,3.4,5.0,0.32,0.515151515151515
2026-03-17 04:14:00,3.43,5.0,0.31399999999999995,0.5220700152207002
2026-03-17 04:15:00,3.44,5.0,0.312,0.5243902439024389
2026-03-17 04:16:00,3.59,5.0,0.28200000000000003,0.5600624024960998
2026-03-17 04:17:00,3.68,5.0,0.26399999999999996,0.5822784810126582
2026-03-17 04:18:00,3.29,5.0,0.34199999999999997,0.4903129657228018
2026-03-17 04:19:00,3.41,5.0,0.31799999999999995,0.5174506828528073
2026-03-17 04:20:00,3.69,5.0,0.262,0.5847860538827259
2026-03-17 04:21:00,3.9,5.0,0.22000000000000003,0.639344262295082
2026-03-17 04:22:00,3.35,5.0,0.32999999999999996,0.5037593984962406
2026-03-17 04:23:00,3.23,5.0,0.354,0.4771048744460857
2026-03-17 04:24:00,3.31,5.0,0.33799999999999997,0.4947683109118087
2026-03-17 04:25:00,3.52,5.0,0.296,0.5432098765432098
2026-03-17 04:26:00,3.51,5.0,0.29800000000000004,0.5408320493066255
2026-03-17 04:27:00,3.41,5.0,0.31799999999999995,0.5174506828528073
2026-03-17 04:28:00,3.32,5.0,0.336,0.497005988023952
2026-03-17 04:29:00,3.25,5.0,0.35,0.48148148148148145
2026-03-17 04:30:00,2.01,5.0,0.5980000000000001,0.2515644555694618
2026-03-17 04:31:00,3.52,5.0,0.296,0.5432098765432098
2026-03-17 04:32:00,3.12,5.0,0.376,0.4534883720930233
2026-03-17 04:33:00,3.13,5.0,0.374,0.4556040756914119
2026-03-17 04:34:00,3.01,5.0,0.398,0.4306151645207439
2026-03-17 04:35:00,3.41,5.0,0.31799999999999995,0.5174506828528073
2026-03-17 04:36:00,3.41,5.0,0.31799999999999995,0.5174506828528073
2026-03-17 04:37:00,3.25,5.0,0.35,0.48148148148148145
2026-03-17 04:38:00,3.57,5.0,0.28600000000000003,0.5552099533437014
2026-03-17 04:39:00,3.45,5.0,0.30999999999999994,0.5267175572519084
2026-03-17 04:40:00,3.49,5.0,0.30199999999999994,0.5360983102918587
2026-03-17 04:41:00,3.41,5.0,0.31799999999999995,0.5174506828528073
2026-03-17 04:42:00,3.6,5.0,0.27999999999999997,0.5625
2026-03-17 04:43:00,3.48,5.0,0.304,0.5337423312883435
2026-03-17 04:44:00,3.31,5.0,0.33799999999999997,0.4947683109118087
2026-03-17 04:45:00,3.11,5.0,0.378,0.45137880986937584
2026-03-17 04:46:00,2.73,5.0,0.454,0.375515818431912
2026-03-17 04:47:00,1.57,5.0,0.6859999999999999,0.18623962040332148
2026-03-17 04:48:00,2.44,5.0,0.512,0.32275132275132273
2026-03-17 04:49:00,2.65,5.0,0.47000000000000003,0.36054421768707484
2026-03-17 04:50:00,2.93,5.0,0.414,0.4144271570014145
2026-03-17 04:51:00,2.84,5.0,0.43200000000000005,0.3966480446927374
2026-03-17 04:52:00,2.94,5.0,0.41200000000000003,0.4164305949008499
2026-03-17 04:53:00,3.08,5.0,0.384,0.44508670520231214
2026-03-17 04:54:00,2.94,5.0,0.41200000000000003,0.4164305949008499
2026-03-17 04:55:00,2.81,5.0,0.438,0.3908205841446454
2026-03-17 04:56:00,2.94,5.0,0.41200000000000003,0.4164305949008499
2026-03-17 04:57:00,2.86,5.0,0.42800000000000005,0.4005602240896358
2026-03-17 04:58:00,2.68,5.0,0.46399999999999997,0.366120218579235
2026-03-17 04:59:00,2.65,5.0,0.47000000000000003,0.36054421768707484
2026-03-17 05:00:00,2.71,5.0,0.458,0.37174211248285327
2026-03-17 05:01:00,2.56,5.0,0.488,0.34408602150537637
2026-03-17 05:02:00,2.67,5.0,0.466,0.36425648021828105
2026-03-17 05:03:00,2.71,5.0,0.458,0.37174211248285327
2026-03-17 05:04:00,2.91,5.0,0.418,0.4104372355430184
2026-03-17 05:05:00,2.55,5.0,0.49000000000000005,0.3422818791946309
2026-03-17 05:06:00,3.21,5.0,0.358,0.4727540500736377
2026-03-17 05:07:00,3.74,5.0,0.25199999999999995,0.597444089456869
2026-03-17 05:08:00,3.75,5.0,0.25,0.6
2026-03-17 05:09:00,3.53,5.0,0.29400000000000004,0.5455950540958269
2026-03-17 05:10:00,3.54,5.0,0.292,0.5479876160990712
2026-03-17 05:11:00,3.54,5.0,0.292,0.5479876160990712
2026-03-17 05:12:00,3.45,5.0,0.30999999999999994,0.5267175572519084
2026-03-17 05:13:00,3.5,5.0,0.3,0.5384615384615384
2026-03-17 05:14:00,3.55,5.0,0.29000000000000004,0.5503875968992248
2026-03-17 05:15:00,3.53,5.0,0.29400000000000004,0.5455950540958269
2026-03-17 05:16:00,3.39,5.0,0.32199999999999995,0.5128593040847201
2026-03-17 05:17:00,3.25,5.0,0.35,0.48148148148148145
2026-03-17 05:18:00,3.35,5.0,0.32999999999999996,0.5037593984962406
2026-03-17 05:19:00,3.51,5.0,0.29800000000000004,0.5408320493066255
2026-03-17 05:20:00,3.27,5.0,0.346,0.48588410104011887
2026-03-17 05:21:00,3.05,5.0,0.39,0.4388489208633093
2026-03-17 05:22:00,3.69,5.0,0.262,0.5847860538827259
2026-03-17 05:23:00,3.42,5.0,0.316,0.519756838905775
2026-03-17 05:24:00,3.27,5.0,0.346,0.48588410104011887
2026-03-17 05:25:00,3.27,5.0,0.346,0.48588410104011887
2026-03-17 05:26:00,3.4,5.0,0.32,0.515151515151515
2026-03-17 05:27:00,3.64,5.0,0.27199999999999996,0.5723270440251572
2026-03-17 05:28:00,4.03,5.0,0.19399999999999995,0.6750418760469012
2026-03-17 05:29:00,3.99,5.0,0.20199999999999996,0.6638935108153079
2026-03-17 05:30:00,3.74,5.0,0.25199999999999995,0.597444089456869
2026-03-17 05:31:00,3.53,5.0,0.29400000000000004,0.5455950540958269
2026-03-17 05:32:00,3.62,5.0,0.27599999999999997,0.567398119122257
2026-03-17 05:33:00,3.45,5.0,0.30999999999999994,0.5267175572519084
2026-03-17 05:34:00,3.74,5.0,0.25199999999999995,0.597444089456869
2026-03-17 05:35:00,3.79,5.0,0.242,0.6103059581320451
2026-03-17 05:36:00,3.72,5.0,0.25599999999999995,0.5923566878980892
2026-03-17 05:37:00,3.16,5.0,0.368,0.4619883040935673
2026-03-17 05:38:00,2.81,5.0,0.438,0.3908205841446454
2026-03-17 05:39:00,2.96,5.0,0.40800000000000003,0.42045454545454547
2026-03-17 05:40:00,2.79,5.0,0.442,0.38696255201109575
2026-03-17 05:41:00,2.13,5.0,0.5740000000000001,0.2706480304955527
2026-03-17 05:42:00,2.05,5.0,0.5900000000000001,0.2578616352201258
2026-03-17 05:43:00,1.89,5.0,0.6220000000000001,0.23304562268803944
2026-03-17 05:44:00,3.51,5.0,0.29800000000000004,0.5408320493066255
2026-03-17 05:45:00,3.39,5.0,0.32199999999999995,0.5128593040847201
2026-03-17 05:46:00,3.31,5.0,0.33799999999999997,0.4947683109118087
2026-03-17 05:47:00,3.27,5.0,0.346,0.48588410104011887
2026-03-17 05:48:00,3.24,5.0,0.352,0.4792899408284024
2026-03-17 05:49:00,3.26,5.0,0.34800000000000003,0.4836795252225518
2026-03-17 05:50:00,3.32,5.0,0.336,0.497005988023952
2026-03-17 05:51:00,3.27,5.0,0.346,0.48588410104011887
2026-03-17 05:52:00,3.18,5.0,0.364,0.46627565982404695
2026-03-17 05:53:00,3.12,5.0,0.376,0.4534883720930233
2026-03-17 05:54:00,3.12,5.0,0.376,0.4534883720930233
2026-03-17 05:55:00,2.94,5.0,0.41200000000000003,0.4164305949008499
2026-03-17 05:56:00,2.67,5.0,0.466,0.36425648021828105
2026-03-17 05:57:00,3.05,5.0,0.39,0.4388489208633093
2026-03-17 05:58:00,3.59,5.0,0.28200000000000003,0.5600624024960998
2026-03-17 05:59:00,3.62,5.0,0.27599999999999997,0.567398119122257
2026-03-17 06:00:00,3.56,5.0,0.288,0.5527950310559006
2026-03-17 06:01:00,3.61,5.0,0.278,0.5649452269170578
2026-03-17 06:02:00,3.7,5.0,0.25999999999999995,0.5873015873015873
2026-03-17 06:03:00,3.76,5.0,0.24800000000000005,0.6025641025641025
2026-03-17 06:04:00,3.64,5.0,0.27199999999999996,0.5723270440251572
2026-03-17 06:05:00,3.57,5.0,0.28600000000000003,0.5552099533437014
2026-03-17 06:06:00,3.63,5.0,0.274,0.5698587127158555
2026-03-17 06:07:00,3.76,5.0,0.24800000000000005,0.6025641025641025
2026-03-17 06:08:00,3.55,5.0,0.29000000000000004,0.5503875968992248
2026-03-17 06:09:00,3.24,5.0,0.352,0.4792899408284024
2026-03-17 06:10:00,2.78,5.0,0.44400000000000006,0.3850415512465374
2026-03-17 06:11:00,2.64,5.0,0.472,0.3586956521739131
2026-03-17 06:12:00,2.98,5.0,0.404,0.42450142450142453
2026-03-17 06:13:00,3.38,5.0,0.324,0.5105740181268882
2026-03-17 06:14:00,3.93,5.0,0.21399999999999997,0.6474464579901154
2026-03-17 06:15:00,2.83,5.0,0.434,0.394700139470014
2026-03-17 06:16:00,2.78,5.0,0.44400000000000006,0.3850415512465374
2026-03-17 06:17:00,3.01,5.0,0.398,0.4306151645207439
2026-03-17 06:18:00,2.8,5.0,0.44000000000000006,0.38888888888888884
2026-03-17 06:19:00,2.63,5.0,0.47400000000000003,0.3568521031207599
2026-03-17 06:20:00,2.67,5.0,0.466,0.36425648021828105
2026-03-17 06:21:00,3.08,5.0,0.384,0.44508670520231214
2026-03-17 06:22:00,3.37,5.0,0.32599999999999996,0.5082956259426847
2026-03-17 06:23:00,3.5,5.0,0.3,0.5384615384615384
2026-03-17 06:24:00,3.25,5.0,0.35,0.48148148148148145
2026-03-17 06:25:00,2.9,5.0,0.42000000000000004,0.4084507042253521
2026-03-17 06:26:00,2.85,5.0,0.43,0.39860139860139865
2026-03-17 06:27:00,3.12,5.0,0.376,0.4534883720930233
2026-03-17 06:28:00,3.21,5.0,0.358,0.4727540500736377
2026-03-17 06:29:00,3.21,5.0,0.358,0.4727540500736377
2026-03-17 06:30:00,3.14,5.0,0.372,0.4577259475218659
2026-03-17 06:32:00,3.29,5.0,0.34199999999999997,0.4903129657228018
2026-03-17 06:33:00,3.36,5.0,0.328,0.5060240963855421
2026-03-17 06:34:00,3.28,5.0,0.34400000000000003,0.488095238095238
2026-03-17 06:35:00,3.17,5.0,0.366,0.46412884333821375
2026-03-17 06:36:00,3.01,5.0,0.398,0.4306151645207439
2026-03-17 06:37:00,2.94,5.0,0.41200000000000003,0.4164305949008499
2026-03-17 06:38:00,3.05,5.0,0.39,0.4388489208633093
2026-03-17 06:39:00,3.15,5.0,0.37,0.45985401459854014
2026-03-17 06:40:00,3.09,5.0,0.382,0.44717800289435594
2026-03-17 06:41:00,2.97,5.0,0.40599999999999997,0.4224751066856331
2026-03-17 06:42:00,3.02,5.0,0.396,0.4326647564469914
2026-03-17 06:43:00,3.16,5.0,0.368,0.4619883040935673
2026-03-17 06:44:00,3.02,5.0,0.396,0.4326647564469914
2026-03-17 06:45:00,2.89,5.0,0.422,0.4064697609001407
2026-03-17 06:46:00,3.01,5.0,0.398,0.4306151645207439
2026-03-17 06:47:00,2.96,5.0,0.40800000000000003,0.42045454545454547
2026-03-17 06:48:00,2.99,5.0,0.40199999999999997,0.4265335235378032
2026-03-17 06:49:00,3.16,5.0,0.368,0.4619883040935673
2026-03-17 06:50:00,3.07,5.0,0.386,0.44300144300144295
2026-03-17 06:51:00,2.97,5.0,0.40599999999999997,0.4224751066856331
2026-03-17 06:52:00,3.03,5.0,0.394,0.4347202295552367
2026-03-17 06:53:00,2.95,5.0,0.41,0.41843971631205684
2026-03-17 06:54:00,2.97,5.0,0.40599999999999997,0.4224751066856331
2026-03-17 06:55:00,2.93,5.0,0.414,0.4144271570014145
2026-03-17 06:56:00,3.0,5.0,0.4,0.4285714285714286
2026-03-17 06:57:00,3.23,5.0,0.354,0.4771048744460857
2026-03-17 06:58:00,3.39,5.0,0.32199999999999995,0.5128593040847201
2026-03-17 06:59:00,3.39,5.0,0.32199999999999995,0.5128593040847201
2026-03-17 07:00:00,3.29,5.0,0.34199999999999997,0.4903129657228018
2026-03-17 07:01:00,3.26,5.0,0.34800000000000003,0.4836795252225518
2026-03-17 07:02:00,3.4,5.0,0.32,0.515151515151515
2026-03-17 07:03:00,3.4,5.0,0.32,0.515151515151515
2026-03-17 07:04:00,3.37,5.0,0.32599999999999996,0.5082956259426847
2026-03-17 07:05:00,3.39,5.0,0.32199999999999995,0.5128593040847201
2026-03-17 07:06:00,3.25,5.0,0.35,0.48148148148148145
2026-03-17 07:07:00,3.14,5.0,0.372,0.4577259475218659
2026-03-17 07:08:00,3.34,5.0,0.332,0.5015015015015014
2026-03-17 07:09:00,3.23,5.0,0.354,0.4771048744460857
2026-03-17 07:10:00,3.27,5.0,0.346,0.48588410104011887
2026-03-17 07:11:00,3.32,5.0,0.336,0.497005988023952
2026-03-17 07:12:00,3.4,5.0,0.32,0.515151515151515
2026-03-17 07:13:00,3.27,5.0,0.346,0.48588410104011887
2026-03-17 07:14:00,3.15,5.0,0.37,0.45985401459854014
2026-03-17 07:15:00,3.2,5.0,0.36,0.4705882352941177
2026-03-17 07:16:00,3.08,5.0,0.384,0.44508670520231214
2026-03-17 07:17:00,3.21,5.0,0.358,0.4727540500736377
2026-03-17 07:18:00,3.66,5.0,0.26799999999999996,0.5772870662460567
2026-03-17 07:19:00,4.02,5.0,0.1960000000000001,0.6722408026755852
2026-03-17 07:20:00,4.08,5.0,0.184,0.6891891891891893
2026-03-17 07:21:00,3.96,5.0,0.20800000000000002,0.6556291390728477
2026-03-17 07:22:00,3.84,5.0,0.23200000000000004,0.6233766233766234
2026-03-17 07:23:00,3.61,5.0,0.278,0.5649452269170578
2026-03-17 07:24:00,3.74,5.0,0.25199999999999995,0.597444089456869
2026-03-17 07:25:00,3.81,5.0,0.238,0.6155088852988692
2026-03-17 07:26:00,3.73,5.0,0.254,0.594896331738437
2026-03-17 07:27:00,3.61,5.0,0.278,0.5649452269170578
2026-03-17 07:28:00,3.66,5.0,0.26799999999999996,0.5772870662460567
2026-03-17 07:29:00,3.79,5.0,0.242,0.6103059581320451
2026-03-17 07:30:00,3.75,5.0,0.25,0.6
2026-03-17 07:31:00,3.8,5.0,0.24000000000000005,0.6129032258064516
2026-03-17 07:32:00,3.58,5.0,0.284,0.557632398753894
2026-03-17 07:33:00,3.53,5.0,0.29400000000000004,0.5455950540958269
2026-03-17 07:34:00,3.54,5.0,0.292,0.5479876160990712
2026-03-17 07:35:00,3.72,5.0,0.25599999999999995,0.5923566878980892
2026-03-17 07:36:00,3.7,5.0,0.25999999999999995,0.5873015873015873
2026-03-17 07:37:00,3.63,5.0,0.274,0.5698587127158555
2026-03-17 07:38:00,3.7,5.0,0.25999999999999995,0.5873015873015873
2026-03-17 07:39:00,3.76,5.0,0.24800000000000005,0.6025641025641025
2026-03-17 07:40:00,3.73,5.0,0.254,0.594896331738437
2026-03-17 07:41:00,4.07,5.0,0.18599999999999994,0.6863406408094436
2026-03-17 07:42:00,3.86,5.0,0.22800000000000004,0.6286644951140066
2026-03-17 07:43:00,4.01,5.0,0.19800000000000004,0.669449081803005
2026-03-17 07:44:00,3.91,5.0,0.21799999999999997,0.6420361247947455
2026-03-17 07:45:00,4.22,5.0,0.15600000000000006,0.7301038062283736
2026-03-17 07:46:00,4.16,5.0,0.16799999999999998,0.7123287671232877
2026-03-17 07:47:00,4.19,5.0,0.16199999999999992,0.7211703958691912
2026-03-17 07:48:00,4.15,5.0,0.16999999999999993,0.7094017094017095
2026-03-17 07:49:00,4.25,5.0,0.15,0.7391304347826088
2026-03-17 07:50:00,4.33,5.0,0.13399999999999998,0.763668430335097
2026-03-17 07:51:00,4.25,5.0,0.15,0.7391304347826088
2026-03-17 07:52:00,4.22,5.0,0.15600000000000006,0.7301038062283736
2026-03-17 07:53:00,4.19,5.0,0.16199999999999992,0.7211703958691912
2026-03-17 07:54:00,4.06,5.0,0.18800000000000008,0.6835016835016834
2026-03-17 07:55:00,2.94,5.0,0.41200000000000003,0.4164305949008499
2026-03-17 07:56:00,3.77,5.0,0.246,0.6051364365971108
2026-03-17 07:57:00,3.73,5.0,0.254,0.594896331738437
2026-03-17 07:58:00,3.72,5.0,0.25599999999999995,0.5923566878980892
2026-03-17 07:59:00,3.83,5.0,0.23399999999999999,0.6207455429497569
2026-03-17 08:00:00,3.89,5.0,0.22199999999999998,0.6366612111292963
2026-03-17 08:01:00,3.92,5.0,0.21600000000000003,0.6447368421052632
2026-03-17 08:02:00,3.98,5.0,0.20400000000000001,0.6611295681063124
2026-03-17 08:03:00,4.06,5.0,0.18800000000000008,0.6835016835016834
2026-03-17 08:04:00,4.05,5.0,0.19000000000000003,0.680672268907563
2026-03-17 08:05:00,3.92,5.0,0.21600000000000003,0.6447368421052632
2026-03-17 08:06:00,3.84,5.0,0.23200000000000004,0.6233766233766234
2026-03-17 08:07:00,3.97,5.0,0.20599999999999996,0.6583747927031509
2026-03-17 08:08:00,3.82,5.0,0.23600000000000004,0.6181229773462783
2026-03-17 08:09:00,3.21,5.0,0.358,0.4727540500736377
2026-03-17 08:10:00,4.91,5.0,0.01799999999999997,0.9646365422396856
2026-03-17 08:11:00,5.01,5.0,0.0019999999999999575,1.0
2026-03-17 08:12:00,5.0,5.0,0.0,1.0
2026-03-17 08:13:00,4.97,5.0,0.0060000000000000496,0.9880715705765407
2026-03-17 08:14:00,5.08,5.0,0.016000000000000014,1.0
2026-03-17 08:15:00,5.07,5.0,0.014000000000000058,1.0
2026-03-17 08:16:00,5.0,5.0,0.0,1.0
2026-03-17 08:17:00,4.88,5.0,0.02400000000000002,0.953125
2026-03-17 08:18:00,4.8,5.0,0.040000000000000036,0.923076923076923
2026-03-17 08:19:00,4.87,5.0,0.025999999999999978,0.949317738791423
2026-03-17 08:20:00,4.91,5.0,0.01799999999999997,0.9646365422396856
2026-03-17 08:21:00,4.85,5.0,0.030000000000000072,0.9417475728155339
2026-03-17 08:22:00,4.84,5.0,0.03200000000000003,0.937984496124031
2026-03-17 08:23:00,4.59,5.0,0.08200000000000003,0.8484288354898335
2026-03-17 08:24:00,4.64,5.0,0.07200000000000006,0.8656716417910446
2026-03-17 08:25:00,4.66,5.0,0.06799999999999998,0.8726591760299626
2026-03-17 08:26:00,4.67,5.0,0.06600000000000002,0.8761726078799249
2026-03-17 08:27:00,4.64,5.0,0.07200000000000006,0.8656716417910446
2026-03-17 08:28:00,4.57,5.0,0.08599999999999994,0.8416206261510131
2026-03-17 08:29:00,4.57,5.0,0.08599999999999994,0.8416206261510131
2026-03-17 08:30:00,4.52,5.0,0.09600000000000009,0.8248175182481751
2026-03-17 08:31:00,4.49,5.0,0.10199999999999995,0.8148820326678767
2026-03-17 08:32:00,4.58,5.0,0.08399999999999999,0.8450184501845018
2026-03-17 08:33:00,4.39,5.0,0.12200000000000007,0.7825311942959
2026-03-17 08:34:00,4.27,5.0,0.14600000000000007,0.745200698080279
2026-03-17 08:35:00,4.39,5.0,0.12200000000000007,0.7825311942959
2026-03-17 08:36:00,4.45,5.0,0.10999999999999996,0.8018018018018019
2026-03-17 08:37:00,4.4,5.0,0.11999999999999993,0.7857142857142859
2026-03-17 08:38:00,4.04,5.0,0.192,0.6778523489932886
2026-03-17 08:39:00,3.75,5.0,0.25,0.6
2026-03-17 08:40:00,3.7,5.0,0.25999999999999995,0.5873015873015873
2026-03-17 08:41:00,3.9,5.0,0.22000000000000003,0.639344262295082
2026-03-17 08:42:00,3.88,5.0,0.22400000000000003,0.6339869281045752
2026-03-17 08:43:00,3.92,5.0,0.21600000000000003,0.6447368421052632
2026-03-17 08:44:00,3.91,5.0,0.21799999999999997,0.6420361247947455
2026-03-17 08:45:00,3.94,5.0,0.21200000000000002,0.6501650165016503
2026-03-17 08:46:00,3.96,5.0,0.20800000000000002,0.6556291390728477
2026-03-17 08:47:00,4.07,5.0,0.18599999999999994,0.6863406408094436
2026-03-17 08:48:00,4.14,5.0,0.17200000000000007,0.7064846416382251
2026-03-17 08:49:00,4.03,5.0,0.19399999999999995,0.6750418760469012
2026-03-17 08:50:00,4.14,5.0,0.17200000000000007,0.7064846416382251
2026-03-17 08:51:00,4.14,5.0,0.17200000000000007,0.7064846416382251
2026-03-17 08:52:00,4.09,5.0,0.18200000000000002,0.6920473773265652
2026-03-17 08:53:00,4.04,5.0,0.192,0.6778523489932886
2026-03-17 08:54:00,4.08,5.0,0.184,0.6891891891891893
2026-03-17 08:55:00,4.22,5.0,0.15600000000000006,0.7301038062283736
2026-03-17 08:56:00,4.18,5.0,0.16400000000000006,0.7182130584192439
2026-03-17 08:57:00,3.94,5.0,0.21200000000000002,0.6501650165016503
2026-03-17 08:58:00,4.08,5.0,0.184,0.6891891891891893
2026-03-17 08:59:00,4.15,5.0,0.16999999999999993,0.7094017094017095
2026-03-17 09:00:00,4.12,5.0,0.176,0.7006802721088436
2026-03-17 09:01:00,4.21,5.0,0.158,0.7271157167530224
2026-03-17 09:02:00,4.22,5.0,0.15600000000000006,0.7301038062283736
2026-03-17 09:03:00,4.25,5.0,0.15,0.7391304347826088
2026-03-17 09:04:00,4.34,5.0,0.13200000000000003,0.7667844522968197
2026-03-17 09:05:00,4.48,5.0,0.10399999999999991,0.8115942028985509
2026-03-17 09:06:00,4.55,5.0,0.09000000000000004,0.8348623853211008
2026-03-17 09:07:00,4.39,5.0,0.12200000000000007,0.7825311942959
2026-03-17 09:08:00,4.19,5.0,0.16199999999999992,0.7211703958691912
2026-03-17 09:10:00,4.51,5.0,0.09800000000000005,0.8214936247723131
2026-03-17 09:11:00,4.48,5.0,0.10399999999999991,0.8115942028985509
2026-03-17 09:12:00,4.44,5.0,0.11199999999999992,0.7985611510791369
2026-03-17 09:13:00,4.24,5.0,0.15199999999999997,0.7361111111111113
2026-03-17 09:14:00,4.22,5.0,0.15600000000000006,0.7301038062283736
2026-03-17 09:15:00,4.23,5.0,0.15399999999999991,0.7331022530329291
2026-03-17 09:16:00,4.19,5.0,0.16199999999999992,0.7211703958691912
2026-03-17 09:17:00,4.27,5.0,0.14600000000000007,0.745200698080279
2026-03-17 09:18:00,4.52,5.0,0.09600000000000009,0.8248175182481751
2026-03-17 09:19:00,4.38,5.0,0.12400000000000003,0.7793594306049821
2026-03-17 09:20:00,4.34,5.0,0.13200000000000003,0.7667844522968197
2026-03-17 09:21:00,3.76,5.0,0.24800000000000005,0.6025641025641025
2026-03-17 09:22:00,3.63,5.0,0.274,0.5698587127158555
2026-03-17 09:23:00,3.72,5.0,0.25599999999999995,0.5923566878980892
2026-03-17 09:24:00,3.5,5.0,0.3,0.5384615384615384
2026-03-17 09:25:00,3.41,5.0,0.31799999999999995,0.5174506828528073
2026-03-17 09:26:00,3.39,5.0,0.32199999999999995,0.5128593040847201
2026-03-17 09:27:00,3.52,5.0,0.296,0.5432098765432098
2026-03-17 09:28:00,3.85,5.0,0.22999999999999998,0.6260162601626017
2026-03-17 09:29:00,3.87,5.0,0.22599999999999998,0.6313213703099511
2026-03-17 09:30:00,3.76,5.0,0.24800000000000005,0.6025641025641025
2026-03-17 09:31:00,3.34,5.0,0.332,0.5015015015015014
2026-03-17 09:34:00,3.45,5.0,0.30999999999999994,0.5267175572519084
2026-03-17 09:35:00,3.67,5.0,0.266,0.5797788309636651
2026-03-17 09:36:00,3.85,5.0,0.22999999999999998,0.6260162601626017
2026-03-17 09:37:00,3.81,5.0,0.238,0.6155088852988692
2026-03-17 09:38:00,3.72,5.0,0.25599999999999995,0.5923566878980892
2026-03-17 09:39:00,3.87,5.0,0.22599999999999998,0.6313213703099511
2026-03-17 09:40:00,3.97,5.0,0.20599999999999996,0.6583747927031509
2026-03-17 09:41:00,3.94,5.0,0.21200000000000002,0.6501650165016503
2026-03-17 09:42:00,4.15,5.0,0.16999999999999993,0.7094017094017095
2026-03-17 09:43:00,4.13,5.0,0.17400000000000002,0.7035775127768313
2026-03-17 09:44:00,4.19,5.0,0.16199999999999992,0.7211703958691912
2026-03-17 09:45:00,4.08,5.0,0.184,0.6891891891891893
2026-03-17 09:46:00,4.18,5.0,0.16400000000000006,0.7182130584192439
2026-03-17 09:47:00,4.2,5.0,0.15999999999999998,0.7241379310344829
2026-03-17 09:48:00,4.15,5.0,0.16999999999999993,0.7094017094017095
2026-03-17 09:49:00,3.53,5.0,0.29400000000000004,0.5455950540958269
2026-03-17 09:50:00,2.81,5.0,0.438,0.3908205841446454
2026-03-17 09:51:00,2.91,5.0,0.418,0.4104372355430184
2026-03-17 09:52:00,3.43,5.0,0.31399999999999995,0.5220700152207002
2026-03-17 09:53:00,3.39,5.0,0.32199999999999995,0.5128593040847201
2026-03-17 09:54:00,3.3,5.0,0.34,0.49253731343283574
2026-03-17 09:55:00,3.59,5.0,0.28200000000000003,0.5600624024960998
2026-03-17 09:56:00,3.68,5.0,0.26399999999999996,0.5822784810126582
2026-03-17 09:57:00,3.55,5.0,0.29000000000000004,0.5503875968992248
2026-03-17 09:58:00,3.66,5.0,0.26799999999999996,0.5772870662460567
2026-03-17 10:02:00,3.62,5.0,0.27599999999999997,0.567398119122257
2026-03-17 10:03:00,3.69,5.0,0.262,0.5847860538827259
2026-03-17 10:04:00,3.86,5.0,0.22800000000000004,0.6286644951140066
2026-03-17 10:05:00,3.87,5.0,0.22599999999999998,0.6313213703099511
2026-03-17 10:06:00,3.91,5.0,0.21799999999999997,0.6420361247947455
2026-03-17 10:07:00,3.9,5.0,0.22000000000000003,0.639344262295082
2026-03-17 10:08:00,3.9,5.0,0.22000000000000003,0.639344262295082
2026-03-17 10:09:00,3.94,5.0,0.21200000000000002,0.6501650165016503
2026-03-17 10:10:00,3.94,5.0,0.21200000000000002,0.6501650165016503
2026-03-17 10:11:00,3.92,5.0,0.21600000000000003,0.6447368421052632
2026-03-17 10:12:00,3.86,5.0,0.22800000000000004,0.6286644951140066
2026-03-17 10:13:00,3.81,5.0,0.238,0.6155088852988692
2026-03-17 10:14:00,3.8,5.0,0.24000000000000005,0.6129032258064516
2026-03-17 10:15:00,3.96,5.0,0.20800000000000002,0.6556291390728477
2026-03-17 10:16:00,4.31,5.0,0.13800000000000007,0.7574692442882248
2026-03-17 10:17:00,4.32,5.0,0.13599999999999995,0.7605633802816903
2026-03-17 10:18:00,4.3,5.0,0.14000000000000004,0.7543859649122806
2026-03-17 10:19:00,4.2,5.0,0.15999999999999998,0.7241379310344829
2026-03-17 10:20:00,3.83,5.0,0.23399999999999999,0.6207455429497569
2026-03-17 10:21:00,3.82,5.0,0.23600000000000004,0.6181229773462783
2026-03-17 10:22:00,3.83,5.0,0.23399999999999999,0.6207455429497569
2026-03-17 10:23:00,3.8,5.0,0.24000000000000005,0.6129032258064516
2026-03-17 10:24:00,3.23,5.0,0.354,0.4771048744460857
2026-03-17 10:25:00,3.81,5.0,0.238,0.6155088852988692
2026-03-17 10:26:00,3.81,5.0,0.238,0.6155088852988692
2026-03-17 10:27:00,3.81,5.0,0.238,0.6155088852988692
2026-03-17 10:28:00,3.8,5.0,0.24000000000000005,0.6129032258064516
2026-03-17 10:29:00,3.82,5.0,0.23600000000000004,0.6181229773462783
2026-03-17 10:30:00,3.81,5.0,0.238,0.6155088852988692
2026-03-17 10:33:00,2.73,5.0,0.454,0.375515818431912
2026-03-17 10:34:00,4.68,5.0,0.06400000000000006,0.8796992481203006
2026-03-17 10:35:00,4.53,5.0,0.09399999999999994,0.8281535648994517
2026-03-17 10:36:00,4.51,5.0,0.09800000000000005,0.8214936247723131
2026-03-17 10:37:00,4.63,5.0,0.07400000000000002,0.8621973929236498
2026-03-17 10:38:00,4.69,5.0,0.06199999999999992,0.8832391713747648
2026-03-17 10:39:00,4.73,5.0,0.053999999999999916,0.8975332068311197
2026-03-17 10:40:00,4.73,5.0,0.053999999999999916,0.8975332068311197
2026-03-17 10:41:00,4.85,5.0,0.030000000000000072,0.9417475728155339
2026-03-17 10:42:00,4.89,5.0,0.022000000000000065,0.9569471624266145
2026-03-17 10:43:00,4.92,5.0,0.016000000000000014,0.968503937007874
2026-03-17 10:44:00,5.01,5.0,0.0019999999999999575,1.0
2026-03-17 10:45:00,4.83,5.0,0.03399999999999999,0.9342359767891683
2026-03-17 10:47:00,4.72,5.0,0.05600000000000005,0.8939393939393938
2026-03-17 10:48:00,4.78,5.0,0.04399999999999995,0.9157088122605365
2026-03-17 10:49:00,4.77,5.0,0.04600000000000008,0.9120458891013383
2026-03-17 10:50:00,4.88,5.0,0.02400000000000002,0.953125
2026-03-17 10:51:00,4.88,5.0,0.02400000000000002,0.953125
2026-03-17 10:52:00,4.99,5.0,0.0019999999999999575,0.9960079840319361
2026-03-17 10:53:00,4.92,5.0,0.016000000000000014,0.968503937007874
2026-03-17 10:54:00,4.94,5.0,0.011999999999999922,0.9762845849802373
2026-03-17 10:55:00,4.94,5.0,0.011999999999999922,0.9762845849802373
2026-03-17 10:56:00,4.98,5.0,0.003999999999999915,0.9920318725099603
2026-03-17 10:57:00,5.03,5.0,0.0060000000000000496,1.0
2026-03-17 10:58:00,5.06,5.0,0.011999999999999922,1.0
2026-03-17 10:59:00,5.06,5.0,0.011999999999999922,1.0
2026-03-17 11:00:00,4.96,5.0,0.008000000000000007,0.9841269841269841
2026-03-17 11:01:00,5.08,5.0,0.016000000000000014,1.0
2026-03-17 11:02:00,5.11,5.0,0.022000000000000065,1.0
2026-03-17 11:03:00,5.01,5.0,0.0019999999999999575,1.0
2026-03-17 11:04:00,4.9,5.0,0.019999999999999928,0.9607843137254902
2026-03-17 11:05:00,4.87,5.0,0.025999999999999978,0.949317738791423
2026-03-17 11:06:00,4.82,5.0,0.03599999999999994,0.9305019305019305
2026-03-17 11:07:00,4.69,5.0,0.06199999999999992,0.8832391713747648
2026-03-17 11:08:00,4.62,5.0,0.07599999999999998,0.8587360594795539
2026-03-17 11:09:00,4.71,5.0,0.05800000000000001,0.8903591682419659
2026-03-17 11:10:00,4.95,5.0,0.009999999999999964,0.9801980198019802
2026-03-17 11:11:00,4.88,5.0,0.02400000000000002,0.953125
2026-03-17 11:12:00,4.9,5.0,0.019999999999999928,0.9607843137254902
2026-03-17 11:13:00,4.85,5.0,0.030000000000000072,0.9417475728155339
2026-03-17 11:14:00,4.86,5.0,0.027999999999999935,0.9455252918287939
2026-03-17 11:15:00,4.9,5.0,0.019999999999999928,0.9607843137254902
2026-03-17 11:16:00,4.87,5.0,0.025999999999999978,0.949317738791423
2026-03-17 11:17:00,4.81,5.0,0.038000000000000075,0.9267822736030827
2026-03-17 11:18:00,4.67,5.0,0.06600000000000002,0.8761726078799249
2026-03-17 11:21:00,3.55,5.0,0.29000000000000004,0.5503875968992248
2026-03-17 11:22:00,3.83,5.0,0.23399999999999999,0.6207455429497569
2026-03-17 11:23:00,3.77,5.0,0.246,0.6051364365971108
2026-03-17 11:24:00,3.61,5.0,0.278,0.5649452269170578
2026-03-17 11:25:00,3.63,5.0,0.274,0.5698587127158555
2026-03-17 11:26:00,3.62,5.0,0.27599999999999997,0.567398119122257
2026-03-17 11:27:00,3.61,5.0,0.278,0.5649452269170578
2026-03-17 11:28:00,3.55,5.0,0.29000000000000004,0.5503875968992248
2026-03-17 11:29:00,3.6,5.0,0.27999999999999997,0.5625
2026-03-17 11:30:00,3.63,5.0,0.274,0.5698587127158555
2026-03-17 11:31:00,4.45,5.0,0.10999999999999996,0.8018018018018019
2026-03-17 11:32:00,3.55,5.0,0.29000000000000004,0.5503875968992248
2026-03-17 11:33:00,3.58,5.0,0.284,0.557632398753894
2026-03-17 11:34:00,3.58,5.0,0.284,0.557632398753894
2026-03-17 11:35:00,3.56,5.0,0.288,0.5527950310559006
2026-03-17 11:36:00,3.78,5.0,0.24400000000000005,0.6077170418006431
2026-03-17 11:37:00,3.83,5.0,0.23399999999999999,0.6207455429497569
2026-03-17 11:38:00,4.02,5.0,0.1960000000000001,0.6722408026755852
2026-03-17 11:39:00,4.03,5.0,0.19399999999999995,0.6750418760469012
2026-03-17 11:40:00,3.78,5.0,0.24400000000000005,0.6077170418006431
2026-03-17 11:41:00,3.8,5.0,0.24000000000000005,0.6129032258064516
2026-03-17 11:42:00,3.89,5.0,0.22199999999999998,0.6366612111292963
2026-03-17 11:43:00,4.01,5.0,0.19800000000000004,0.669449081803005
2026-03-17 11:44:00,3.81,5.0,0.238,0.6155088852988692
2026-03-17 11:45:00,3.93,5.0,0.21399999999999997,0.6474464579901154
2026-03-17 11:46:00,4.07,5.0,0.18599999999999994,0.6863406408094436
2026-03-17 11:47:00,4.08,5.0,0.184,0.6891891891891893
2026-03-17 11:48:00,3.99,5.0,0.20199999999999996,0.6638935108153079
2026-03-17 11:49:00,4.18,5.0,0.16400000000000006,0.7182130584192439
2026-03-17 11:50:00,4.17,5.0,0.166,0.7152658662092625
2026-03-17 11:51:00,3.89,5.0,0.22199999999999998,0.6366612111292963
2026-03-17 11:54:00,3.89,5.0,0.22199999999999998,0.6366612111292963
2026-03-17 11:55:00,3.74,5.0,0.25199999999999995,0.597444089456869
2026-03-17 11:56:00,3.71,5.0,0.258,0.589825119236884
2026-03-17 11:57:00,3.78,5.0,0.24400000000000005,0.6077170418006431
2026-03-17 11:58:00,3.7,5.0,0.25999999999999995,0.5873015873015873
2026-03-17 11:59:00,3.73,5.0,0.254,0.594896331738437
2026-03-17 12:00:00,3.84,5.0,0.23200000000000004,0.6233766233766234
2026-03-17 12:03:00,3.61,5.0,0.278,0.5649452269170578
2026-03-17 12:04:00,3.52,5.0,0.296,0.5432098765432098
2026-03-17 12:05:00,3.64,5.0,0.27199999999999996,0.5723270440251572
2026-03-17 12:06:00,3.6,5.0,0.27999999999999997,0.5625
2026-03-17 12:07:00,3.57,5.0,0.28600000000000003,0.5552099533437014
2026-03-17 12:08:00,3.54,5.0,0.292,0.5479876160990712
2026-03-17 12:09:00,3.48,5.0,0.304,0.5337423312883435
2026-03-17 12:10:00,3.3,5.0,0.34,0.49253731343283574
2026-03-17 12:11:00,2.85,5.0,0.43,0.39860139860139865
2026-03-17 12:12:00,2.64,5.0,0.472,0.3586956521739131
2026-03-17 12:13:00,2.71,5.0,0.458,0.37174211248285327
2026-03-17 12:14:00,3.39,5.0,0.32199999999999995,0.5128593040847201
2026-03-17 12:15:00,4.35,5.0,0.13000000000000006,0.7699115044247786
2026-03-17 12:16:00,4.04,5.0,0.192,0.6778523489932886
2026-03-17 12:17:00,4.0,5.0,0.2,0.6666666666666667
2026-03-17 12:18:00,4.13,5.0,0.17400000000000002,0.7035775127768313
2026-03-17 12:19:00,4.36,5.0,0.12799999999999995,0.773049645390071
2026-03-17 12:20:00,4.5,5.0,0.1,0.8181818181818181
2026-03-17 12:21:00,4.56,5.0,0.08800000000000008,0.838235294117647
2026-03-17 12:22:00,4.64,5.0,0.07200000000000006,0.8656716417910446
2026-03-17 12:23:00,4.67,5.0,0.06600000000000002,0.8761726078799249
2026-03-17 12:24:00,4.7,5.0,0.05999999999999996,0.8867924528301887
2026-03-17 12:27:00,4.67,5.0,0.06600000000000002,0.8761726078799249
2026-03-17 12:28:00,4.65,5.0,0.06999999999999992,0.8691588785046731
2026-03-17 12:29:00,4.68,5.0,0.06400000000000006,0.8796992481203006
2026-03-17 12:30:00,4.72,5.0,0.05600000000000005,0.8939393939393938
2026-03-17 12:31:00,4.72,5.0,0.05600000000000005,0.8939393939393938
2026-03-17 12:33:00,4.72,5.0,0.05600000000000005,0.8939393939393938
2026-03-17 12:34:00,4.75,5.0,0.05,0.9047619047619047
2026-03-17 12:35:00,4.74,5.0,0.051999999999999956,0.9011406844106464
2026-03-17 12:36:00,4.73,5.0,0.053999999999999916,0.8975332068311197
2026-03-17 12:37:00,4.75,5.0,0.05,0.9047619047619047
2026-03-17 12:38:00,4.7,5.0,0.05999999999999996,0.8867924528301887
2026-03-17 12:39:00,4.75,5.0,0.05,0.9047619047619047
2026-03-17 12:40:00,4.76,5.0,0.04800000000000004,0.9083969465648855
2026-03-17 12:41:00,4.72,5.0,0.05600000000000005,0.8939393939393938
2026-03-17 12:42:00,4.72,5.0,0.05600000000000005,0.8939393939393938
2026-03-17 12:43:00,4.75,5.0,0.05,0.9047619047619047
2026-03-17 12:44:00,4.75,5.0,0.05,0.9047619047619047
2026-03-17 12:45:00,4.77,5.0,0.04600000000000008,0.9120458891013383
2026-03-17 12:46:00,4.81,5.0,0.038000000000000075,0.9267822736030827
2026-03-17 12:47:00,4.78,5.0,0.04399999999999995,0.9157088122605365
2026-03-17 12:48:00,4.74,5.0,0.051999999999999956,0.9011406844106464
2026-03-17 12:49:00,4.74,5.0,0.051999999999999956,0.9011406844106464
2026-03-17 12:50:00,4.79,5.0,0.041999999999999996,0.9193857965451055
2026-03-17 12:51:00,4.73,5.0,0.053999999999999916,0.8975332068311197
2026-03-17 12:52:00,4.62,5.0,0.07599999999999998,0.8587360594795539
2026-03-17 12:53:00,4.66,5.0,0.06799999999999998,0.8726591760299626
2026-03-17 12:54:00,4.69,5.0,0.06199999999999992,0.8832391713747648
2026-03-17 12:55:00,4.67,5.0,0.06600000000000002,0.8761726078799249
2026-03-17 12:56:00,4.55,5.0,0.09000000000000004,0.8348623853211008
2026-03-17 12:57:00,4.29,5.0,0.142,0.7513134851138354
2026-03-17 13:00:00,3.39,5.0,0.32199999999999995,0.5128593040847201
2026-03-17 13:01:00,3.99,5.0,0.20199999999999996,0.6638935108153079
2026-03-17 13:02:00,3.94,5.0,0.21200000000000002,0.6501650165016503
2026-03-17 13:03:00,3.82,5.0,0.23600000000000004,0.6181229773462783
2026-03-17 13:04:00,3.87,5.0,0.22599999999999998,0.6313213703099511
2026-03-17 13:05:00,3.94,5.0,0.21200000000000002,0.6501650165016503
2026-03-17 13:06:00,4.05,5.0,0.19000000000000003,0.680672268907563
2026-03-17 13:07:00,3.88,5.0,0.22400000000000003,0.6339869281045752
2026-03-17 13:08:00,4.02,5.0,0.1960000000000001,0.6722408026755852
2026-03-17 13:09:00,4.1,5.0,0.18000000000000008,0.694915254237288
2026-03-17 13:10:00,4.11,5.0,0.17799999999999994,0.6977928692699492
2026-03-17 13:11:00,4.19,5.0,0.16199999999999992,0.7211703958691912
2026-03-17 13:12:00,4.15,5.0,0.16999999999999993,0.7094017094017095
2026-03-17 13:13:00,3.87,5.0,0.22599999999999998,0.6313213703099511
2026-03-17 13:14:00,4.21,5.0,0.158,0.7271157167530224
2026-03-17 13:15:00,4.18,5.0,0.16400000000000006,0.7182130584192439
2026-03-17 13:16:00,4.22,5.0,0.15600000000000006,0.7301038062283736
2026-03-17 13:17:00,4.33,5.0,0.13399999999999998,0.763668430335097
2026-03-17 13:18:00,4.5,5.0,0.1,0.8181818181818181
2026-03-17 13:20:00,4.47,5.0,0.10600000000000005,0.8083182640144664
2026-03-17 13:21:00,4.56,5.0,0.08800000000000008,0.838235294117647
2026-03-17 13:22:00,4.57,5.0,0.08599999999999994,0.8416206261510131
2026-03-17 13:23:00,4.46,5.0,0.10800000000000001,0.8050541516245486
2026-03-17 13:24:00,4.44,5.0,0.11199999999999992,0.7985611510791369
2026-03-17 13:25:00,4.45,5.0,0.10999999999999996,0.8018018018018019
2026-03-17 13:26:00,4.4,5.0,0.11999999999999993,0.7857142857142859
2026-03-17 13:27:00,4.46,5.0,0.10800000000000001,0.8050541516245486
2026-03-17 13:28:00,4.42,5.0,0.11600000000000002,0.7921146953405017
2026-03-17 13:29:00,4.35,5.0,0.13000000000000006,0.7699115044247786
2026-03-17 13:30:00,4.34,5.0,0.13200000000000003,0.7667844522968197
2026-03-17 13:33:00,4.17,5.0,0.166,0.7152658662092625
2026-03-17 13:34:00,4.21,5.0,0.158,0.7271157167530224
2026-03-17 13:35:00,4.3,5.0,0.14000000000000004,0.7543859649122806
2026-03-17 13:36:00,4.27,5.0,0.14600000000000007,0.745200698080279
2026-03-17 13:37:00,4.39,5.0,0.12200000000000007,0.7825311942959
2026-03-17 13:38:00,4.41,5.0,0.11799999999999997,0.7889087656529518
2026-03-17 13:39:00,4.46,5.0,0.10800000000000001,0.8050541516245486
2026-03-17 13:40:00,4.42,5.0,0.11600000000000002,0.7921146953405017
2026-03-17 13:41:00,4.56,5.0,0.08800000000000008,0.838235294117647
2026-03-17 13:42:00,4.69,5.0,0.06199999999999992,0.8832391713747648
2026-03-17 13:43:00,4.58,5.0,0.08399999999999999,0.8450184501845018
2026-03-17 13:44:00,4.56,5.0,0.08800000000000008,0.838235294117647
2026-03-17 13:45:00,4.59,5.0,0.08200000000000003,0.8484288354898335
2026-03-17 13:46:00,4.49,5.0,0.10199999999999995,0.8148820326678767
2026-03-17 13:47:00,4.21,5.0,0.158,0.7271157167530224
2026-03-17 13:48:00,4.33,5.0,0.13399999999999998,0.763668430335097
2026-03-17 13:49:00,4.31,5.0,0.13800000000000007,0.7574692442882248
2026-03-17 13:50:00,4.83,5.0,0.03399999999999999,0.9342359767891683
2026-03-17 13:51:00,4.39,5.0,0.12200000000000007,0.7825311942959
2026-03-17 13:52:00,4.25,5.0,0.15,0.7391304347826088
2026-03-17 13:53:00,4.26,5.0,0.14800000000000005,0.7421602787456445
2026-03-17 13:54:00,4.33,5.0,0.13399999999999998,0.763668430335097
2026-03-17 13:55:00,4.34,5.0,0.13200000000000003,0.7667844522968197
2026-03-17 13:56:00,4.29,5.0,0.142,0.7513134851138354
2026-03-17 13:57:00,4.4,5.0,0.11999999999999993,0.7857142857142859
2026-03-17 13:58:00,4.32,5.0,0.13599999999999995,0.7605633802816903
2026-03-17 13:59:00,4.3,5.0,0.14000000000000004,0.7543859649122806
2026-03-17 14:00:00,4.24,5.0,0.15199999999999997,0.7361111111111113
2026-03-17 14:01:00,4.17,5.0,0.166,0.7152658662092625
2026-03-17 14:02:00,4.01,5.0,0.19800000000000004,0.669449081803005
2026-03-17 14:03:00,4.49,5.0,0.10199999999999995,0.8148820326678767
2026-03-17 14:04:00,4.58,5.0,0.08399999999999999,0.8450184501845018
2026-03-17 14:05:00,4.55,5.0,0.09000000000000004,0.8348623853211008
2026-03-17 14:06:00,4.5,5.0,0.1,0.8181818181818181
2026-03-17 14:07:00,4.49,5.0,0.10199999999999995,0.8148820326678767
2026-03-17 14:08:00,4.4,5.0,0.11999999999999993,0.7857142857142859
2026-03-17 14:09:00,4.38,5.0,0.12400000000000003,0.7793594306049821
2026-03-17 14:10:00,4.45,5.0,0.10999999999999996,0.8018018018018019
2026-03-17 14:11:00,4.43,5.0,0.11400000000000006,0.7953321364452423
2026-03-17 14:12:00,4.41,5.0,0.11799999999999997,0.7889087656529518
2026-03-17 14:13:00,4.44,5.0,0.11199999999999992,0.7985611510791369
2026-03-17 14:14:00,4.48,5.0,0.10399999999999991,0.8115942028985509
2026-03-17 14:15:00,4.47,5.0,0.10600000000000005,0.8083182640144664
2026-03-17 14:16:00,4.47,5.0,0.10600000000000005,0.8083182640144664
2026-03-17 14:17:00,4.47,5.0,0.10600000000000005,0.8083182640144664
2026-03-17 14:18:00,4.43,5.0,0.11400000000000006,0.7953321364452423
2026-03-17 14:19:00,4.3,5.0,0.14000000000000004,0.7543859649122806
2026-03-17 14:20:00,4.39,5.0,0.12200000000000007,0.7825311942959
2026-03-17 14:21:00,4.4,5.0,0.11999999999999993,0.7857142857142859
2026-03-17 14:22:00,4.26,5.0,0.14800000000000005,0.7421602787456445
2026-03-17 14:23:00,4.24,5.0,0.15199999999999997,0.7361111111111113
2026-03-17 14:24:00,4.25,5.0,0.15,0.7391304347826088
2026-03-17 14:25:00,4.23,5.0,0.15399999999999991,0.7331022530329291
2026-03-17 14:26:00,4.41,5.0,0.11799999999999997,0.7889087656529518
2026-03-17 14:27:00,4.52,5.0,0.09600000000000009,0.8248175182481751
2026-03-17 14:28:00,4.26,5.0,0.14800000000000005,0.7421602787456445
2026-03-17 14:29:00,4.18,5.0,0.16400000000000006,0.7182130584192439
2026-03-17 14:30:00,4.21,5.0,0.158,0.7271157167530224
2026-03-17 14:31:00,4.22,5.0,0.15600000000000006,0.7301038062283736
2026-03-17 14:32:00,4.2,5.0,0.15999999999999998,0.7241379310344829
2026-03-17 14:33:00,4.23,5.0,0.15399999999999991,0.7331022530329291
2026-03-17 14:34:00,4.25,5.0,0.15,0.7391304347826088
2026-03-17 14:35:00,4.2,5.0,0.15999999999999998,0.7241379310344829
2026-03-17 14:36:00,4.15,5.0,0.16999999999999993,0.7094017094017095
2026-03-17 14:37:00,4.09,5.0,0.18200000000000002,0.6920473773265652
2026-03-17 14:38:00,4.09,5.0,0.18200000000000002,0.6920473773265652
2026-03-17 14:41:00,4.09,5.0,0.18200000000000002,0.6920473773265652
2026-03-17 14:42:00,4.06,5.0,0.18800000000000008,0.6835016835016834
2026-03-17 14:43:00,3.99,5.0,0.20199999999999996,0.6638935108153079
2026-03-17 14:44:00,3.92,5.0,0.21600000000000003,0.6447368421052632
2026-03-17 14:45:00,3.94,5.0,0.21200000000000002,0.6501650165016503
2026-03-17 14:46:00,3.88,5.0,0.22400000000000003,0.6339869281045752
2026-03-17 14:47:00,3.73,5.0,0.254,0.594896331738437
2026-03-17 14:48:00,3.7,5.0,0.25999999999999995,0.5873015873015873
2026-03-17 14:49:00,3.74,5.0,0.25199999999999995,0.597444089456869
2026-03-17 14:50:00,3.66,5.0,0.26799999999999996,0.5772870662460567
2026-03-17 14:51:00,3.62,5.0,0.27599999999999997,0.567398119122257
2026-03-17 14:52:00,3.61,5.0,0.278,0.5649452269170578
2026-03-17 14:53:00,3.81,5.0,0.238,0.6155088852988692
2026-03-17 14:54:00,3.58,5.0,0.284,0.557632398753894
2026-03-17 14:55:00,3.5,5.0,0.3,0.5384615384615384
2026-03-17 14:56:00,3.37,5.0,0.32599999999999996,0.5082956259426847
2026-03-17 14:57:00,3.24,5.0,0.352,0.4792899408284024
2026-03-17 14:58:00,3.12,5.0,0.376,0.4534883720930233
2026-03-17 14:59:00,3.23,5.0,0.354,0.4771048744460857
2026-03-17 15:00:00,3.08,5.0,0.384,0.44508670520231214
2026-03-17 15:01:00,3.69,5.0,0.262,0.5847860538827259
2026-03-17 15:03:00,3.42,5.0,0.316,0.519756838905775
2026-03-17 15:04:00,3.39,5.0,0.32199999999999995,0.5128593040847201
2026-03-17 15:05:00,2.76,5.0,0.44800000000000006,0.38121546961325964
2026-03-17 15:06:00,2.43,5.0,0.514,0.32100396301188905
2026-03-17 15:07:00,2.32,5.0,0.536,0.3020833333333333
2026-03-17 15:08:00,2.73,5.0,0.454,0.375515818431912
2026-03-17 15:09:00,2.57,5.0,0.48600000000000004,0.34589502018842533
2026-03-17 15:10:00,3.59,5.0,0.28200000000000003,0.5600624024960998
2026-03-17 15:11:00,3.76,5.0,0.24800000000000005,0.6025641025641025
2026-03-17 15:14:00,3.69,5.0,0.262,0.5847860538827259
2026-03-17 15:15:00,3.77,5.0,0.246,0.6051364365971108
2026-03-17 15:16:00,3.68,5.0,0.26399999999999996,0.5822784810126582
2026-03-17 15:17:00,3.54,5.0,0.292,0.5479876160990712
2026-03-17 15:18:00,3.52,5.0,0.296,0.5432098765432098
2026-03-17 15:19:00,3.66,5.0,0.26799999999999996,0.5772870662460567
2026-03-17 15:21:00,3.83,5.0,0.23399999999999999,0.6207455429497569
2026-03-17 15:22:00,3.71,5.0,0.258,0.589825119236884
2026-03-17 15:23:00,3.8,5.0,0.24000000000000005,0.6129032258064516
2026-03-17 15:24:00,3.82,5.0,0.23600000000000004,0.6181229773462783
2026-03-17 15:25:00,3.89,5.0,0.22199999999999998,0.6366612111292963
2026-03-17 15:26:00,4.04,5.0,0.192,0.6778523489932886
2026-03-17 15:27:00,4.06,5.0,0.18800000000000008,0.6835016835016834
2026-03-17 15:28:00,4.13,5.0,0.17400000000000002,0.7035775127768313
2026-03-17 15:29:00,4.05,5.0,0.19000000000000003,0.680672268907563
2026-03-17 15:30:00,4.11,5.0,0.17799999999999994,0.6977928692699492
2026-03-17 15:31:00,4.15,5.0,0.16999999999999993,0.7094017094017095
2026-03-17 15:32:00,4.18,5.0,0.16400000000000006,0.7182130584192439
2026-03-17 15:33:00,4.24,5.0,0.15199999999999997,0.7361111111111113
2026-03-17 15:34:00,4.16,5.0,0.16799999999999998,0.7123287671232877
2026-03-17 15:35:00,4.03,5.0,0.19399999999999995,0.6750418760469012
2026-03-17 15:36:00,3.78,5.0,0.24400000000000005,0.6077170418006431
2026-03-17 15:37:00,4.0,5.0,0.2,0.6666666666666667
2026-03-17 15:38:00,3.96,5.0,0.20800000000000002,0.6556291390728477
2026-03-17 15:39:00,3.97,5.0,0.20599999999999996,0.6583747927031509
2026-03-17 15:40:00,4.05,5.0,0.19000000000000003,0.680672268907563
2026-03-17 15:41:00,4.08,5.0,0.184,0.6891891891891893
2026-03-17 15:42:00,4.09,5.0,0.18200000000000002,0.6920473773265652
2026-03-17 15:43:00,4.03,5.0,0.19399999999999995,0.6750418760469012
2026-03-17 15:44:00,4.02,5.0,0.1960000000000001,0.6722408026755852
2026-03-17 15:45:00,4.11,5.0,0.17799999999999994,0.6977928692699492
2026-03-17 15:46:00,4.19,5.0,0.16199999999999992,0.7211703958691912
2026-03-17 15:47:00,4.29,5.0,0.142,0.7513134851138354
2026-03-17 15:48:00,4.25,5.0,0.15,0.7391304347826088
2026-03-17 15:49:00,4.18,5.0,0.16400000000000006,0.7182130584192439
2026-03-17 15:50:00,4.27,5.0,0.14600000000000007,0.745200698080279
2026-03-17 15:51:00,4.36,5.0,0.12799999999999995,0.773049645390071
2026-03-17 15:52:00,4.39,5.0,0.12200000000000007,0.7825311942959
2026-03-17 15:53:00,4.49,5.0,0.10199999999999995,0.8148820326678767
2026-03-17 15:54:00,4.44,5.0,0.11199999999999992,0.7985611510791369
2026-03-17 15:55:00,4.46,5.0,0.10800000000000001,0.8050541516245486
2026-03-17 15:56:00,4.49,5.0,0.10199999999999995,0.8148820326678767
2026-03-17 15:57:00,4.39,5.0,0.12200000000000007,0.7825311942959
2026-03-17 15:58:00,4.29,5.0,0.142,0.7513134851138354
2026-03-17 15:59:00,3.97,5.0,0.20599999999999996,0.6583747927031509
2026-03-17 16:00:00,4.25,5.0,0.15,0.7391304347826088
2026-03-17 16:01:00,4.26,5.0,0.14800000000000005,0.7421602787456445
2026-03-17 16:02:00,4.25,5.0,0.15,0.7391304347826088
2026-03-17 16:03:00,4.32,5.0,0.13599999999999995,0.7605633802816903
2026-03-17 16:04:00,4.35,5.0,0.13000000000000006,0.7699115044247786
2026-03-17 16:05:00,4.45,5.0,0.10999999999999996,0.8018018018018019
2026-03-17 16:06:00,4.39,5.0,0.12200000000000007,0.7825311942959
2026-03-17 16:07:00,4.08,5.0,0.184,0.6891891891891893
2026-03-17 16:08:00,4.25,5.0,0.15,0.7391304347826088
2026-03-17 16:09:00,4.3,5.0,0.14000000000000004,0.7543859649122806
2026-03-17 16:10:00,4.22,5.0,0.15600000000000006,0.7301038062283736
2026-03-17 16:11:00,4.36,5.0,0.12799999999999995,0.773049645390071
2026-03-17 16:12:00,4.0,5.0,0.2,0.6666666666666667
2026-03-17 16:13:00,4.21,5.0,0.158,0.7271157167530224
2026-03-17 16:14:00,4.13,5.0,0.17400000000000002,0.7035775127768313
2026-03-17 16:15:00,4.12,5.0,0.176,0.7006802721088436
2026-03-17 16:16:00,4.09,5.0,0.18200000000000002,0.6920473773265652
2026-03-17 16:17:00,4.04,5.0,0.192,0.6778523489932886
2026-03-17 16:18:00,4.08,5.0,0.184,0.6891891891891893
2026-03-17 16:19:00,4.06,5.0,0.18800000000000008,0.6835016835016834
2026-03-17 16:20:00,4.02,5.0,0.1960000000000001,0.6722408026755852
2026-03-17 16:21:00,4.04,5.0,0.192,0.6778523489932886
2026-03-17 16:22:00,4.16,5.0,0.16799999999999998,0.7123287671232877
2026-03-17 16:23:00,4.27,5.0,0.14600000000000007,0.745200698080279
2026-03-17 16:24:00,4.18,5.0,0.16400000000000006,0.7182130584192439
2026-03-17 16:25:00,4.02,5.0,0.1960000000000001,0.6722408026755852
2026-03-17 16:26:00,4.07,5.0,0.18599999999999994,0.6863406408094436
2026-03-17 16:27:00,4.11,5.0,0.17799999999999994,0.6977928692699492
2026-03-17 16:28:00,4.11,5.0,0.17799999999999994,0.6977928692699492
2026-03-17 16:29:00,4.08,5.0,0.184,0.6891891891891893
2026-03-17 16:30:00,4.0,5.0,0.2,0.6666666666666667
2026-03-17 16:31:00,3.89,5.0,0.22199999999999998,0.6366612111292963
2026-03-17 16:32:00,3.97,5.0,0.20599999999999996,0.6583747927031509
2026-03-17 16:33:00,3.91,5.0,0.21799999999999997,0.6420361247947455
2026-03-17 16:34:00,3.91,5.0,0.21799999999999997,0.6420361247947455
2026-03-17 16:35:00,3.88,5.0,0.22400000000000003,0.6339869281045752
2026-03-17 16:36:00,3.84,5.0,0.23200000000000004,0.6233766233766234
2026-03-17 16:37:00,3.88,5.0,0.22400000000000003,0.6339869281045752
2026-03-17 16:38:00,3.91,5.0,0.21799999999999997,0.6420361247947455
2026-03-17 16:39:00,3.98,5.0,0.20400000000000001,0.6611295681063124
2026-03-17 16:40:00,4.09,5.0,0.18200000000000002,0.6920473773265652
2026-03-17 16:41:00,4.03,5.0,0.19399999999999995,0.6750418760469012
2026-03-17 16:42:00,3.99,5.0,0.20199999999999996,0.6638935108153079
2026-03-17 16:43:00,3.98,5.0,0.20400000000000001,0.6611295681063124
2026-03-17 16:44:00,3.97,5.0,0.20599999999999996,0.6583747927031509
2026-03-17 16:45:00,3.61,5.0,0.278,0.5649452269170578
2026-03-17 16:46:00,3.55,5.0,0.29000000000000004,0.5503875968992248
2026-03-17 16:47:00,3.52,5.0,0.296,0.5432098765432098
2026-03-17 16:48:00,3.51,5.0,0.29800000000000004,0.5408320493066255
2026-03-17 16:49:00,3.26,5.0,0.34800000000000003,0.4836795252225518
2026-03-17 16:50:00,3.56,5.0,0.288,0.5527950310559006
2026-03-17 16:51:00,3.63,5.0,0.274,0.5698587127158555
2026-03-17 16:52:00,3.71,5.0,0.258,0.589825119236884
2026-03-17 16:53:00,3.83,5.0,0.23399999999999999,0.6207455429497569
2026-03-17 16:54:00,3.87,5.0,0.22599999999999998,0.6313213703099511
2026-03-17 16:55:00,4.0,5.0,0.2,0.6666666666666667
2026-03-17 16:56:00,4.02,5.0,0.1960000000000001,0.6722408026755852
2026-03-17 16:57:00,4.18,5.0,0.16400000000000006,0.7182130584192439
2026-03-17 16:58:00,4.42,5.0,0.11600000000000002,0.7921146953405017
2026-03-17 16:59:00,4.42,5.0,0.11600000000000002,0.7921146953405017
2026-03-17 17:00:00,4.43,5.0,0.11400000000000006,0.7953321364452423
2026-03-17 17:01:00,4.37,5.0,0.12599999999999997,0.7761989342806395
2026-03-17 17:02:00,4.26,5.0,0.14800000000000005,0.7421602787456445
2026-03-17 17:03:00,4.27,5.0,0.14600000000000007,0.745200698080279
2026-03-17 17:04:00,4.28,5.0,0.14399999999999996,0.7482517482517484
2026-03-17 17:05:00,4.19,5.0,0.16199999999999992,0.7211703958691912
2026-03-17 17:06:00,4.17,5.0,0.166,0.7152658662092625
2026-03-17 17:07:00,4.18,5.0,0.16400000000000006,0.7182130584192439
2026-03-17 17:08:00,4.22,5.0,0.15600000000000006,0.7301038062283736
2026-03-17 17:09:00,4.22,5.0,0.15600000000000006,0.7301038062283736
2026-03-17 17:10:00,4.19,5.0,0.16199999999999992,0.7211703958691912
2026-03-17 17:11:00,4.12,5.0,0.176,0.7006802721088436
2026-03-17 17:12:00,3.97,5.0,0.20599999999999996,0.6583747927031509
2026-03-17 17:13:00,3.89,5.0,0.22199999999999998,0.6366612111292963
2026-03-17 17:14:00,4.24,5.0,0.15199999999999997,0.7361111111111113
2026-03-17 17:15:00,4.24,5.0,0.15199999999999997,0.7361111111111113
2026-03-17 17:16:00,4.24,5.0,0.15199999999999997,0.7361111111111113
2026-03-17 17:17:00,4.26,5.0,0.14800000000000005,0.7421602787456445
2026-03-17 17:18:00,4.08,5.0,0.184,0.6891891891891893
2026-03-17 17:19:00,3.83,5.0,0.23399999999999999,0.6207455429497569
2026-03-17 17:20:00,3.89,5.0,0.22199999999999998,0.6366612111292963
2026-03-17 17:21:00,3.95,5.0,0.20999999999999996,0.6528925619834711
2026-03-17 17:22:00,3.98,5.0,0.20400000000000001,0.6611295681063124
2026-03-17 17:23:00,4.06,5.0,0.18800000000000008,0.6835016835016834
2026-03-17 17:24:00,3.99,5.0,0.20199999999999996,0.6638935108153079
2026-03-17 17:25:00,3.95,5.0,0.20999999999999996,0.6528925619834711
2026-03-17 17:26:00,3.88,5.0,0.22400000000000003,0.6339869281045752
2026-03-17 17:27:00,4.13,5.0,0.17400000000000002,0.7035775127768313
2026-03-17 17:28:00,4.35,5.0,0.13000000000000006,0.7699115044247786
2026-03-17 17:29:00,4.27,5.0,0.14600000000000007,0.745200698080279
2026-03-17 17:30:00,4.28,5.0,0.14399999999999996,0.7482517482517484
2026-03-17 17:31:00,4.55,5.0,0.09000000000000004,0.8348623853211008
2026-03-17 17:32:00,4.57,5.0,0.08599999999999994,0.8416206261510131
2026-03-17 17:33:00,4.6,5.0,0.08000000000000007,0.8518518518518517
2026-03-17 17:34:00,4.65,5.0,0.06999999999999992,0.8691588785046731
2026-03-17 17:35:00,4.7,5.0,0.05999999999999996,0.8867924528301887
2026-03-17 17:36:00,4.65,5.0,0.06999999999999992,0.8691588785046731
2026-03-17 17:37:00,4.62,5.0,0.07599999999999998,0.8587360594795539
2026-03-17 17:38:00,4.67,5.0,0.06600000000000002,0.8761726078799249
2026-03-17 17:39:00,4.66,5.0,0.06799999999999998,0.8726591760299626
2026-03-17 17:40:00,4.64,5.0,0.07200000000000006,0.8656716417910446
2026-03-17 17:41:00,4.76,5.0,0.04800000000000004,0.9083969465648855
2026-03-17 17:42:00,4.74,5.0,0.051999999999999956,0.9011406844106464
2026-03-17 17:43:00,4.77,5.0,0.04600000000000008,0.9120458891013383
2026-03-17 17:44:00,4.84,5.0,0.03200000000000003,0.937984496124031
2026-03-17 17:45:00,4.84,5.0,0.03200000000000003,0.937984496124031
2026-03-17 17:46:00,4.89,5.0,0.022000000000000065,0.9569471624266145
2026-03-17 17:47:00,4.9,5.0,0.019999999999999928,0.9607843137254902
2026-03-17 17:48:00,4.76,5.0,0.04800000000000004,0.9083969465648855
2026-03-17 17:49:00,4.84,5.0,0.03200000000000003,0.937984496124031
2026-03-17 17:50:00,4.81,5.0,0.038000000000000075,0.9267822736030827
2026-03-17 17:51:00,4.74,5.0,0.051999999999999956,0.9011406844106464
2026-03-17 17:52:00,4.64,5.0,0.07200000000000006,0.8656716417910446
2026-03-17 17:53:00,4.62,5.0,0.07599999999999998,0.8587360594795539
2026-03-17 17:54:00,4.51,5.0,0.09800000000000005,0.8214936247723131
2026-03-17 17:55:00,4.32,5.0,0.13599999999999995,0.7605633802816903
2026-03-17 17:56:00,4.31,5.0,0.13800000000000007,0.7574692442882248
2026-03-17 17:57:00,4.31,5.0,0.13800000000000007,0.7574692442882248
2026-03-17 17:58:00,4.32,5.0,0.13599999999999995,0.7605633802816903
2026-03-17 17:59:00,4.28,5.0,0.14399999999999996,0.7482517482517484
2026-03-17 18:00:00,4.26,5.0,0.14800000000000005,0.7421602787456445
2026-03-17 18:01:00,4.16,5.0,0.16799999999999998,0.7123287671232877
2026-03-17 18:03:00,3.88,5.0,0.22400000000000003,0.6339869281045752
2026-03-17 18:04:00,3.82,5.0,0.23600000000000004,0.6181229773462783
2026-03-17 18:05:00,4.08,5.0,0.184,0.6891891891891893
2026-03-17 18:06:00,3.99,5.0,0.20199999999999996,0.6638935108153079
2026-03-17 18:07:00,3.96,5.0,0.20800000000000002,0.6556291390728477
2026-03-17 18:08:00,4.03,5.0,0.19399999999999995,0.6750418760469012
2026-03-17 18:09:00,4.09,5.0,0.18200000000000002,0.6920473773265652
2026-03-17 18:10:00,4.03,5.0,0.19399999999999995,0.6750418760469012
2026-03-17 18:11:00,4.09,5.0,0.18200000000000002,0.6920473773265652
2026-03-17 18:12:00,4.18,5.0,0.16400000000000006,0.7182130584192439
2026-03-17 18:13:00,4.3,5.0,0.14000000000000004,0.7543859649122806
2026-03-17 18:14:00,4.38,5.0,0.12400000000000003,0.7793594306049821
2026-03-17 18:15:00,4.24,5.0,0.15199999999999997,0.7361111111111113
2026-03-17 18:16:00,4.14,5.0,0.17200000000000007,0.7064846416382251
2026-03-17 18:17:00,3.55,5.0,0.29000000000000004,0.5503875968992248
2026-03-17 18:18:00,3.6,5.0,0.27999999999999997,0.5625
2026-03-17 18:19:00,3.65,5.0,0.27,0.5748031496062992
2026-03-17 18:20:00,3.67,5.0,0.266,0.5797788309636651
2026-03-17 18:21:00,3.7,5.0,0.25999999999999995,0.5873015873015873
2026-03-17 18:22:00,3.74,5.0,0.25199999999999995,0.597444089456869
2026-03-17 18:23:00,3.77,5.0,0.246,0.6051364365971108
2026-03-17 18:24:00,3.72,5.0,0.25599999999999995,0.5923566878980892
2026-03-17 18:25:00,3.76,5.0,0.24800000000000005,0.6025641025641025
2026-03-17 18:26:00,3.81,5.0,0.238,0.6155088852988692
2026-03-17 18:27:00,3.8,5.0,0.24000000000000005,0.6129032258064516
2026-03-17 18:28:00,3.94,5.0,0.21200000000000002,0.6501650165016503
2026-03-17 18:29:00,3.83,5.0,0.23399999999999999,0.6207455429497569
2026-03-17 18:30:00,4.0,5.0,0.2,0.6666666666666667
2026-03-17 18:31:00,4.01,5.0,0.19800000000000004,0.669449081803005
2026-03-17 18:32:00,3.92,5.0,0.21600000000000003,0.6447368421052632
2026-03-17 18:33:00,4.04,5.0,0.192,0.6778523489932886
2026-03-17 18:34:00,4.08,5.0,0.184,0.6891891891891893
2026-03-17 18:35:00,4.07,5.0,0.18599999999999994,0.6863406408094436
2026-03-17 18:36:00,4.12,5.0,0.176,0.7006802721088436
2026-03-17 18:37:00,4.14,5.0,0.17200000000000007,0.7064846416382251
2026-03-17 18:38:00,4.19,5.0,0.16199999999999992,0.7211703958691912
2026-03-17 18:39:00,4.22,5.0,0.15600000000000006,0.7301038062283736
2026-03-17 18:40:00,4.11,5.0,0.17799999999999994,0.6977928692699492
2026-03-17 18:41:00,4.14,5.0,0.17200000000000007,0.7064846416382251
2026-03-17 18:42:00,4.24,5.0,0.15199999999999997,0.7361111111111113
2026-03-17 18:43:00,4.27,5.0,0.14600000000000007,0.745200698080279
2026-03-17 18:44:00,4.22,5.0,0.15600000000000006,0.7301038062283736
2026-03-17 18:45:00,4.24,5.0,0.15199999999999997,0.7361111111111113
2026-03-17 18:46:00,4.29,5.0,0.142,0.7513134851138354
2026-03-17 18:47:00,4.31,5.0,0.13800000000000007,0.7574692442882248
2026-03-17 18:48:00,4.29,5.0,0.142,0.7513134851138354
2026-03-17 18:49:00,4.35,5.0,0.13000000000000006,0.7699115044247786
2026-03-17 18:50:00,4.28,5.0,0.14399999999999996,0.7482517482517484
2026-03-17 18:51:00,4.26,5.0,0.14800000000000005,0.7421602787456445
2026-03-17 18:52:00,4.28,5.0,0.14399999999999996,0.7482517482517484
2026-03-17 18:53:00,4.4,5.0,0.11999999999999993,0.7857142857142859
2026-03-17 18:54:00,4.28,5.0,0.14399999999999996,0.7482517482517484
2026-03-17 18:55:00,4.31,5.0,0.13800000000000007,0.7574692442882248
2026-03-17 18:56:00,4.32,5.0,0.13599999999999995,0.7605633802816903
2026-03-17 18:57:00,4.29,5.0,0.142,0.7513134851138354
2026-03-17 18:58:00,4.24,5.0,0.15199999999999997,0.7361111111111113
2026-03-17 18:59:00,4.25,5.0,0.15,0.7391304347826088
2026-03-17 19:00:00,4.28,5.0,0.14399999999999996,0.7482517482517484
2026-03-17 19:01:00,4.25,5.0,0.15,0.7391304347826088
2026-03-17 19:02:00,4.15,5.0,0.16999999999999993,0.7094017094017095
2026-03-17 19:05:00,4.27,5.0,0.14600000000000007,0.745200698080279
2026-03-17 19:06:00,4.26,5.0,0.14800000000000005,0.7421602787456445
2026-03-17 19:07:00,4.16,5.0,0.16799999999999998,0.7123287671232877
2026-03-17 19:08:00,4.15,5.0,0.16999999999999993,0.7094017094017095
2026-03-17 19:09:00,4.16,5.0,0.16799999999999998,0.7123287671232877
2026-03-17 19:10:00,4.18,5.0,0.16400000000000006,0.7182130584192439
2026-03-17 19:11:00,4.24,5.0,0.15199999999999997,0.7361111111111113
2026-03-17 19:12:00,4.16,5.0,0.16799999999999998,0.7123287671232877
2026-03-17 19:13:00,4.21,5.0,0.158,0.7271157167530224
2026-03-17 19:14:00,4.2,5.0,0.15999999999999998,0.7241379310344829
2026-03-17 19:15:00,4.19,5.0,0.16199999999999992,0.7211703958691912
2026-03-17 19:16:00,4.21,5.0,0.158,0.7271157167530224
2026-03-17 19:17:00,4.2,5.0,0.15999999999999998,0.7241379310344829
2026-03-17 19:18:00,4.21,5.0,0.158,0.7271157167530224
2026-03-17 19:19:00,4.23,5.0,0.15399999999999991,0.7331022530329291
2026-03-17 19:20:00,4.35,5.0,0.13000000000000006,0.7699115044247786
2026-03-17 19:21:00,4.42,5.0,0.11600000000000002,0.7921146953405017
2026-03-17 19:22:00,4.46,5.0,0.10800000000000001,0.8050541516245486
2026-03-17 19:23:00,4.41,5.0,0.11799999999999997,0.7889087656529518
2026-03-17 19:24:00,4.44,5.0,0.11199999999999992,0.7985611510791369
2026-03-17 19:25:00,4.37,5.0,0.12599999999999997,0.7761989342806395
2026-03-17 19:26:00,4.27,5.0,0.14600000000000007,0.745200698080279
2026-03-17 19:27:00,4.28,5.0,0.14399999999999996,0.7482517482517484
2026-03-17 19:28:00,4.28,5.0,0.14399999999999996,0.7482517482517484
2026-03-17 19:29:00,4.29,5.0,0.142,0.7513134851138354
2026-03-17 19:30:00,4.27,5.0,0.14600000000000007,0.745200698080279
2026-03-17 19:31:00,4.22,5.0,0.15600000000000006,0.7301038062283736
2026-03-17 19:32:00,4.15,5.0,0.16999999999999993,0.7094017094017095
2026-03-17 19:33:00,4.07,5.0,0.18599999999999994,0.6863406408094436
2026-03-17 19:34:00,4.25,5.0,0.15,0.7391304347826088
2026-03-17 19:35:00,4.36,5.0,0.12799999999999995,0.773049645390071
2026-03-17 19:37:00,4.23,5.0,0.15399999999999991,0.7331022530329291
2026-03-17 19:38:00,4.3,5.0,0.14000000000000004,0.7543859649122806
2026-03-17 19:39:00,4.3,5.0,0.14000000000000004,0.7543859649122806
2026-03-17 19:40:00,4.28,5.0,0.14399999999999996,0.7482517482517484
2026-03-17 19:41:00,4.34,5.0,0.13200000000000003,0.7667844522968197
2026-03-17 19:42:00,4.23,5.0,0.15399999999999991,0.7331022530329291
2026-03-17 19:43:00,4.28,5.0,0.14399999999999996,0.7482517482517484
2026-03-17 19:44:00,4.38,5.0,0.12400000000000003,0.7793594306049821
2026-03-17 19:45:00,4.43,5.0,0.11400000000000006,0.7953321364452423
2026-03-17 19:46:00,4.41,5.0,0.11799999999999997,0.7889087656529518
2026-03-17 19:47:00,4.45,5.0,0.10999999999999996,0.8018018018018019
2026-03-17 19:48:00,4.49,5.0,0.10199999999999995,0.8148820326678767
2026-03-17 19:49:00,4.49,5.0,0.10199999999999995,0.8148820326678767
2026-03-17 19:50:00,4.64,5.0,0.07200000000000006,0.8656716417910446
2026-03-17 19:51:00,4.55,5.0,0.09000000000000004,0.8348623853211008
2026-03-17 19:53:00,4.5,5.0,0.1,0.8181818181818181
2026-03-17 19:54:00,4.56,5.0,0.08800000000000008,0.838235294117647
2026-03-17 19:55:00,4.62,5.0,0.07599999999999998,0.8587360594795539
2026-03-17 19:56:00,4.64,5.0,0.07200000000000006,0.8656716417910446
2026-03-17 19:57:00,4.61,5.0,0.07799999999999993,0.855287569573284
2026-03-17 19:58:00,4.48,5.0,0.10399999999999991,0.8115942028985509
2026-03-17 19:59:00,4.53,5.0,0.09399999999999994,0.8281535648994517
2026-03-17 20:00:00,4.38,5.0,0.12400000000000003,0.7793594306049821
2026-03-17 20:01:00,4.4,5.0,0.11999999999999993,0.7857142857142859
2026-03-17 20:02:00,4.63,5.0,0.07400000000000002,0.8621973929236498
2026-03-17 20:03:00,4.66,5.0,0.06799999999999998,0.8726591760299626
2026-03-17 20:04:00,4.57,5.0,0.08599999999999994,0.8416206261510131
2026-03-17 20:05:00,4.58,5.0,0.08399999999999999,0.8450184501845018
2026-03-17 20:06:00,4.66,5.0,0.06799999999999998,0.8726591760299626
2026-03-17 20:07:00,4.68,5.0,0.06400000000000006,0.8796992481203006
2026-03-17 20:08:00,4.52,5.0,0.09600000000000009,0.8248175182481751
2026-03-17 20:09:00,4.44,5.0,0.11199999999999992,0.7985611510791369
2026-03-17 20:10:00,4.41,5.0,0.11799999999999997,0.7889087656529518
2026-03-17 20:11:00,4.32,5.0,0.13599999999999995,0.7605633802816903
2026-03-17 20:12:00,4.33,5.0,0.13399999999999998,0.763668430335097
2026-03-17 20:13:00,4.45,5.0,0.10999999999999996,0.8018018018018019
2026-03-17 20:14:00,4.53,5.0,0.09399999999999994,0.8281535648994517
2026-03-17 20:15:00,4.58,5.0,0.08399999999999999,0.8450184501845018
2026-03-17 20:16:00,4.43,5.0,0.11400000000000006,0.7953321364452423
2026-03-17 20:17:00,4.34,5.0,0.13200000000000003,0.7667844522968197
2026-03-17 20:18:00,4.43,5.0,0.11400000000000006,0.7953321364452423
2026-03-17 20:19:00,4.35,5.0,0.13000000000000006,0.7699115044247786
2026-03-17 20:20:00,4.42,5.0,0.11600000000000002,0.7921146953405017
2026-03-17 20:21:00,4.44,5.0,0.11199999999999992,0.7985611510791369
2026-03-17 20:22:00,4.38,5.0,0.12400000000000003,0.7793594306049821
2026-03-17 20:23:00,4.39,5.0,0.12200000000000007,0.7825311942959
2026-03-17 20:24:00,4.42,5.0,0.11600000000000002,0.7921146953405017
2026-03-17 20:25:00,4.34,5.0,0.13200000000000003,0.7667844522968197
2026-03-17 20:26:00,4.38,5.0,0.12400000000000003,0.7793594306049821
2026-03-17 20:27:00,4.47,5.0,0.10600000000000005,0.8083182640144664
2026-03-17 20:28:00,4.43,5.0,0.11400000000000006,0.7953321364452423
2026-03-17 20:29:00,4.49,5.0,0.10199999999999995,0.8148820326678767
2026-03-17 20:30:00,4.67,5.0,0.06600000000000002,0.8761726078799249
2026-03-17 20:31:00,4.61,5.0,0.07799999999999993,0.855287569573284
2026-03-17 20:35:00,4.29,5.0,0.142,0.7513134851138354
2026-03-17 20:36:00,4.29,5.0,0.142,0.7513134851138354
2026-03-17 20:37:00,4.38,5.0,0.12400000000000003,0.7793594306049821
2026-03-17 20:38:00,4.25,5.0,0.15,0.7391304347826088
2026-03-17 20:39:00,4.55,5.0,0.09000000000000004,0.8348623853211008
2026-03-17 20:40:00,4.48,5.0,0.10399999999999991,0.8115942028985509
2026-03-17 20:41:00,4.49,5.0,0.10199999999999995,0.8148820326678767
2026-03-17 20:42:00,3.98,5.0,0.20400000000000001,0.6611295681063124
2026-03-17 20:43:00,4.59,5.0,0.08200000000000003,0.8484288354898335
2026-03-17 20:44:00,4.58,5.0,0.08399999999999999,0.8450184501845018
2026-03-17 20:45:00,4.65,5.0,0.06999999999999992,0.8691588785046731
2026-03-17 20:46:00,4.45,5.0,0.10999999999999996,0.8018018018018019
2026-03-17 20:47:00,4.56,5.0,0.08800000000000008,0.838235294117647
2026-03-17 20:48:00,4.57,5.0,0.08599999999999994,0.8416206261510131
2026-03-17 20:49:00,4.51,5.0,0.09800000000000005,0.8214936247723131
2026-03-17 20:50:00,4.52,5.0,0.09600000000000009,0.8248175182481751
2026-03-17 20:51:00,4.5,5.0,0.1,0.8181818181818181
2026-03-17 20:52:00,4.47,5.0,0.10600000000000005,0.8083182640144664
2026-03-17 20:53:00,4.51,5.0,0.09800000000000005,0.8214936247723131
2026-03-17 20:54:00,4.52,5.0,0.09600000000000009,0.8248175182481751
2026-03-17 20:55:00,4.52,5.0,0.09600000000000009,0.8248175182481751
2026-03-17 20:56:00,4.48,5.0,0.10399999999999991,0.8115942028985509
2026-03-17 20:57:00,4.54,5.0,0.092,0.8315018315018314
2026-03-17 20:58:00,4.5,5.0,0.1,0.8181818181818181
2026-03-17 20:59:00,4.26,5.0,0.14800000000000005,0.7421602787456445
2026-03-17 21:00:00,4.26,5.0,0.14800000000000005,0.7421602787456445
2026-03-17 21:01:00,4.27,5.0,0.14600000000000007,0.745200698080279
2026-03-17 21:02:00,4.34,5.0,0.13200000000000003,0.7667844522968197
2026-03-17 21:03:00,4.25,5.0,0.15,0.7391304347826088
2026-03-17 21:04:00,4.33,5.0,0.13399999999999998,0.763668430335097
2026-03-17 21:05:00,4.21,5.0,0.158,0.7271157167530224
2026-03-17 21:06:00,4.31,5.0,0.13800000000000007,0.7574692442882248
2026-03-17 21:07:00,4.44,5.0,0.11199999999999992,0.7985611510791369
2026-03-17 21:08:00,4.52,5.0,0.09600000000000009,0.8248175182481751
2026-03-17 21:09:00,4.45,5.0,0.10999999999999996,0.8018018018018019
2026-03-17 21:10:00,4.53,5.0,0.09399999999999994,0.8281535648994517
2026-03-17 21:11:00,4.52,5.0,0.09600000000000009,0.8248175182481751
2026-03-17 21:12:00,4.42,5.0,0.11600000000000002,0.7921146953405017
2026-03-17 21:13:00,4.34,5.0,0.13200000000000003,0.7667844522968197
2026-03-17 21:14:00,4.52,5.0,0.09600000000000009,0.8248175182481751
2026-03-17 21:15:00,4.37,5.0,0.12599999999999997,0.7761989342806395
2026-03-17 21:16:00,4.53,5.0,0.09399999999999994,0.8281535648994517
2026-03-17 21:17:00,4.64,5.0,0.07200000000000006,0.8656716417910446
2026-03-17 21:18:00,4.71,5.0,0.05800000000000001,0.8903591682419659
2026-03-17 21:19:00,4.71,5.0,0.05800000000000001,0.8903591682419659
2026-03-17 21:20:00,4.59,5.0,0.08200000000000003,0.8484288354898335
2026-03-17 21:21:00,4.74,5.0,0.051999999999999956,0.9011406844106464
2026-03-17 21:22:00,4.57,5.0,0.08599999999999994,0.8416206261510131
2026-03-17 21:23:00,4.7,5.0,0.05999999999999996,0.8867924528301887
2026-03-17 21:24:00,4.7,5.0,0.05999999999999996,0.8867924528301887
2026-03-17 21:25:00,4.82,5.0,0.03599999999999994,0.9305019305019305
2026-03-17 21:26:00,4.87,5.0,0.025999999999999978,0.949317738791423
2026-03-17 21:27:00,4.74,5.0,0.051999999999999956,0.9011406844106464
2026-03-17 21:28:00,4.79,5.0,0.041999999999999996,0.9193857965451055
2026-03-17 21:29:00,4.8,5.0,0.040000000000000036,0.923076923076923
2026-03-17 21:30:00,4.63,5.0,0.07400000000000002,0.8621973929236498
2026-03-17 21:31:00,4.59,5.0,0.08200000000000003,0.8484288354898335
2026-03-17 21:32:00,4.62,5.0,0.07599999999999998,0.8587360594795539
2026-03-17 21:33:00,4.66,5.0,0.06799999999999998,0.8726591760299626
2026-03-17 21:34:00,4.7,5.0,0.05999999999999996,0.8867924528301887
2026-03-17 21:35:00,4.87,5.0,0.025999999999999978,0.949317738791423
2026-03-17 21:36:00,4.91,5.0,0.01799999999999997,0.9646365422396856
2026-03-17 21:37:00,4.82,5.0,0.03599999999999994,0.9305019305019305
2026-03-17 21:38:00,4.91,5.0,0.01799999999999997,0.9646365422396856
2026-03-17 21:39:00,4.98,5.0,0.003999999999999915,0.9920318725099603
2026-03-17 21:40:00,4.99,5.0,0.0019999999999999575,0.9960079840319361
2026-03-17 21:41:00,5.0,5.0,0.0,1.0
2026-03-17 21:42:00,4.71,5.0,0.05800000000000001,0.8903591682419659
2026-03-17 21:43:00,4.89,5.0,0.022000000000000065,0.9569471624266145
2026-03-17 21:44:00,4.84,5.0,0.03200000000000003,0.937984496124031
2026-03-17 21:45:00,4.96,5.0,0.008000000000000007,0.9841269841269841
2026-03-17 21:46:00,5.01,5.0,0.0019999999999999575,1.0
2026-03-17 21:47:00,5.04,5.0,0.008000000000000007,1.0
2026-03-17 21:48:00,4.97,5.0,0.0060000000000000496,0.9880715705765407
2026-03-17 21:49:00,4.88,5.0,0.02400000000000002,0.953125
2026-03-17 21:50:00,5.12,5.0,0.02400000000000002,1.0
2026-03-17 21:51:00,4.95,5.0,0.009999999999999964,0.9801980198019802
2026-03-17 21:52:00,4.92,5.0,0.016000000000000014,0.968503937007874
2026-03-17 21:53:00,5.01,5.0,0.0019999999999999575,1.0
2026-03-17 21:54:00,4.98,5.0,0.003999999999999915,0.9920318725099603
2026-03-17 21:55:00,4.84,5.0,0.03200000000000003,0.937984496124031
2026-03-17 21:56:00,5.03,5.0,0.0060000000000000496,1.0
2026-03-17 21:57:00,4.87,5.0,0.025999999999999978,0.949317738791423
2026-03-17 21:58:00,5.08,5.0,0.016000000000000014,1.0
2026-03-17 21:59:00,5.55,5.0,0.10999999999999996,1.0
2026-03-17 22:00:00,5.09,5.0,0.01799999999999997,1.0
2026-03-17 22:01:00,5.1,5.0,0.019999999999999928,1.0
2026-03-17 22:02:00,5.17,5.0,0.03399999999999999,1.0
2026-03-17 22:03:00,5.14,5.0,0.027999999999999935,1.0
2026-03-17 22:04:00,5.03,5.0,0.0060000000000000496,1.0
2026-03-17 22:05:00,4.97,5.0,0.0060000000000000496,0.9880715705765407
2026-03-17 22:06:00,5.18,5.0,0.03599999999999994,1.0
2026-03-17 22:07:00,5.22,5.0,0.04399999999999995,1.0
2026-03-17 22:08:00,5.21,5.0,0.041999999999999996,1.0
2026-03-17 22:09:00,5.16,5.0,0.03200000000000003,1.0
2026-03-17 22:10:00,5.12,5.0,0.02400000000000002,1.0
2026-03-17 22:11:00,5.16,5.0,0.03200000000000003,1.0
2026-03-17 22:12:00,5.2,5.0,0.040000000000000036,1.0
2026-03-17 22:13:00,5.14,5.0,0.027999999999999935,1.0
2026-03-17 22:14:00,5.07,5.0,0.014000000000000058,1.0
2026-03-17 22:15:00,4.96,5.0,0.008000000000000007,0.9841269841269841
2026-03-17 22:16:00,5.05,5.0,0.009999999999999964,1.0
2026-03-17 22:17:00,5.12,5.0,0.02400000000000002,1.0
2026-03-17 22:18:00,5.12,5.0,0.02400000000000002,1.0
2026-03-17 22:19:00,5.13,5.0,0.025999999999999978,1.0
2026-03-17 22:20:00,5.14,5.0,0.027999999999999935,1.0
2026-03-17 22:21:00,5.18,5.0,0.03599999999999994,1.0
2026-03-17 22:22:00,5.19,5.0,0.038000000000000075,1.0
2026-03-17 22:23:00,5.21,5.0,0.041999999999999996,1.0
2026-03-17 22:24:00,5.22,5.0,0.04399999999999995,1.0
2026-03-17 22:25:00,5.23,5.0,0.04600000000000008,1.0
2026-03-17 22:26:00,5.14,5.0,0.027999999999999935,1.0
2026-03-17 22:27:00,4.95,5.0,0.009999999999999964,0.9801980198019802
2026-03-17 22:28:00,5.03,5.0,0.0060000000000000496,1.0
2026-03-17 22:29:00,4.98,5.0,0.003999999999999915,0.9920318725099603
2026-03-17 22:30:00,5.01,5.0,0.0019999999999999575,1.0
2026-03-17 22:31:00,4.96,5.0,0.008000000000000007,0.9841269841269841
2026-03-17 22:32:00,4.94,5.0,0.011999999999999922,0.9762845849802373
2026-03-17 22:33:00,4.95,5.0,0.009999999999999964,0.9801980198019802
2026-03-17 22:34:00,4.78,5.0,0.04399999999999995,0.9157088122605365
2026-03-17 22:35:00,5.0,5.0,0.0,1.0
2026-03-17 22:36:00,4.93,5.0,0.014000000000000058,0.9723865877712031
2026-03-17 22:37:00,4.88,5.0,0.02400000000000002,0.953125
2026-03-17 22:38:00,5.07,5.0,0.014000000000000058,1.0
2026-03-17 22:39:00,5.09,5.0,0.01799999999999997,1.0
2026-03-17 22:40:00,5.26,5.0,0.051999999999999956,1.0
2026-03-17 22:41:00,5.16,5.0,0.03200000000000003,1.0
2026-03-17 22:42:00,4.8,5.0,0.040000000000000036,0.923076923076923
2026-03-17 22:43:00,4.77,5.0,0.04600000000000008,0.9120458891013383
2026-03-17 22:44:00,4.78,5.0,0.04399999999999995,0.9157088122605365
2026-03-17 22:45:00,4.75,5.0,0.05,0.9047619047619047
2026-03-17 22:46:00,4.73,5.0,0.053999999999999916,0.8975332068311197
2026-03-17 22:47:00,4.77,5.0,0.04600000000000008,0.9120458891013383
2026-03-17 22:48:00,4.88,5.0,0.02400000000000002,0.953125
2026-03-17 22:49:00,4.93,5.0,0.014000000000000058,0.9723865877712031
2026-03-17 22:50:00,4.42,5.0,0.11600000000000002,0.7921146953405017
2026-03-17 22:51:00,4.75,5.0,0.05,0.9047619047619047
2026-03-17 22:52:00,4.65,5.0,0.06999999999999992,0.8691588785046731
2026-03-17 22:53:00,4.61,5.0,0.07799999999999993,0.855287569573284
2026-03-17 22:54:00,5.04,5.0,0.008000000000000007,1.0
2026-03-17 22:55:00,5.12,5.0,0.02400000000000002,1.0
2026-03-17 22:56:00,5.07,5.0,0.014000000000000058,1.0
2026-03-17 22:57:00,5.14,5.0,0.027999999999999935,1.0
2026-03-17 22:58:00,5.49,5.0,0.09800000000000005,1.0
2026-03-17 22:59:00,5.53,5.0,0.10600000000000005,1.0
2026-03-17 23:00:00,5.46,5.0,0.092,1.0
2026-03-17 23:01:00,5.04,5.0,0.008000000000000007,1.0
2026-03-17 23:02:00,4.78,5.0,0.04399999999999995,0.9157088122605365
2026-03-17 23:03:00,5.02,5.0,0.003999999999999915,1.0
2026-03-17 23:04:00,4.84,5.0,0.03200000000000003,0.937984496124031
2026-03-17 23:05:00,5.04,5.0,0.008000000000000007,1.0
2026-03-17 23:06:00,5.38,5.0,0.07599999999999998,1.0
2026-03-17 23:07:00,5.42,5.0,0.08399999999999999,1.0
2026-03-17 23:08:00,5.41,5.0,0.08200000000000003,1.0
2026-03-17 23:09:00,5.46,5.0,0.092,1.0
2026-03-17 23:10:00,5.44,5.0,0.08800000000000008,1.0
2026-03-17 23:11:00,5.47,5.0,0.09399999999999994,1.0
2026-03-17 23:12:00,5.49,5.0,0.09800000000000005,1.0
2026-03-17 23:13:00,5.47,5.0,0.09399999999999994,1.0
2026-03-17 23:14:00,5.48,5.0,0.09600000000000009,1.0
2026-03-17 23:15:00,5.5,5.0,0.1,1.0
2026-03-17 23:16:00,5.57,5.0,0.11400000000000006,1.0
2026-03-17 23:17:00,5.63,5.0,0.12599999999999997,1.0
2026-03-17 23:18:00,5.65,5.0,0.13000000000000006,1.0
2026-03-17 23:19:00,5.65,5.0,0.13000000000000006,1.0
2026-03-17 23:20:00,5.67,5.0,0.13399999999999998,1.0
2026-03-17 23:21:00,5.67,5.0,0.13399999999999998,1.0
2026-03-17 23:22:00,5.66,5.0,0.13200000000000003,1.0
2026-03-17 23:23:00,4.82,5.0,0.03599999999999994,0.9305019305019305
2026-03-17 23:24:00,4.82,5.0,0.03599999999999994,0.9305019305019305
2026-03-17 23:25:00,4.76,5.0,0.04800000000000004,0.9083969465648855
2026-03-17 23:26:00,4.64,5.0,0.07200000000000006,0.8656716417910446
2026-03-17 23:27:00,4.71,5.0,0.05800000000000001,0.8903591682419659
2026-03-17 23:28:00,4.75,5.0,0.05,0.9047619047619047
2026-03-17 23:29:00,4.66,5.0,0.06799999999999998,0.8726591760299626
2026-03-17 23:30:00,4.71,5.0,0.05800000000000001,0.8903591682419659
2026-03-17 23:31:00,4.62,5.0,0.07599999999999998,0.8587360594795539
2026-03-17 23:32:00,4.63,5.0,0.07400000000000002,0.8621973929236498
2026-03-17 23:33:00,4.68,5.0,0.06400000000000006,0.8796992481203006
2026-03-17 23:34:00,4.74,5.0,0.051999999999999956,0.9011406844106464
2026-03-17 23:35:00,4.74,5.0,0.051999999999999956,0.9011406844106464
2026-03-17 23:36:00,4.84,5.0,0.03200000000000003,0.937984496124031
2026-03-17 23:37:00,5.08,5.0,0.016000000000000014,1.0
2026-03-17 23:38:00,4.8,5.0,0.040000000000000036,0.923076923076923
2026-03-17 23:39:00,4.47,5.0,0.10600000000000005,0.8083182640144664
2026-03-17 23:40:00,4.39,5.0,0.12200000000000007,0.7825311942959
2026-03-17 23:41:00,4.5,5.0,0.1,0.8181818181818181
2026-03-17 23:42:00,4.54,5.0,0.092,0.8315018315018314
2026-03-17 23:43:00,4.74,5.0,0.051999999999999956,0.9011406844106464
2026-03-17 23:44:00,4.8,5.0,0.040000000000000036,0.923076923076923
2026-03-17 23:45:00,4.75,5.0,0.05,0.9047619047619047
2026-03-17 23:46:00,4.57,5.0,0.08599999999999994,0.8416206261510131
2026-03-17 23:47:00,4.62,5.0,0.07599999999999998,0.8587360594795539
2026-03-17 23:48:00,4.68,5.0,0.06400000000000006,0.8796992481203006
2026-03-17 23:49:00,4.95,5.0,0.009999999999999964,0.9801980198019802
2026-03-17 23:50:00,5.05,5.0,0.009999999999999964,1.0
2026-03-17 23:51:00,5.15,5.0,0.030000000000000072,1.0
2026-03-17 23:52:00,5.14,5.0,0.027999999999999935,1.0
2026-03-17 23:53:00,5.24,5.0,0.04800000000000004,1.0
2026-03-17 23:54:00,5.35,5.0,0.06999999999999992,1.0
2026-03-17 23:55:00,5.38,5.0,0.07599999999999998,1.0
2026-03-17 23:56:00,5.38,5.0,0.07599999999999998,1.0
2026-03-17 23:57:00,5.36,5.0,0.07200000000000006,1.0
2026-03-17 23:58:00,5.37,5.0,0.07400000000000002,1.0
2026-03-17 23:59:00,5.37,5.0,0.07400000000000002,1.0
2026-03-18 00:00:00,5.37,5.0,0.07400000000000002,1.0
2026-03-18 00:01:00,5.42,5.0,0.08399999999999999,1.0
2026-03-18 00:02:00,5.4,5.0,0.08000000000000007,1.0
2026-03-18 00:03:00,5.45,5.0,0.09000000000000004,1.0
2026-03-18 00:04:00,5.47,5.0,0.09399999999999994,1.0
2026-03-18 00:05:00,5.38,5.0,0.07599999999999998,1.0
2026-03-18 00:06:00,5.43,5.0,0.08599999999999994,1.0
2026-03-18 00:07:00,5.35,5.0,0.06999999999999992,1.0
2026-03-18 00:08:00,5.35,5.0,0.06999999999999992,1.0
2026-03-18 00:09:00,5.34,5.0,0.06799999999999998,1.0
2026-03-18 00:10:00,5.33,5.0,0.06600000000000002,1.0
2026-03-18 00:11:00,5.41,5.0,0.08200000000000003,1.0
2026-03-18 00:12:00,5.34,5.0,0.06799999999999998,1.0
2026-03-18 00:13:00,5.38,5.0,0.07599999999999998,1.0
2026-03-18 00:14:00,5.34,5.0,0.06799999999999998,1.0
2026-03-18 00:15:00,5.2,5.0,0.040000000000000036,1.0
2026-03-18 00:16:00,5.15,5.0,0.030000000000000072,1.0
2026-03-18 00:17:00,5.15,5.0,0.030000000000000072,1.0
2026-03-18 00:18:00,5.19,5.0,0.038000000000000075,1.0
2026-03-18 00:19:00,5.27,5.0,0.053999999999999916,1.0
2026-03-18 00:20:00,5.44,5.0,0.08800000000000008,1.0
2026-03-18 00:21:00,5.43,5.0,0.08599999999999994,1.0
2026-03-18 00:22:00,5.4,5.0,0.08000000000000007,1.0
2026-03-18 00:23:00,5.41,5.0,0.08200000000000003,1.0
2026-03-18 00:24:00,5.37,5.0,0.07400000000000002,1.0
2026-03-18 00:25:00,5.37,5.0,0.07400000000000002,1.0
2026-03-18 00:26:00,5.37,5.0,0.07400000000000002,1.0
2026-03-18 00:27:00,5.09,5.0,0.01799999999999997,1.0
2026-03-18 00:28:00,5.08,5.0,0.016000000000000014,1.0
2026-03-18 00:29:00,4.95,5.0,0.009999999999999964,0.9801980198019802
2026-03-18 00:30:00,4.61,5.0,0.07799999999999993,0.855287569573284
2026-03-18 00:31:00,4.74,5.0,0.051999999999999956,0.9011406844106464
2026-03-18 00:32:00,4.25,5.0,0.15,0.7391304347826088
2026-03-18 00:33:00,3.85,5.0,0.22999999999999998,0.6260162601626017
2026-03-18 00:34:00,4.54,5.0,0.092,0.8315018315018314
2026-03-18 00:35:00,4.7,5.0,0.05999999999999996,0.8867924528301887
2026-03-18 00:36:00,4.86,5.0,0.027999999999999935,0.9455252918287939
2026-03-18 00:37:00,4.9,5.0,0.019999999999999928,0.9607843137254902
2026-03-18 00:38:00,4.89,5.0,0.022000000000000065,0.9569471624266145
2026-03-18 00:39:00,4.88,5.0,0.02400000000000002,0.953125
2026-03-18 00:40:00,4.83,5.0,0.03399999999999999,0.9342359767891683
2026-03-18 00:41:00,4.78,5.0,0.04399999999999995,0.9157088122605365
2026-03-18 00:42:00,4.81,5.0,0.038000000000000075,0.9267822736030827
2026-03-18 00:43:00,4.87,5.0,0.025999999999999978,0.949317738791423
2026-03-18 00:44:00,4.88,5.0,0.02400000000000002,0.953125
2026-03-18 00:45:00,4.86,5.0,0.027999999999999935,0.9455252918287939
2026-03-18 00:46:00,4.82,5.0,0.03599999999999994,0.9305019305019305
2026-03-18 00:47:00,4.92,5.0,0.016000000000000014,0.968503937007874
2026-03-18 00:48:00,4.86,5.0,0.027999999999999935,0.9455252918287939
2026-03-18 00:49:00,4.68,5.0,0.06400000000000006,0.8796992481203006
2026-03-18 00:50:00,4.8,5.0,0.040000000000000036,0.923076923076923
2026-03-18 00:51:00,4.71,5.0,0.05800000000000001,0.8903591682419659
2026-03-18 00:52:00,4.68,5.0,0.06400000000000006,0.8796992481203006
2026-03-18 00:53:00,4.64,5.0,0.07200000000000006,0.8656716417910446
2026-03-18 00:54:00,4.67,5.0,0.06600000000000002,0.8761726078799249
2026-03-18 00:55:00,4.62,5.0,0.07599999999999998,0.8587360594795539
2026-03-18 00:56:00,4.64,5.0,0.07200000000000006,0.8656716417910446
2026-03-18 00:57:00,4.62,5.0,0.07599999999999998,0.8587360594795539
2026-03-18 00:58:00,4.68,5.0,0.06400000000000006,0.8796992481203006
2026-03-18 00:59:00,4.69,5.0,0.06199999999999992,0.8832391713747648
2026-03-18 01:00:00,4.66,5.0,0.06799999999999998,0.8726591760299626
2026-03-18 01:01:00,4.61,5.0,0.07799999999999993,0.855287569573284
2026-03-18 01:03:00,4.42,5.0,0.11600000000000002,0.7921146953405017
2026-03-18 01:04:00,4.56,5.0,0.08800000000000008,0.838235294117647
2026-03-18 01:05:00,4.51,5.0,0.09800000000000005,0.8214936247723131
2026-03-18 01:06:00,4.44,5.0,0.11199999999999992,0.7985611510791369
2026-03-18 01:07:00,4.48,5.0,0.10399999999999991,0.8115942028985509
2026-03-18 01:08:00,4.5,5.0,0.1,0.8181818181818181
2026-03-18 01:09:00,4.47,5.0,0.10600000000000005,0.8083182640144664
2026-03-18 01:10:00,4.38,5.0,0.12400000000000003,0.7793594306049821
2026-03-18 01:11:00,4.29,5.0,0.142,0.7513134851138354
2026-03-18 01:12:00,4.09,5.0,0.18200000000000002,0.6920473773265652
2026-03-18 01:13:00,4.36,5.0,0.12799999999999995,0.773049645390071
2026-03-18 01:14:00,4.37,5.0,0.12599999999999997,0.7761989342806395
2026-03-18 01:15:00,4.52,5.0,0.09600000000000009,0.8248175182481751
2026-03-18 01:16:00,4.59,5.0,0.08200000000000003,0.8484288354898335
2026-03-18 01:17:00,4.56,5.0,0.08800000000000008,0.838235294117647
2026-03-18 01:18:00,4.19,5.0,0.16199999999999992,0.7211703958691912
2026-03-18 01:19:00,4.1,5.0,0.18000000000000008,0.694915254237288
2026-03-18 01:20:00,3.99,5.0,0.20199999999999996,0.6638935108153079
2026-03-18 01:21:00,4.06,5.0,0.18800000000000008,0.6835016835016834
2026-03-18 01:22:00,4.14,5.0,0.17200000000000007,0.7064846416382251
2026-03-18 01:23:00,4.09,5.0,0.18200000000000002,0.6920473773265652
2026-03-18 01:24:00,3.72,5.0,0.25599999999999995,0.5923566878980892
2026-03-18 01:25:00,3.9,5.0,0.22000000000000003,0.639344262295082
2026-03-18 01:26:00,4.34,5.0,0.13200000000000003,0.7667844522968197
2026-03-18 01:27:00,4.33,5.0,0.13399999999999998,0.763668430335097
2026-03-18 01:28:00,4.37,5.0,0.12599999999999997,0.7761989342806395
2026-03-18 01:29:00,4.33,5.0,0.13399999999999998,0.763668430335097
2026-03-18 01:30:00,4.36,5.0,0.12799999999999995,0.773049645390071
2026-03-18 01:31:00,4.34,5.0,0.13200000000000003,0.7667844522968197
2026-03-18 01:32:00,4.28,5.0,0.14399999999999996,0.7482517482517484
2026-03-18 01:33:00,4.32,5.0,0.13599999999999995,0.7605633802816903
2026-03-18 01:34:00,4.29,5.0,0.142,0.7513134851138354
2026-03-18 01:35:00,4.26,5.0,0.14800000000000005,0.7421602787456445
2026-03-18 01:36:00,4.24,5.0,0.15199999999999997,0.7361111111111113
2026-03-18 01:37:00,4.35,5.0,0.13000000000000006,0.7699115044247786
2026-03-18 01:38:00,4.3,5.0,0.14000000000000004,0.7543859649122806
2026-03-18 01:39:00,4.12,5.0,0.176,0.7006802721088436
2026-03-18 01:40:00,4.03,5.0,0.19399999999999995,0.6750418760469012
2026-03-18 01:41:00,3.79,5.0,0.242,0.6103059581320451
2026-03-18 01:42:00,4.05,5.0,0.19000000000000003,0.680672268907563
2026-03-18 01:43:00,3.82,5.0,0.23600000000000004,0.6181229773462783
2026-03-18 01:44:00,4.05,5.0,0.19000000000000003,0.680672268907563
2026-03-18 01:45:00,3.96,5.0,0.20800000000000002,0.6556291390728477
2026-03-18 01:46:00,4.3,5.0,0.14000000000000004,0.7543859649122806
2026-03-18 01:47:00,4.43,5.0,0.11400000000000006,0.7953321364452423
2026-03-18 01:48:00,4.35,5.0,0.13000000000000006,0.7699115044247786
2026-03-18 01:49:00,4.36,5.0,0.12799999999999995,0.773049645390071
2026-03-18 01:50:00,4.19,5.0,0.16199999999999992,0.7211703958691912
2026-03-18 01:51:00,4.17,5.0,0.166,0.7152658662092625
2026-03-18 01:52:00,4.18,5.0,0.16400000000000006,0.7182130584192439
2026-03-18 01:53:00,4.19,5.0,0.16199999999999992,0.7211703958691912
2026-03-18 01:54:00,4.28,5.0,0.14399999999999996,0.7482517482517484
2026-03-18 01:55:00,4.08,5.0,0.184,0.6891891891891893
2026-03-18 01:56:00,4.02,5.0,0.1960000000000001,0.6722408026755852
2026-03-18 01:57:00,4.24,5.0,0.15199999999999997,0.7361111111111113
2026-03-18 01:58:00,3.99,5.0,0.20199999999999996,0.6638935108153079
2026-03-18 01:59:00,4.16,5.0,0.16799999999999998,0.7123287671232877
2026-03-18 02:00:00,4.09,5.0,0.18200000000000002,0.6920473773265652
2026-03-18 02:01:00,4.18,5.0,0.16400000000000006,0.7182130584192439
2026-03-18 02:02:00,4.27,5.0,0.14600000000000007,0.745200698080279
2026-03-18 02:03:00,4.08,5.0,0.184,0.6891891891891893
2026-03-18 02:04:00,4.13,5.0,0.17400000000000002,0.7035775127768313
2026-03-18 02:05:00,4.13,5.0,0.17400000000000002,0.7035775127768313
2026-03-18 02:06:00,4.03,5.0,0.19399999999999995,0.6750418760469012
2026-03-18 02:07:00,3.9,5.0,0.22000000000000003,0.639344262295082
2026-03-18 02:08:00,4.2,5.0,0.15999999999999998,0.7241379310344829
2026-03-18 02:09:00,4.2,5.0,0.15999999999999998,0.7241379310344829
2026-03-18 02:10:00,4.1,5.0,0.18000000000000008,0.694915254237288
2026-03-18 02:11:00,3.95,5.0,0.20999999999999996,0.6528925619834711
2026-03-18 02:12:00,4.2,5.0,0.15999999999999998,0.7241379310344829
2026-03-18 02:13:00,4.18,5.0,0.16400000000000006,0.7182130584192439
2026-03-18 02:14:00,3.98,5.0,0.20400000000000001,0.6611295681063124
2026-03-18 02:15:00,4.06,5.0,0.18800000000000008,0.6835016835016834
2026-03-18 02:16:00,3.94,5.0,0.21200000000000002,0.6501650165016503
2026-03-18 02:17:00,3.42,5.0,0.316,0.519756838905775
2026-03-18 02:18:00,3.48,5.0,0.304,0.5337423312883435
2026-03-18 02:19:00,3.79,5.0,0.242,0.6103059581320451
2026-03-18 02:20:00,4.13,5.0,0.17400000000000002,0.7035775127768313
2026-03-18 02:21:00,4.28,5.0,0.14399999999999996,0.7482517482517484
2026-03-18 02:22:00,4.33,5.0,0.13399999999999998,0.763668430335097
2026-03-18 02:23:00,4.41,5.0,0.11799999999999997,0.7889087656529518
2026-03-18 02:24:00,4.47,5.0,0.10600000000000005,0.8083182640144664
2026-03-18 02:25:00,4.43,5.0,0.11400000000000006,0.7953321364452423
2026-03-18 02:26:00,4.43,5.0,0.11400000000000006,0.7953321364452423
2026-03-18 02:27:00,4.52,5.0,0.09600000000000009,0.8248175182481751
2026-03-18 02:28:00,4.58,5.0,0.08399999999999999,0.8450184501845018
2026-03-18 02:29:00,4.57,5.0,0.08599999999999994,0.8416206261510131
2026-03-18 02:30:00,4.44,5.0,0.11199999999999992,0.7985611510791369
2026-03-18 02:31:00,4.45,5.0,0.10999999999999996,0.8018018018018019
2026-03-18 02:32:00,4.33,5.0,0.13399999999999998,0.763668430335097
2026-03-18 02:33:00,4.48,5.0,0.10399999999999991,0.8115942028985509
2026-03-18 02:34:00,4.55,5.0,0.09000000000000004,0.8348623853211008
2026-03-18 02:35:00,4.52,5.0,0.09600000000000009,0.8248175182481751
2026-03-18 02:36:00,4.39,5.0,0.12200000000000007,0.7825311942959
2026-03-18 02:37:00,4.55,5.0,0.09000000000000004,0.8348623853211008
2026-03-18 02:38:00,4.28,5.0,0.14399999999999996,0.7482517482517484
2026-03-18 02:39:00,4.28,5.0,0.14399999999999996,0.7482517482517484
2026-03-18 02:40:00,4.31,5.0,0.13800000000000007,0.7574692442882248
2026-03-18 02:41:00,4.32,5.0,0.13599999999999995,0.7605633802816903
2026-03-18 02:42:00,4.36,5.0,0.12799999999999995,0.773049645390071
2026-03-18 02:43:00,4.35,5.0,0.13000000000000006,0.7699115044247786
2026-03-18 02:44:00,4.29,5.0,0.142,0.7513134851138354
2026-03-18 02:45:00,4.11,5.0,0.17799999999999994,0.6977928692699492
2026-03-18 02:46:00,4.37,5.0,0.12599999999999997,0.7761989342806395
2026-03-18 02:47:00,4.41,5.0,0.11799999999999997,0.7889087656529518
2026-03-18 02:48:00,4.01,5.0,0.19800000000000004,0.669449081803005
2026-03-18 02:49:00,3.73,5.0,0.254,0.594896331738437
2026-03-18 02:50:00,4.13,5.0,0.17400000000000002,0.7035775127768313
2026-03-18 02:51:00,4.17,5.0,0.166,0.7152658662092625
2026-03-18 02:52:00,4.02,5.0,0.1960000000000001,0.6722408026755852
2026-03-18 02:53:00,3.81,5.0,0.238,0.6155088852988692
2026-03-18 02:54:00,4.07,5.0,0.18599999999999994,0.6863406408094436
2026-03-18 02:55:00,3.94,5.0,0.21200000000000002,0.6501650165016503
2026-03-18 02:56:00,2.94,5.0,0.41200000000000003,0.4164305949008499
2026-03-18 02:57:00,3.4,5.0,0.32,0.515151515151515
2026-03-18 02:58:00,4.63,5.0,0.07400000000000002,0.8621973929236498
2026-03-18 02:59:00,4.68,5.0,0.06400000000000006,0.8796992481203006
2026-03-18 03:00:00,4.87,5.0,0.025999999999999978,0.949317738791423
2026-03-18 03:01:00,5.01,5.0,0.0019999999999999575,1.0
2026-03-18 03:02:00,5.0,5.0,0.0,1.0
2026-03-18 03:03:00,5.0,5.0,0.0,1.0
2026-03-18 03:04:00,5.15,5.0,0.030000000000000072,1.0
2026-03-18 03:05:00,5.14,5.0,0.027999999999999935,1.0
2026-03-18 03:06:00,5.17,5.0,0.03399999999999999,1.0
2026-03-18 03:07:00,5.2,5.0,0.040000000000000036,1.0
2026-03-18 03:08:00,5.24,5.0,0.04800000000000004,1.0
2026-03-18 03:09:00,5.28,5.0,0.05600000000000005,1.0
2026-03-18 03:10:00,5.29,5.0,0.05800000000000001,1.0
2026-03-18 03:11:00,5.24,5.0,0.04800000000000004,1.0
2026-03-18 03:12:00,5.22,5.0,0.04399999999999995,1.0
2026-03-18 03:13:00,5.25,5.0,0.05,1.0
2026-03-18 03:14:00,5.23,5.0,0.04600000000000008,1.0
2026-03-18 03:15:00,5.3,5.0,0.05999999999999996,1.0
2026-03-18 03:16:00,5.25,5.0,0.05,1.0
2026-03-18 03:17:00,5.16,5.0,0.03200000000000003,1.0
2026-03-18 03:18:00,5.05,5.0,0.009999999999999964,1.0
2026-03-18 03:19:00,5.04,5.0,0.008000000000000007,1.0
2026-03-18 03:20:00,5.06,5.0,0.011999999999999922,1.0
2026-03-18 03:21:00,5.03,5.0,0.0060000000000000496,1.0
2026-03-18 03:22:00,5.07,5.0,0.014000000000000058,1.0
2026-03-18 03:23:00,5.06,5.0,0.011999999999999922,1.0
2026-03-18 03:24:00,5.05,5.0,0.009999999999999964,1.0
2026-03-18 03:25:00,5.21,5.0,0.041999999999999996,1.0
2026-03-18 03:26:00,5.1,5.0,0.019999999999999928,1.0
2026-03-18 03:27:00,5.12,5.0,0.02400000000000002,1.0
2026-03-18 03:28:00,5.18,5.0,0.03599999999999994,1.0
2026-03-18 03:29:00,5.12,5.0,0.02400000000000002,1.0
2026-03-18 03:30:00,5.07,5.0,0.014000000000000058,1.0
2026-03-18 03:31:00,4.92,5.0,0.016000000000000014,0.968503937007874
2026-03-18 03:32:00,4.97,5.0,0.0060000000000000496,0.9880715705765407
2026-03-18 03:33:00,4.91,5.0,0.01799999999999997,0.9646365422396856
2026-03-18 03:34:00,4.87,5.0,0.025999999999999978,0.949317738791423
2026-03-18 03:35:00,4.88,5.0,0.02400000000000002,0.953125
2026-03-18 03:36:00,4.84,5.0,0.03200000000000003,0.937984496124031
2026-03-18 03:37:00,4.82,5.0,0.03599999999999994,0.9305019305019305
2026-03-18 03:38:00,4.78,5.0,0.04399999999999995,0.9157088122605365
2026-03-18 03:39:00,4.81,5.0,0.038000000000000075,0.9267822736030827
2026-03-18 03:40:00,4.91,5.0,0.01799999999999997,0.9646365422396856
2026-03-18 03:41:00,4.9,5.0,0.019999999999999928,0.9607843137254902
2026-03-18 03:42:00,4.89,5.0,0.022000000000000065,0.9569471624266145
2026-03-18 03:43:00,4.74,5.0,0.051999999999999956,0.9011406844106464
2026-03-18 03:44:00,4.59,5.0,0.08200000000000003,0.8484288354898335
2026-03-18 03:45:00,4.45,5.0,0.10999999999999996,0.8018018018018019
2026-03-18 03:46:00,4.59,5.0,0.08200000000000003,0.8484288354898335
2026-03-18 03:47:00,4.73,5.0,0.053999999999999916,0.8975332068311197
2026-03-18 03:48:00,4.68,5.0,0.06400000000000006,0.8796992481203006
2026-03-18 03:49:00,4.64,5.0,0.07200000000000006,0.8656716417910446
2026-03-18 03:50:00,4.7,5.0,0.05999999999999996,0.8867924528301887
2026-03-18 03:51:00,4.74,5.0,0.051999999999999956,0.9011406844106464
2026-03-18 03:53:00,4.7,5.0,0.05999999999999996,0.8867924528301887
2026-03-18 03:54:00,4.73,5.0,0.053999999999999916,0.8975332068311197
2026-03-18 03:55:00,4.73,5.0,0.053999999999999916,0.8975332068311197
2026-03-18 03:56:00,4.76,5.0,0.04800000000000004,0.9083969465648855
2026-03-18 03:57:00,4.75,5.0,0.05,0.9047619047619047
2026-03-18 03:58:00,4.79,5.0,0.041999999999999996,0.9193857965451055
2026-03-18 04:00:00,4.82,5.0,0.03599999999999994,0.9305019305019305
2026-03-18 04:01:00,4.83,5.0,0.03399999999999999,0.9342359767891683
2026-03-18 04:02:00,4.84,5.0,0.03200000000000003,0.937984496124031
2026-03-18 04:03:00,4.87,5.0,0.025999999999999978,0.949317738791423
2026-03-18 04:04:00,4.87,5.0,0.025999999999999978,0.949317738791423
2026-03-18 04:05:00,4.92,5.0,0.016000000000000014,0.968503937007874
2026-03-18 04:06:00,4.74,5.0,0.051999999999999956,0.9011406844106464
2026-03-18 04:07:00,4.78,5.0,0.04399999999999995,0.9157088122605365
2026-03-18 04:08:00,4.51,5.0,0.09800000000000005,0.8214936247723131
2026-03-18 04:09:00,4.63,5.0,0.07400000000000002,0.8621973929236498
2026-03-18 04:10:00,4.73,5.0,0.053999999999999916,0.8975332068311197
2026-03-18 04:11:00,4.77,5.0,0.04600000000000008,0.9120458891013383
2026-03-18 04:53:00,5.5,5.0,0.1,1.0
2026-03-18 04:54:00,5.35,5.0,0.06999999999999992,1.0
2026-03-18 04:55:00,5.26,5.0,0.051999999999999956,1.0
2026-03-18 04:56:00,4.9,5.0,0.019999999999999928,0.9607843137254902
2026-03-18 04:57:00,4.65,5.0,0.06999999999999992,0.8691588785046731
2026-03-18 04:58:00,4.7,5.0,0.05999999999999996,0.8867924528301887
2026-03-18 04:59:00,4.71,5.0,0.05800000000000001,0.8903591682419659
2026-03-18 05:00:00,4.68,5.0,0.06400000000000006,0.8796992481203006
2026-03-18 05:01:00,4.66,5.0,0.06799999999999998,0.8726591760299626
2026-03-18 05:02:00,4.65,5.0,0.06999999999999992,0.8691588785046731
2026-03-18 05:03:00,4.75,5.0,0.05,0.9047619047619047
2026-03-18 05:04:00,4.73,5.0,0.053999999999999916,0.8975332068311197
2026-03-18 05:05:00,4.75,5.0,0.05,0.9047619047619047
2026-03-18 05:06:00,4.75,5.0,0.05,0.9047619047619047
2026-03-18 05:07:00,4.7,5.0,0.05999999999999996,0.8867924528301887
2026-03-18 05:08:00,4.76,5.0,0.04800000000000004,0.9083969465648855
2026-03-18 05:09:00,4.76,5.0,0.04800000000000004,0.9083969465648855
2026-03-18 05:10:00,4.62,5.0,0.07599999999999998,0.8587360594795539
2026-03-18 05:11:00,4.48,5.0,0.10399999999999991,0.8115942028985509
2026-03-18 05:15:00,4.69,5.0,0.06199999999999992,0.8832391713747648
2026-03-18 05:16:00,4.58,5.0,0.08399999999999999,0.8450184501845018
2026-03-18 05:17:00,4.68,5.0,0.06400000000000006,0.8796992481203006
2026-03-18 05:18:00,4.79,5.0,0.041999999999999996,0.9193857965451055
2026-03-18 05:19:00,4.43,5.0,0.11400000000000006,0.7953321364452423
2026-03-18 05:20:00,4.23,5.0,0.15399999999999991,0.7331022530329291
2026-03-18 05:21:00,4.26,5.0,0.14800000000000005,0.7421602787456445
2026-03-18 05:22:00,4.4,5.0,0.11999999999999993,0.7857142857142859
2026-03-18 05:23:00,4.37,5.0,0.12599999999999997,0.7761989342806395
2026-03-18 05:24:00,4.3,5.0,0.14000000000000004,0.7543859649122806
2026-03-18 05:25:00,4.99,5.0,0.0019999999999999575,0.9960079840319361
2026-03-18 05:26:00,4.42,5.0,0.11600000000000002,0.7921146953405017
2026-03-18 05:27:00,4.35,5.0,0.13000000000000006,0.7699115044247786
2026-03-18 05:28:00,4.28,5.0,0.14399999999999996,0.7482517482517484
2026-03-18 05:29:00,4.26,5.0,0.14800000000000005,0.7421602787456445
2026-03-18 05:30:00,4.43,5.0,0.11400000000000006,0.7953321364452423
2026-03-18 05:31:00,4.36,5.0,0.12799999999999995,0.773049645390071
2026-03-18 05:32:00,4.48,5.0,0.10399999999999991,0.8115942028985509
2026-03-18 05:33:00,4.88,5.0,0.02400000000000002,0.953125
2026-03-18 05:34:00,4.91,5.0,0.01799999999999997,0.9646365422396856
2026-03-18 05:35:00,4.64,5.0,0.07200000000000006,0.8656716417910446
2026-03-18 05:36:00,4.66,5.0,0.06799999999999998,0.8726591760299626
2026-03-18 05:37:00,4.52,5.0,0.09600000000000009,0.8248175182481751
2026-03-18 05:38:00,4.6,5.0,0.08000000000000007,0.8518518518518517
2026-03-18 05:39:00,4.62,5.0,0.07599999999999998,0.8587360594795539
2026-03-18 05:40:00,4.56,5.0,0.08800000000000008,0.838235294117647
2026-03-18 05:41:00,4.61,5.0,0.07799999999999993,0.855287569573284
2026-03-18 05:42:00,4.63,5.0,0.07400000000000002,0.8621973929236498
2026-03-18 05:43:00,4.51,5.0,0.09800000000000005,0.8214936247723131
2026-03-18 05:44:00,4.21,5.0,0.158,0.7271157167530224
2026-03-18 05:45:00,4.3,5.0,0.14000000000000004,0.7543859649122806
2026-03-18 05:46:00,4.76,5.0,0.04800000000000004,0.9083969465648855
2026-03-18 05:47:00,5.01,5.0,0.0019999999999999575,1.0
2026-03-18 05:48:00,5.13,5.0,0.025999999999999978,1.0
2026-03-18 05:49:00,5.23,5.0,0.04600000000000008,1.0
2026-03-18 05:50:00,5.21,5.0,0.041999999999999996,1.0
2026-03-18 05:51:00,5.0,5.0,0.0,1.0
2026-03-18 05:52:00,4.86,5.0,0.027999999999999935,0.9455252918287939
2026-03-18 05:53:00,4.56,5.0,0.08800000000000008,0.838235294117647
2026-03-18 05:54:00,4.73,5.0,0.053999999999999916,0.8975332068311197
2026-03-18 05:55:00,4.79,5.0,0.041999999999999996,0.9193857965451055
2026-03-18 05:56:00,4.81,5.0,0.038000000000000075,0.9267822736030827
2026-03-18 05:57:00,4.79,5.0,0.041999999999999996,0.9193857965451055
2026-03-18 05:58:00,4.82,5.0,0.03599999999999994,0.9305019305019305
2026-03-18 05:59:00,4.75,5.0,0.05,0.9047619047619047
2026-03-18 06:00:00,4.7,5.0,0.05999999999999996,0.8867924528301887
2026-03-18 06:01:00,4.88,5.0,0.02400000000000002,0.953125
2026-03-18 06:02:00,4.77,5.0,0.04600000000000008,0.9120458891013383
2026-03-18 06:03:00,4.58,5.0,0.08399999999999999,0.8450184501845018
2026-03-18 06:04:00,4.54,5.0,0.092,0.8315018315018314
2026-03-18 06:05:00,4.58,5.0,0.08399999999999999,0.8450184501845018
2026-03-18 06:06:00,4.94,5.0,0.011999999999999922,0.9762845849802373
2026-03-18 06:07:00,4.86,5.0,0.027999999999999935,0.9455252918287939
2026-03-18 06:08:00,4.93,5.0,0.014000000000000058,0.9723865877712031
2026-03-18 06:09:00,4.9,5.0,0.019999999999999928,0.9607843137254902
2026-03-18 06:10:00,4.93,5.0,0.014000000000000058,0.9723865877712031
2026-03-18 06:11:00,4.93,5.0,0.014000000000000058,0.9723865877712031
2026-03-18 06:12:00,4.96,5.0,0.008000000000000007,0.9841269841269841
2026-03-18 06:13:00,4.98,5.0,0.003999999999999915,0.9920318725099603
2026-03-18 06:14:00,5.0,5.0,0.0,1.0
2026-03-18 06:15:00,5.13,5.0,0.025999999999999978,1.0
2026-03-18 06:16:00,5.01,5.0,0.0019999999999999575,1.0
2026-03-18 06:17:00,5.1,5.0,0.019999999999999928,1.0
2026-03-18 06:18:00,4.85,5.0,0.030000000000000072,0.9417475728155339
2026-03-18 06:19:00,4.83,5.0,0.03399999999999999,0.9342359767891683
2026-03-18 06:20:00,4.92,5.0,0.016000000000000014,0.968503937007874
2026-03-18 06:21:00,5.04,5.0,0.008000000000000007,1.0
2026-03-18 06:22:00,5.18,5.0,0.03599999999999994,1.0
2026-03-18 06:23:00,5.0,5.0,0.0,1.0
2026-03-18 06:24:00,4.98,5.0,0.003999999999999915,0.9920318725099603
2026-03-18 06:25:00,5.19,5.0,0.038000000000000075,1.0
2026-03-18 06:26:00,5.14,5.0,0.027999999999999935,1.0
2026-03-18 06:27:00,5.2,5.0,0.040000000000000036,1.0
2026-03-18 06:28:00,5.2,5.0,0.040000000000000036,1.0
2026-03-18 06:29:00,5.19,5.0,0.038000000000000075,1.0
2026-03-18 06:30:00,5.18,5.0,0.03599999999999994,1.0
2026-03-18 06:31:00,4.82,5.0,0.03599999999999994,0.9305019305019305
2026-03-18 06:32:00,5.1,5.0,0.019999999999999928,1.0
2026-03-18 06:33:00,5.13,5.0,0.025999999999999978,1.0
2026-03-18 06:34:00,5.13,5.0,0.025999999999999978,1.0
2026-03-18 06:35:00,4.98,5.0,0.003999999999999915,0.9920318725099603
2026-03-18 06:36:00,4.88,5.0,0.02400000000000002,0.953125
2026-03-18 06:37:00,4.68,5.0,0.06400000000000006,0.8796992481203006
2026-03-18 06:38:00,4.67,5.0,0.06600000000000002,0.8761726078799249
2026-03-18 06:39:00,4.71,5.0,0.05800000000000001,0.8903591682419659
2026-03-18 06:40:00,4.76,5.0,0.04800000000000004,0.9083969465648855
2026-03-18 06:41:00,4.79,5.0,0.041999999999999996,0.9193857965451055
2026-03-18 06:42:00,4.81,5.0,0.038000000000000075,0.9267822736030827
2026-03-18 06:43:00,4.76,5.0,0.04800000000000004,0.9083969465648855
2026-03-18 06:44:00,4.73,5.0,0.053999999999999916,0.8975332068311197
2026-03-18 06:45:00,4.7,5.0,0.05999999999999996,0.8867924528301887
2026-03-18 06:46:00,4.85,5.0,0.030000000000000072,0.9417475728155339
2026-03-18 06:47:00,4.63,5.0,0.07400000000000002,0.8621973929236498
2026-03-18 06:48:00,4.6,5.0,0.08000000000000007,0.8518518518518517
2026-03-18 06:49:00,3.74,5.0,0.25199999999999995,0.597444089456869
2026-03-18 06:50:00,4.78,5.0,0.04399999999999995,0.9157088122605365
2026-03-18 06:51:00,4.5,5.0,0.1,0.8181818181818181
2026-03-18 06:52:00,4.4,5.0,0.11999999999999993,0.7857142857142859
2026-03-18 06:53:00,4.77,5.0,0.04600000000000008,0.9120458891013383
2026-03-18 06:54:00,4.83,5.0,0.03399999999999999,0.9342359767891683
2026-03-18 06:55:00,4.78,5.0,0.04399999999999995,0.9157088122605365
2026-03-18 06:56:00,4.55,5.0,0.09000000000000004,0.8348623853211008
2026-03-18 06:57:00,4.72,5.0,0.05600000000000005,0.8939393939393938
2026-03-18 06:58:00,4.67,5.0,0.06600000000000002,0.8761726078799249
2026-03-18 06:59:00,4.58,5.0,0.08399999999999999,0.8450184501845018
2026-03-18 07:00:00,4.16,5.0,0.16799999999999998,0.7123287671232877
2026-03-18 07:01:00,4.33,5.0,0.13399999999999998,0.763668430335097
2026-03-18 07:02:00,4.2,5.0,0.15999999999999998,0.7241379310344829
2026-03-18 07:03:00,3.22,5.0,0.356,0.47492625368731567
2026-03-18 07:04:00,3.97,5.0,0.20599999999999996,0.6583747927031509
2026-03-18 07:05:00,4.58,5.0,0.08399999999999999,0.8450184501845018
2026-03-18 07:06:00,4.57,5.0,0.08599999999999994,0.8416206261510131
2026-03-18 07:07:00,4.58,5.0,0.08399999999999999,0.8450184501845018
2026-03-18 07:08:00,4.51,5.0,0.09800000000000005,0.8214936247723131
2026-03-18 07:09:00,4.29,5.0,0.142,0.7513134851138354
2026-03-18 07:10:00,4.47,5.0,0.10600000000000005,0.8083182640144664
2026-03-18 07:11:00,4.38,5.0,0.12400000000000003,0.7793594306049821
2026-03-18 07:12:00,4.48,5.0,0.10399999999999991,0.8115942028985509
2026-03-18 07:13:00,4.59,5.0,0.08200000000000003,0.8484288354898335
2026-03-18 07:14:00,4.66,5.0,0.06799999999999998,0.8726591760299626
2026-03-18 07:15:00,4.26,5.0,0.14800000000000005,0.7421602787456445
2026-03-18 07:16:00,4.2,5.0,0.15999999999999998,0.7241379310344829
2026-03-18 07:17:00,4.24,5.0,0.15199999999999997,0.7361111111111113
2026-03-18 07:18:00,4.29,5.0,0.142,0.7513134851138354
2026-03-18 07:19:00,4.24,5.0,0.15199999999999997,0.7361111111111113
2026-03-18 07:20:00,4.22,5.0,0.15600000000000006,0.7301038062283736
2026-03-18 07:21:00,4.21,5.0,0.158,0.7271157167530224
2026-03-18 07:22:00,4.16,5.0,0.16799999999999998,0.7123287671232877
2026-03-18 07:23:00,4.24,5.0,0.15199999999999997,0.7361111111111113
2026-03-18 07:24:00,4.15,5.0,0.16999999999999993,0.7094017094017095
2026-03-18 07:25:00,4.22,5.0,0.15600000000000006,0.7301038062283736
2026-03-18 07:26:00,4.34,5.0,0.13200000000000003,0.7667844522968197
2026-03-18 07:27:00,4.46,5.0,0.10800000000000001,0.8050541516245486
2026-03-18 07:28:00,4.62,5.0,0.07599999999999998,0.8587360594795539
2026-03-18 07:29:00,4.79,5.0,0.041999999999999996,0.9193857965451055
2026-03-18 07:30:00,4.91,5.0,0.01799999999999997,0.9646365422396856
2026-03-18 07:31:00,4.97,5.0,0.0060000000000000496,0.9880715705765407
2026-03-18 07:32:00,4.98,5.0,0.003999999999999915,0.9920318725099603
2026-03-18 07:33:00,5.01,5.0,0.0019999999999999575,1.0
2026-03-18 07:34:00,4.93,5.0,0.014000000000000058,0.9723865877712031
2026-03-18 07:35:00,5.0,5.0,0.0,1.0
2026-03-18 07:36:00,5.08,5.0,0.016000000000000014,1.0
2026-03-18 07:37:00,5.0,5.0,0.0,1.0
2026-03-18 07:38:00,5.02,5.0,0.003999999999999915,1.0
2026-03-18 07:39:00,5.08,5.0,0.016000000000000014,1.0
2026-03-18 07:40:00,5.26,5.0,0.051999999999999956,1.0
2026-03-18 07:41:00,5.51,5.0,0.10199999999999995,1.0
2026-03-18 07:42:00,5.49,5.0,0.09800000000000005,1.0
2026-03-18 07:43:00,5.49,5.0,0.09800000000000005,1.0
2026-03-18 07:44:00,5.37,5.0,0.07400000000000002,1.0
2026-03-18 07:45:00,5.2,5.0,0.040000000000000036,1.0
2026-03-18 07:46:00,5.02,5.0,0.003999999999999915,1.0
2026-03-18 07:47:00,4.93,5.0,0.014000000000000058,0.9723865877712031
2026-03-18 07:48:00,4.87,5.0,0.025999999999999978,0.949317738791423
2026-03-18 07:49:00,4.82,5.0,0.03599999999999994,0.9305019305019305
2026-03-18 07:50:00,4.78,5.0,0.04399999999999995,0.9157088122605365
2026-03-18 07:51:00,4.71,5.0,0.05800000000000001,0.8903591682419659
2026-03-18 07:52:00,4.76,5.0,0.04800000000000004,0.9083969465648855
2026-03-18 07:53:00,4.75,5.0,0.05,0.9047619047619047
2026-03-18 07:54:00,4.56,5.0,0.08800000000000008,0.838235294117647
2026-03-18 07:55:00,4.61,5.0,0.07799999999999993,0.855287569573284
2026-03-18 07:56:00,4.65,5.0,0.06999999999999992,0.8691588785046731
2026-03-18 07:57:00,4.51,5.0,0.09800000000000005,0.8214936247723131
2026-03-18 07:58:00,4.45,5.0,0.10999999999999996,0.8018018018018019
2026-03-18 07:59:00,4.28,5.0,0.14399999999999996,0.7482517482517484
2026-03-18 08:00:00,4.28,5.0,0.14399999999999996,0.7482517482517484
2026-03-18 08:01:00,4.26,5.0,0.14800000000000005,0.7421602787456445
2026-03-18 08:02:00,4.23,5.0,0.15399999999999991,0.7331022530329291
2026-03-18 08:03:00,3.98,5.0,0.20400000000000001,0.6611295681063124
2026-03-18 08:04:00,4.46,5.0,0.10800000000000001,0.8050541516245486
2026-03-18 08:05:00,4.74,5.0,0.051999999999999956,0.9011406844106464
2026-03-18 08:06:00,4.73,5.0,0.053999999999999916,0.8975332068311197
2026-03-18 08:07:00,4.68,5.0,0.06400000000000006,0.8796992481203006
2026-03-18 08:08:00,4.84,5.0,0.03200000000000003,0.937984496124031
2026-03-18 08:09:00,4.79,5.0,0.041999999999999996,0.9193857965451055
2026-03-18 08:10:00,4.65,5.0,0.06999999999999992,0.8691588785046731
2026-03-18 08:11:00,4.66,5.0,0.06799999999999998,0.8726591760299626
2026-03-18 08:12:00,4.61,5.0,0.07799999999999993,0.855287569573284
2026-03-18 08:13:00,4.65,5.0,0.06999999999999992,0.8691588785046731
2026-03-18 08:14:00,4.7,5.0,0.05999999999999996,0.8867924528301887
2026-03-18 08:15:00,4.7,5.0,0.05999999999999996,0.8867924528301887
2026-03-18 08:16:00,4.68,5.0,0.06400000000000006,0.8796992481203006
2026-03-18 08:17:00,4.58,5.0,0.08399999999999999,0.8450184501845018
2026-03-18 08:18:00,4.63,5.0,0.07400000000000002,0.8621973929236498
2026-03-18 08:19:00,4.73,5.0,0.053999999999999916,0.8975332068311197
2026-03-18 08:20:00,4.65,5.0,0.06999999999999992,0.8691588785046731
2026-03-18 08:21:00,4.37,5.0,0.12599999999999997,0.7761989342806395
2026-03-18 08:22:00,4.23,5.0,0.15399999999999991,0.7331022530329291
2026-03-18 08:23:00,4.38,5.0,0.12400000000000003,0.7793594306049821
2026-03-18 08:24:00,4.69,5.0,0.06199999999999992,0.8832391713747648
2026-03-18 08:25:00,4.82,5.0,0.03599999999999994,0.9305019305019305
2026-03-18 08:26:00,4.75,5.0,0.05,0.9047619047619047
2026-03-18 08:27:00,4.79,5.0,0.041999999999999996,0.9193857965451055
2026-03-18 08:28:00,4.76,5.0,0.04800000000000004,0.9083969465648855
2026-03-18 08:29:00,4.72,5.0,0.05600000000000005,0.8939393939393938
2026-03-18 08:30:00,4.7,5.0,0.05999999999999996,0.8867924528301887
2026-03-18 08:31:00,4.64,5.0,0.07200000000000006,0.8656716417910446
2026-03-18 08:32:00,4.87,5.0,0.025999999999999978,0.949317738791423
2026-03-18 08:33:00,4.86,5.0,0.027999999999999935,0.9455252918287939
2026-03-18 08:34:00,4.88,5.0,0.02400000000000002,0.953125
2026-03-18 08:35:00,4.89,5.0,0.022000000000000065,0.9569471624266145
2026-03-18 08:36:00,4.93,5.0,0.014000000000000058,0.9723865877712031
2026-03-18 08:37:00,4.96,5.0,0.008000000000000007,0.9841269841269841
2026-03-18 08:38:00,4.79,5.0,0.041999999999999996,0.9193857965451055
2026-03-18 08:39:00,4.72,5.0,0.05600000000000005,0.8939393939393938
2026-03-18 08:40:00,4.74,5.0,0.051999999999999956,0.9011406844106464
2026-03-18 08:41:00,4.67,5.0,0.06600000000000002,0.8761726078799249
2026-03-18 08:42:00,4.56,5.0,0.08800000000000008,0.838235294117647
2026-03-18 08:43:00,4.53,5.0,0.09399999999999994,0.8281535648994517
2026-03-18 08:44:00,4.59,5.0,0.08200000000000003,0.8484288354898335
2026-03-18 08:45:00,4.64,5.0,0.07200000000000006,0.8656716417910446
2026-03-18 08:46:00,4.35,5.0,0.13000000000000006,0.7699115044247786
2026-03-18 08:47:00,4.44,5.0,0.11199999999999992,0.7985611510791369
2026-03-18 08:48:00,4.49,5.0,0.10199999999999995,0.8148820326678767
2026-03-18 08:49:00,4.49,5.0,0.10199999999999995,0.8148820326678767
2026-03-18 08:50:00,4.56,5.0,0.08800000000000008,0.838235294117647
2026-03-18 08:51:00,4.5,5.0,0.1,0.8181818181818181
2026-03-18 08:52:00,4.59,5.0,0.08200000000000003,0.8484288354898335
2026-03-18 08:53:00,4.6,5.0,0.08000000000000007,0.8518518518518517
2026-03-18 08:54:00,4.61,5.0,0.07799999999999993,0.855287569573284
2026-03-18 08:55:00,4.55,5.0,0.09000000000000004,0.8348623853211008
2026-03-18 08:56:00,4.5,5.0,0.1,0.8181818181818181
2026-03-18 08:57:00,4.01,5.0,0.19800000000000004,0.669449081803005
2026-03-18 08:58:00,4.31,5.0,0.13800000000000007,0.7574692442882248
2026-03-18 08:59:00,4.33,5.0,0.13399999999999998,0.763668430335097
2026-03-18 09:00:00,4.36,5.0,0.12799999999999995,0.773049645390071
2026-03-18 09:01:00,4.35,5.0,0.13000000000000006,0.7699115044247786
2026-03-18 09:02:00,3.61,5.0,0.278,0.5649452269170578
2026-03-18 09:03:00,4.64,5.0,0.07200000000000006,0.8656716417910446
2026-03-18 09:04:00,4.69,5.0,0.06199999999999992,0.8832391713747648
2026-03-18 09:05:00,4.61,5.0,0.07799999999999993,0.855287569573284
2026-03-18 09:06:00,4.65,5.0,0.06999999999999992,0.8691588785046731
2026-03-18 09:07:00,4.61,5.0,0.07799999999999993,0.855287569573284
2026-03-18 09:08:00,4.31,5.0,0.13800000000000007,0.7574692442882248
2026-03-18 09:09:00,4.29,5.0,0.142,0.7513134851138354
2026-03-18 09:10:00,4.53,5.0,0.09399999999999994,0.8281535648994517
2026-03-18 09:11:00,4.26,5.0,0.14800000000000005,0.7421602787456445
2026-03-18 09:12:00,4.58,5.0,0.08399999999999999,0.8450184501845018
2026-03-18 09:13:00,4.51,5.0,0.09800000000000005,0.8214936247723131
2026-03-18 09:14:00,4.44,5.0,0.11199999999999992,0.7985611510791369
2026-03-18 09:15:00,4.36,5.0,0.12799999999999995,0.773049645390071
2026-03-18 09:16:00,4.65,5.0,0.06999999999999992,0.8691588785046731
2026-03-18 09:17:00,4.5,5.0,0.1,0.8181818181818181
2026-03-18 09:18:00,4.79,5.0,0.041999999999999996,0.9193857965451055
2026-03-18 09:19:00,4.93,5.0,0.014000000000000058,0.9723865877712031
2026-03-18 09:20:00,5.45,5.0,0.09000000000000004,1.0
2026-03-18 09:21:00,5.51,5.0,0.10199999999999995,1.0
2026-03-18 09:22:00,5.5,5.0,0.1,1.0
2026-03-18 09:23:00,5.57,5.0,0.11400000000000006,1.0
2026-03-18 09:24:00,5.13,5.0,0.025999999999999978,1.0
2026-03-18 09:25:00,5.3,5.0,0.05999999999999996,1.0
2026-03-18 09:26:00,5.31,5.0,0.06199999999999992,1.0
2026-03-18 09:27:00,5.3,5.0,0.05999999999999996,1.0
2026-03-18 09:28:00,5.21,5.0,0.041999999999999996,1.0
2026-03-18 09:29:00,5.0,5.0,0.0,1.0
2026-03-18 09:30:00,4.94,5.0,0.011999999999999922,0.9762845849802373
2026-03-18 09:31:00,4.84,5.0,0.03200000000000003,0.937984496124031
2026-03-18 09:32:00,4.89,5.0,0.022000000000000065,0.9569471624266145
2026-03-18 09:33:00,4.89,5.0,0.022000000000000065,0.9569471624266145
2026-03-18 09:34:00,4.91,5.0,0.01799999999999997,0.9646365422396856
2026-03-18 09:35:00,4.89,5.0,0.022000000000000065,0.9569471624266145
2026-03-18 09:36:00,4.98,5.0,0.003999999999999915,0.9920318725099603
2026-03-18 09:37:00,4.76,5.0,0.04800000000000004,0.9083969465648855
2026-03-18 09:38:00,4.66,5.0,0.06799999999999998,0.8726591760299626
2026-03-18 09:39:00,4.72,5.0,0.05600000000000005,0.8939393939393938
2026-03-18 09:40:00,4.66,5.0,0.06799999999999998,0.8726591760299626
2026-03-18 09:41:00,4.6,5.0,0.08000000000000007,0.8518518518518517
2026-03-18 09:42:00,4.48,5.0,0.10399999999999991,0.8115942028985509
2026-03-18 09:43:00,4.66,5.0,0.06799999999999998,0.8726591760299626
2026-03-18 09:44:00,4.37,5.0,0.12599999999999997,0.7761989342806395
2026-03-18 09:45:00,4.06,5.0,0.18800000000000008,0.6835016835016834
2026-03-18 09:46:00,4.1,5.0,0.18000000000000008,0.694915254237288
2026-03-18 09:47:00,4.33,5.0,0.13399999999999998,0.763668430335097
2026-03-18 09:48:00,4.46,5.0,0.10800000000000001,0.8050541516245486
2026-03-18 09:49:00,4.61,5.0,0.07799999999999993,0.855287569573284
2026-03-18 09:50:00,4.7,5.0,0.05999999999999996,0.8867924528301887
2026-03-18 09:51:00,4.6,5.0,0.08000000000000007,0.8518518518518517
2026-03-18 09:52:00,4.38,5.0,0.12400000000000003,0.7793594306049821
2026-03-18 09:53:00,4.29,5.0,0.142,0.7513134851138354
2026-03-18 09:54:00,4.3,5.0,0.14000000000000004,0.7543859649122806
2026-03-18 09:55:00,4.4,5.0,0.11999999999999993,0.7857142857142859
2026-03-18 09:56:00,4.16,5.0,0.16799999999999998,0.7123287671232877
2026-03-18 09:57:00,4.18,5.0,0.16400000000000006,0.7182130584192439
2026-03-18 09:58:00,4.32,5.0,0.13599999999999995,0.7605633802816903
2026-03-18 10:02:00,3.99,5.0,0.20199999999999996,0.6638935108153079
2026-03-18 10:03:00,4.04,5.0,0.192,0.6778523489932886
2026-03-18 10:04:00,3.86,5.0,0.22800000000000004,0.6286644951140066
2026-03-18 10:05:00,3.86,5.0,0.22800000000000004,0.6286644951140066
2026-03-18 10:06:00,3.71,5.0,0.258,0.589825119236884
2026-03-18 10:07:00,3.4,5.0,0.32,0.515151515151515
2026-03-18 10:08:00,3.38,5.0,0.324,0.5105740181268882
2026-03-18 10:09:00,3.82,5.0,0.23600000000000004,0.6181229773462783
2026-03-18 10:10:00,3.69,5.0,0.262,0.5847860538827259
2026-03-18 10:11:00,4.28,5.0,0.14399999999999996,0.7482517482517484
2026-03-18 10:12:00,4.0,5.0,0.2,0.6666666666666667
2026-03-18 10:13:00,4.26,5.0,0.14800000000000005,0.7421602787456445
2026-03-18 10:14:00,4.26,5.0,0.14800000000000005,0.7421602787456445
2026-03-18 10:15:00,4.31,5.0,0.13800000000000007,0.7574692442882248
2026-03-18 10:16:00,4.57,5.0,0.08599999999999994,0.8416206261510131
2026-03-18 10:17:00,4.65,5.0,0.06999999999999992,0.8691588785046731
2026-03-18 10:18:00,4.72,5.0,0.05600000000000005,0.8939393939393938
2026-03-18 10:19:00,4.74,5.0,0.051999999999999956,0.9011406844106464
2026-03-18 10:20:00,4.71,5.0,0.05800000000000001,0.8903591682419659
2026-03-18 10:21:00,4.33,5.0,0.13399999999999998,0.763668430335097
2026-03-18 10:22:00,4.28,5.0,0.14399999999999996,0.7482517482517484
2026-03-18 10:23:00,4.07,5.0,0.18599999999999994,0.6863406408094436
2026-03-18 10:24:00,4.26,5.0,0.14800000000000005,0.7421602787456445
2026-03-18 10:25:00,4.38,5.0,0.12400000000000003,0.7793594306049821
2026-03-18 10:26:00,4.18,5.0,0.16400000000000006,0.7182130584192439
2026-03-18 10:27:00,4.14,5.0,0.17200000000000007,0.7064846416382251
2026-03-18 10:28:00,4.33,5.0,0.13399999999999998,0.763668430335097
2026-03-18 10:29:00,4.33,5.0,0.13399999999999998,0.763668430335097
2026-03-18 10:30:00,4.38,5.0,0.12400000000000003,0.7793594306049821
2026-03-18 10:32:00,4.4,5.0,0.11999999999999993,0.7857142857142859
2026-03-18 10:33:00,4.53,5.0,0.09399999999999994,0.8281535648994517
2026-03-18 10:34:00,4.54,5.0,0.092,0.8315018315018314
2026-03-18 10:35:00,4.37,5.0,0.12599999999999997,0.7761989342806395
2026-03-18 10:36:00,4.44,5.0,0.11199999999999992,0.7985611510791369
2026-03-18 10:37:00,4.29,5.0,0.142,0.7513134851138354
2026-03-18 10:38:00,4.37,5.0,0.12599999999999997,0.7761989342806395
2026-03-18 10:39:00,4.36,5.0,0.12799999999999995,0.773049645390071
2026-03-18 10:40:00,4.14,5.0,0.17200000000000007,0.7064846416382251
2026-03-18 10:41:00,4.4,5.0,0.11999999999999993,0.7857142857142859
2026-03-18 10:42:00,4.41,5.0,0.11799999999999997,0.7889087656529518
2026-03-18 10:43:00,4.33,5.0,0.13399999999999998,0.763668430335097
2026-03-18 10:44:00,4.36,5.0,0.12799999999999995,0.773049645390071
2026-03-18 10:45:00,4.19,5.0,0.16199999999999992,0.7211703958691912
2026-03-18 10:46:00,4.13,5.0,0.17400000000000002,0.7035775127768313
2026-03-18 10:47:00,4.19,5.0,0.16199999999999992,0.7211703958691912
2026-03-18 10:48:00,4.25,5.0,0.15,0.7391304347826088
2026-03-18 10:49:00,4.35,5.0,0.13000000000000006,0.7699115044247786
2026-03-18 10:50:00,4.2,5.0,0.15999999999999998,0.7241379310344829
2026-03-18 10:51:00,4.0,5.0,0.2,0.6666666666666667
2026-03-18 10:52:00,3.66,5.0,0.26799999999999996,0.5772870662460567
2026-03-18 10:53:00,3.81,5.0,0.238,0.6155088852988692
2026-03-18 10:54:00,4.1,5.0,0.18000000000000008,0.694915254237288
2026-03-18 10:55:00,4.17,5.0,0.166,0.7152658662092625
2026-03-18 10:56:00,4.3,5.0,0.14000000000000004,0.7543859649122806
2026-03-18 10:57:00,4.15,5.0,0.16999999999999993,0.7094017094017095
2026-03-18 10:58:00,4.23,5.0,0.15399999999999991,0.7331022530329291
2026-03-18 10:59:00,4.04,5.0,0.192,0.6778523489932886
2026-03-18 11:00:00,3.92,5.0,0.21600000000000003,0.6447368421052632
2026-03-18 11:01:00,3.93,5.0,0.21399999999999997,0.6474464579901154
2026-03-18 11:02:00,3.93,5.0,0.21399999999999997,0.6474464579901154
2026-03-18 11:03:00,3.9,5.0,0.22000000000000003,0.639344262295082
2026-03-18 11:04:00,3.86,5.0,0.22800000000000004,0.6286644951140066
2026-03-18 11:05:00,3.88,5.0,0.22400000000000003,0.6339869281045752
2026-03-18 11:06:00,3.92,5.0,0.21600000000000003,0.6447368421052632
2026-03-18 11:07:00,3.98,5.0,0.20400000000000001,0.6611295681063124
2026-03-18 11:08:00,4.06,5.0,0.18800000000000008,0.6835016835016834
2026-03-18 11:09:00,4.08,5.0,0.184,0.6891891891891893
2026-03-18 11:10:00,4.16,5.0,0.16799999999999998,0.7123287671232877
2026-03-18 11:11:00,4.15,5.0,0.16999999999999993,0.7094017094017095
2026-03-18 11:12:00,3.67,5.0,0.266,0.5797788309636651
2026-03-18 11:13:00,4.05,5.0,0.19000000000000003,0.680672268907563
2026-03-18 11:14:00,4.21,5.0,0.158,0.7271157167530224
2026-03-18 11:15:00,4.25,5.0,0.15,0.7391304347826088
2026-03-18 11:16:00,4.28,5.0,0.14399999999999996,0.7482517482517484
2026-03-18 11:17:00,4.36,5.0,0.12799999999999995,0.773049645390071
2026-03-18 11:18:00,4.38,5.0,0.12400000000000003,0.7793594306049821
2026-03-18 11:19:00,4.37,5.0,0.12599999999999997,0.7761989342806395
2026-03-18 11:20:00,4.35,5.0,0.13000000000000006,0.7699115044247786
2026-03-18 11:21:00,4.35,5.0,0.13000000000000006,0.7699115044247786
2026-03-18 11:22:00,4.08,5.0,0.184,0.6891891891891893
2026-03-18 11:23:00,4.05,5.0,0.19000000000000003,0.680672268907563
2026-03-18 11:24:00,4.23,5.0,0.15399999999999991,0.7331022530329291
2026-03-18 11:25:00,4.08,5.0,0.184,0.6891891891891893
2026-03-18 11:26:00,4.14,5.0,0.17200000000000007,0.7064846416382251
2026-03-18 11:27:00,4.14,5.0,0.17200000000000007,0.7064846416382251
2026-03-18 11:28:00,3.99,5.0,0.20199999999999996,0.6638935108153079
2026-03-18 11:29:00,4.33,5.0,0.13399999999999998,0.763668430335097
2026-03-18 11:30:00,4.35,5.0,0.13000000000000006,0.7699115044247786
2026-03-18 11:31:00,4.37,5.0,0.12599999999999997,0.7761989342806395
2026-03-18 11:32:00,4.44,5.0,0.11199999999999992,0.7985611510791369
2026-03-18 11:33:00,4.49,5.0,0.10199999999999995,0.8148820326678767
2026-03-18 11:34:00,4.47,5.0,0.10600000000000005,0.8083182640144664
2026-03-18 11:35:00,4.36,5.0,0.12799999999999995,0.773049645390071
2026-03-18 11:36:00,4.12,5.0,0.176,0.7006802721088436
2026-03-18 11:37:00,3.74,5.0,0.25199999999999995,0.597444089456869
2026-03-18 11:38:00,4.26,5.0,0.14800000000000005,0.7421602787456445
2026-03-18 11:39:00,4.17,5.0,0.166,0.7152658662092625
2026-03-18 11:40:00,4.13,5.0,0.17400000000000002,0.7035775127768313
2026-03-18 11:41:00,4.05,5.0,0.19000000000000003,0.680672268907563
2026-03-18 11:42:00,3.32,5.0,0.336,0.497005988023952
2026-03-18 11:43:00,4.35,5.0,0.13000000000000006,0.7699115044247786
2026-03-18 11:44:00,4.56,5.0,0.08800000000000008,0.838235294117647
2026-03-18 11:45:00,4.61,5.0,0.07799999999999993,0.855287569573284
2026-03-18 11:46:00,4.45,5.0,0.10999999999999996,0.8018018018018019
2026-03-18 11:47:00,4.39,5.0,0.12200000000000007,0.7825311942959
2026-03-18 11:48:00,4.4,5.0,0.11999999999999993,0.7857142857142859
2026-03-18 11:49:00,4.29,5.0,0.142,0.7513134851138354
2026-03-18 11:50:00,4.35,5.0,0.13000000000000006,0.7699115044247786
2026-03-18 11:51:00,4.35,5.0,0.13000000000000006,0.7699115044247786
2026-03-18 11:52:00,4.44,5.0,0.11199999999999992,0.7985611510791369
2026-03-18 11:53:00,4.33,5.0,0.13399999999999998,0.763668430335097
2026-03-18 11:54:00,4.3,5.0,0.14000000000000004,0.7543859649122806
2026-03-18 11:55:00,3.51,5.0,0.29800000000000004,0.5408320493066255
2026-03-18 11:56:00,4.09,5.0,0.18200000000000002,0.6920473773265652
2026-03-18 11:57:00,4.05,5.0,0.19000000000000003,0.680672268907563
2026-03-18 11:58:00,3.89,5.0,0.22199999999999998,0.6366612111292963
2026-03-18 11:59:00,3.81,5.0,0.238,0.6155088852988692
2026-03-18 12:00:00,3.73,5.0,0.254,0.594896331738437
2026-03-18 12:01:00,4.18,5.0,0.16400000000000006,0.7182130584192439
2026-03-18 12:02:00,4.16,5.0,0.16799999999999998,0.7123287671232877
2026-03-18 12:03:00,4.1,5.0,0.18000000000000008,0.694915254237288
2026-03-18 12:04:00,4.12,5.0,0.176,0.7006802721088436
2026-03-18 12:05:00,4.15,5.0,0.16999999999999993,0.7094017094017095
2026-03-18 12:06:00,3.98,5.0,0.20400000000000001,0.6611295681063124
2026-03-18 12:07:00,3.96,5.0,0.20800000000000002,0.6556291390728477
2026-03-18 12:09:00,3.86,5.0,0.22800000000000004,0.6286644951140066
2026-03-18 12:10:00,3.94,5.0,0.21200000000000002,0.6501650165016503
2026-03-18 12:11:00,4.29,5.0,0.142,0.7513134851138354
2026-03-18 12:12:00,4.34,5.0,0.13200000000000003,0.7667844522968197
2026-03-18 12:13:00,4.32,5.0,0.13599999999999995,0.7605633802816903
2026-03-18 12:14:00,4.14,5.0,0.17200000000000007,0.7064846416382251
2026-03-18 12:15:00,4.07,5.0,0.18599999999999994,0.6863406408094436
2026-03-18 12:16:00,3.83,5.0,0.23399999999999999,0.6207455429497569
2026-03-18 12:17:00,4.14,5.0,0.17200000000000007,0.7064846416382251
2026-03-18 12:18:00,4.03,5.0,0.19399999999999995,0.6750418760469012
2026-03-18 12:19:00,3.19,5.0,0.362,0.4684287812041116
2026-03-18 12:20:00,2.89,5.0,0.422,0.4064697609001407
2026-03-18 12:21:00,3.93,5.0,0.21399999999999997,0.6474464579901154
2026-03-18 12:22:00,4.33,5.0,0.13399999999999998,0.763668430335097
2026-03-18 12:23:00,4.44,5.0,0.11199999999999992,0.7985611510791369
2026-03-18 12:24:00,4.59,5.0,0.08200000000000003,0.8484288354898335
2026-03-18 12:25:00,4.31,5.0,0.13800000000000007,0.7574692442882248
2026-03-18 12:26:00,3.79,5.0,0.242,0.6103059581320451
2026-03-18 12:27:00,4.53,5.0,0.09399999999999994,0.8281535648994517
2026-03-18 12:28:00,4.34,5.0,0.13200000000000003,0.7667844522968197
2026-03-18 12:29:00,4.56,5.0,0.08800000000000008,0.838235294117647
2026-03-18 12:30:00,4.54,5.0,0.092,0.8315018315018314
2026-03-18 12:31:00,4.61,5.0,0.07799999999999993,0.855287569573284
2026-03-18 12:32:00,4.62,5.0,0.07599999999999998,0.8587360594795539
2026-03-18 12:33:00,4.55,5.0,0.09000000000000004,0.8348623853211008
2026-03-18 12:34:00,4.61,5.0,0.07799999999999993,0.855287569573284
2026-03-18 12:35:00,4.56,5.0,0.08800000000000008,0.838235294117647
2026-03-18 12:36:00,4.56,5.0,0.08800000000000008,0.838235294117647
2026-03-18 12:37:00,4.52,5.0,0.09600000000000009,0.8248175182481751
2026-03-18 12:38:00,4.59,5.0,0.08200000000000003,0.8484288354898335
2026-03-18 12:39:00,4.44,5.0,0.11199999999999992,0.7985611510791369
2026-03-18 12:40:00,4.36,5.0,0.12799999999999995,0.773049645390071
2026-03-18 12:41:00,4.32,5.0,0.13599999999999995,0.7605633802816903
2026-03-18 12:42:00,4.3,5.0,0.14000000000000004,0.7543859649122806
2026-03-18 12:43:00,4.47,5.0,0.10600000000000005,0.8083182640144664
2026-03-18 12:44:00,4.43,5.0,0.11400000000000006,0.7953321364452423
2026-03-18 12:45:00,4.34,5.0,0.13200000000000003,0.7667844522968197
2026-03-18 12:46:00,4.34,5.0,0.13200000000000003,0.7667844522968197
2026-03-18 12:47:00,4.3,5.0,0.14000000000000004,0.7543859649122806
2026-03-18 12:48:00,4.08,5.0,0.184,0.6891891891891893
2026-03-18 12:49:00,4.66,5.0,0.06799999999999998,0.8726591760299626
2026-03-18 12:50:00,4.62,5.0,0.07599999999999998,0.8587360594795539
2026-03-18 12:51:00,4.4,5.0,0.11999999999999993,0.7857142857142859
2026-03-18 12:52:00,4.57,5.0,0.08599999999999994,0.8416206261510131
2026-03-18 12:53:00,4.51,5.0,0.09800000000000005,0.8214936247723131
2026-03-18 12:54:00,4.49,5.0,0.10199999999999995,0.8148820326678767
2026-03-18 12:55:00,4.55,5.0,0.09000000000000004,0.8348623853211008
2026-03-18 12:56:00,4.43,5.0,0.11400000000000006,0.7953321364452423
2026-03-18 12:57:00,4.39,5.0,0.12200000000000007,0.7825311942959
2026-03-18 12:58:00,4.28,5.0,0.14399999999999996,0.7482517482517484
2026-03-18 12:59:00,4.25,5.0,0.15,0.7391304347826088
2026-03-18 13:00:00,4.25,5.0,0.15,0.7391304347826088
2026-03-18 13:01:00,4.26,5.0,0.14800000000000005,0.7421602787456445
2026-03-18 13:02:00,3.85,5.0,0.22999999999999998,0.6260162601626017
2026-03-18 13:03:00,4.2,5.0,0.15999999999999998,0.7241379310344829
2026-03-18 13:04:00,4.43,5.0,0.11400000000000006,0.7953321364452423
2026-03-18 13:05:00,4.39,5.0,0.12200000000000007,0.7825311942959
2026-03-18 13:06:00,4.34,5.0,0.13200000000000003,0.7667844522968197
2026-03-18 13:07:00,4.28,5.0,0.14399999999999996,0.7482517482517484
2026-03-18 13:08:00,4.45,5.0,0.10999999999999996,0.8018018018018019
2026-03-18 13:09:00,4.45,5.0,0.10999999999999996,0.8018018018018019
2026-03-18 13:10:00,4.45,5.0,0.10999999999999996,0.8018018018018019
2026-03-18 13:11:00,4.45,5.0,0.10999999999999996,0.8018018018018019
2026-03-18 13:12:00,4.48,5.0,0.10399999999999991,0.8115942028985509
2026-03-18 13:13:00,4.48,5.0,0.10399999999999991,0.8115942028985509
2026-03-18 13:14:00,4.49,5.0,0.10199999999999995,0.8148820326678767
2026-03-18 13:15:00,4.56,5.0,0.08800000000000008,0.838235294117647
2026-03-18 13:16:00,4.58,5.0,0.08399999999999999,0.8450184501845018
2026-03-18 13:17:00,4.64,5.0,0.07200000000000006,0.8656716417910446
2026-03-18 13:18:00,4.66,5.0,0.06799999999999998,0.8726591760299626
2026-03-18 13:19:00,4.63,5.0,0.07400000000000002,0.8621973929236498
2026-03-18 13:20:00,4.7,5.0,0.05999999999999996,0.8867924528301887
2026-03-18 13:21:00,4.68,5.0,0.06400000000000006,0.8796992481203006
2026-03-18 13:22:00,4.73,5.0,0.053999999999999916,0.8975332068311197
2026-03-18 13:23:00,4.72,5.0,0.05600000000000005,0.8939393939393938
2026-03-18 13:24:00,4.58,5.0,0.08399999999999999,0.8450184501845018
2026-03-18 13:25:00,5.0,5.0,0.0,1.0
2026-03-18 13:26:00,5.03,5.0,0.0060000000000000496,1.0
2026-03-18 13:27:00,4.95,5.0,0.009999999999999964,0.9801980198019802
2026-03-18 13:28:00,4.93,5.0,0.014000000000000058,0.9723865877712031
2026-03-18 13:29:00,4.81,5.0,0.038000000000000075,0.9267822736030827
2026-03-18 13:30:00,4.78,5.0,0.04399999999999995,0.9157088122605365
2026-03-18 13:31:00,4.73,5.0,0.053999999999999916,0.8975332068311197
2026-03-18 13:32:00,4.98,5.0,0.003999999999999915,0.9920318725099603
2026-03-18 13:33:00,4.9,5.0,0.019999999999999928,0.9607843137254902
2026-03-18 13:34:00,4.97,5.0,0.0060000000000000496,0.9880715705765407
2026-03-18 13:35:00,4.92,5.0,0.016000000000000014,0.968503937007874
2026-03-18 13:36:00,5.0,5.0,0.0,1.0
2026-03-18 13:37:00,4.86,5.0,0.027999999999999935,0.9455252918287939
2026-03-18 13:38:00,5.13,5.0,0.025999999999999978,1.0
2026-03-18 13:39:00,5.06,5.0,0.011999999999999922,1.0
2026-03-18 13:40:00,5.04,5.0,0.008000000000000007,1.0
2026-03-18 13:41:00,5.12,5.0,0.02400000000000002,1.0
2026-03-18 13:42:00,5.05,5.0,0.009999999999999964,1.0
2026-03-18 13:43:00,4.9,5.0,0.019999999999999928,0.9607843137254902
2026-03-18 13:44:00,4.81,5.0,0.038000000000000075,0.9267822736030827
2026-03-18 13:45:00,4.89,5.0,0.022000000000000065,0.9569471624266145
2026-03-18 13:48:00,4.37,5.0,0.12599999999999997,0.7761989342806395
2026-03-18 13:49:00,5.22,5.0,0.04399999999999995,1.0
2026-03-18 13:50:00,5.06,5.0,0.011999999999999922,1.0
2026-03-18 13:51:00,4.94,5.0,0.011999999999999922,0.9762845849802373
2026-03-18 13:52:00,5.01,5.0,0.0019999999999999575,1.0
2026-03-18 13:53:00,5.09,5.0,0.01799999999999997,1.0
2026-03-18 13:54:00,5.03,5.0,0.0060000000000000496,1.0
2026-03-18 13:55:00,5.04,5.0,0.008000000000000007,1.0
2026-03-18 13:56:00,5.05,5.0,0.009999999999999964,1.0
2026-03-18 13:57:00,5.02,5.0,0.003999999999999915,1.0
2026-03-18 13:58:00,4.89,5.0,0.022000000000000065,0.9569471624266145
2026-03-18 13:59:00,5.0,5.0,0.0,1.0
2026-03-18 14:01:00,5.21,5.0,0.041999999999999996,1.0
2026-03-18 14:03:00,5.14,5.0,0.027999999999999935,1.0
2026-03-18 14:04:00,5.2,5.0,0.040000000000000036,1.0
2026-03-18 14:05:00,4.91,5.0,0.01799999999999997,0.9646365422396856
2026-03-18 14:06:00,5.06,5.0,0.011999999999999922,1.0
2026-03-18 14:07:00,5.01,5.0,0.0019999999999999575,1.0
2026-03-18 14:08:00,5.01,5.0,0.0019999999999999575,1.0
2026-03-18 14:09:00,5.02,5.0,0.003999999999999915,1.0
2026-03-18 14:10:00,5.07,5.0,0.014000000000000058,1.0
2026-03-18 14:11:00,5.02,5.0,0.003999999999999915,1.0
2026-03-18 14:12:00,5.02,5.0,0.003999999999999915,1.0
2026-03-18 14:13:00,5.09,5.0,0.01799999999999997,1.0
2026-03-18 14:14:00,5.03,5.0,0.0060000000000000496,1.0
2026-03-18 14:15:00,4.13,5.0,0.17400000000000002,0.7035775127768313
2026-03-18 14:16:00,4.89,5.0,0.022000000000000065,0.9569471624266145
2026-03-18 14:17:00,4.55,5.0,0.09000000000000004,0.8348623853211008
2026-03-18 14:18:00,4.87,5.0,0.025999999999999978,0.949317738791423
2026-03-18 14:21:00,4.95,5.0,0.009999999999999964,0.9801980198019802
2026-03-18 14:22:00,4.91,5.0,0.01799999999999997,0.9646365422396856
2026-03-18 14:23:00,4.92,5.0,0.016000000000000014,0.968503937007874
2026-03-18 14:24:00,4.97,5.0,0.0060000000000000496,0.9880715705765407
2026-03-18 14:25:00,5.1,5.0,0.019999999999999928,1.0
2026-03-18 14:26:00,5.21,5.0,0.041999999999999996,1.0
2026-03-18 14:27:00,5.15,5.0,0.030000000000000072,1.0
2026-03-18 14:28:00,5.2,5.0,0.040000000000000036,1.0
2026-03-18 14:29:00,5.2,5.0,0.040000000000000036,1.0
2026-03-18 14:30:00,5.29,5.0,0.05800000000000001,1.0
2026-03-18 14:33:00,5.24,5.0,0.04800000000000004,1.0
2026-03-18 14:34:00,5.15,5.0,0.030000000000000072,1.0
2026-03-18 14:35:00,5.21,5.0,0.041999999999999996,1.0
2026-03-18 14:36:00,5.29,5.0,0.05800000000000001,1.0
2026-03-18 14:37:00,5.12,5.0,0.02400000000000002,1.0
2026-03-18 14:38:00,5.26,5.0,0.051999999999999956,1.0
2026-03-18 14:39:00,5.28,5.0,0.05600000000000005,1.0
2026-03-18 14:40:00,5.2,5.0,0.040000000000000036,1.0
2026-03-18 14:41:00,5.06,5.0,0.011999999999999922,1.0
2026-03-18 14:42:00,5.34,5.0,0.06799999999999998,1.0
2026-03-18 14:43:00,5.2,5.0,0.040000000000000036,1.0
2026-03-18 14:44:00,5.2,5.0,0.040000000000000036,1.0
2026-03-18 14:45:00,5.3,5.0,0.05999999999999996,1.0
2026-03-18 14:46:00,5.3,5.0,0.05999999999999996,1.0
2026-03-18 14:47:00,5.33,5.0,0.06600000000000002,1.0
2026-03-18 14:48:00,5.33,5.0,0.06600000000000002,1.0
2026-03-18 14:49:00,5.19,5.0,0.038000000000000075,1.0
2026-03-18 14:50:00,5.1,5.0,0.019999999999999928,1.0
2026-03-18 14:51:00,5.06,5.0,0.011999999999999922,1.0
2026-03-18 14:54:00,5.13,5.0,0.025999999999999978,1.0
2026-03-18 14:55:00,5.14,5.0,0.027999999999999935,1.0
2026-03-18 14:56:00,5.11,5.0,0.022000000000000065,1.0
2026-03-18 14:57:00,5.17,5.0,0.03399999999999999,1.0
2026-03-18 14:58:00,5.19,5.0,0.038000000000000075,1.0
2026-03-18 14:59:00,5.12,5.0,0.02400000000000002,1.0
2026-03-18 15:00:00,5.14,5.0,0.027999999999999935,1.0
2026-03-18 15:01:00,5.16,5.0,0.03200000000000003,1.0
2026-03-18 15:02:00,5.08,5.0,0.016000000000000014,1.0
2026-03-18 15:03:00,5.0,5.0,0.0,1.0
2026-03-18 15:04:00,4.98,5.0,0.003999999999999915,0.9920318725099603
2026-03-18 15:05:00,5.0,5.0,0.0,1.0
2026-03-18 15:06:00,4.95,5.0,0.009999999999999964,0.9801980198019802
2026-03-18 15:07:00,4.82,5.0,0.03599999999999994,0.9305019305019305
2026-03-18 15:08:00,4.72,5.0,0.05600000000000005,0.8939393939393938
2026-03-18 15:09:00,4.69,5.0,0.06199999999999992,0.8832391713747648
2026-03-18 15:10:00,4.41,5.0,0.11799999999999997,0.7889087656529518
2026-03-18 15:11:00,4.02,5.0,0.1960000000000001,0.6722408026755852
2026-03-18 15:12:00,3.79,5.0,0.242,0.6103059581320451
2026-03-18 15:13:00,3.58,5.0,0.284,0.557632398753894
2026-03-18 15:14:00,3.47,5.0,0.30599999999999994,0.5313935681470138
2026-03-18 15:15:00,3.54,5.0,0.292,0.5479876160990712
2026-03-18 15:16:00,2.1,5.0,0.58,0.2658227848101266
2026-03-18 15:17:00,3.25,5.0,0.35,0.48148148148148145
2026-03-18 15:18:00,3.41,5.0,0.31799999999999995,0.5174506828528073
2026-03-18 15:19:00,3.33,5.0,0.33399999999999996,0.4992503748125937
2026-03-18 15:20:00,3.11,5.0,0.378,0.45137880986937584
2026-03-18 15:21:00,3.05,5.0,0.39,0.4388489208633093
2026-03-18 15:22:00,3.13,5.0,0.374,0.4556040756914119
2026-03-18 15:23:00,3.25,5.0,0.35,0.48148148148148145
2026-03-18 15:24:00,3.06,5.0,0.388,0.4409221902017291
2026-03-18 15:27:00,2.92,5.0,0.41600000000000004,0.4124293785310734
2026-03-18 15:28:00,2.68,5.0,0.46399999999999997,0.366120218579235
2026-03-18 15:29:00,2.95,5.0,0.41,0.41843971631205684
2026-03-18 15:30:00,3.01,5.0,0.398,0.4306151645207439
2026-03-18 15:31:00,2.48,5.0,0.504,0.32978723404255317
2026-03-18 15:32:00,2.99,5.0,0.40199999999999997,0.4265335235378032
2026-03-18 15:33:00,3.0,5.0,0.4,0.4285714285714286
2026-03-18 15:34:00,2.98,5.0,0.404,0.42450142450142453
2026-03-18 15:35:00,3.1,5.0,0.38,0.44927536231884063
2026-03-18 15:36:00,3.23,5.0,0.354,0.4771048744460857
2026-03-18 15:37:00,3.21,5.0,0.358,0.4727540500736377
2026-03-18 15:38:00,3.24,5.0,0.352,0.4792899408284024
2026-03-18 15:39:00,3.58,5.0,0.284,0.557632398753894
2026-03-18 15:40:00,3.68,5.0,0.26399999999999996,0.5822784810126582
2026-03-18 15:41:00,3.39,5.0,0.32199999999999995,0.5128593040847201
2026-03-18 15:42:00,2.14,5.0,0.572,0.27226463104325704
2026-03-18 15:43:00,2.89,5.0,0.422,0.4064697609001407
2026-03-18 15:44:00,2.88,5.0,0.42400000000000004,0.4044943820224719
2026-03-18 15:45:00,2.81,5.0,0.438,0.3908205841446454
2026-03-18 15:46:00,2.55,5.0,0.49000000000000005,0.3422818791946309
2026-03-18 15:47:00,2.81,5.0,0.438,0.3908205841446454
2026-03-18 15:48:00,2.78,5.0,0.44400000000000006,0.3850415512465374
2026-03-18 15:49:00,3.42,5.0,0.316,0.519756838905775
2026-03-18 15:50:00,3.32,5.0,0.336,0.497005988023952
2026-03-18 15:51:00,3.0,5.0,0.4,0.4285714285714286
2026-03-18 15:52:00,1.84,5.0,0.632,0.22549019607843135
2026-03-18 15:53:00,3.38,5.0,0.324,0.5105740181268882
2026-03-18 15:54:00,2.68,5.0,0.46399999999999997,0.366120218579235
2026-03-18 15:55:00,2.85,5.0,0.43,0.39860139860139865
2026-03-18 15:56:00,3.19,5.0,0.362,0.4684287812041116
2026-03-18 15:57:00,3.43,5.0,0.31399999999999995,0.5220700152207002
2026-03-18 16:02:00,3.71,5.0,0.258,0.589825119236884
2026-03-18 16:03:00,3.74,5.0,0.25199999999999995,0.597444089456869
2026-03-18 16:04:00,2.18,5.0,0.564,0.27877237851662406
2026-03-18 16:05:00,1.68,5.0,0.664,0.20192307692307687
2026-03-18 16:06:00,2.62,5.0,0.476,0.3550135501355014
2026-03-18 16:07:00,3.05,5.0,0.39,0.4388489208633093
2026-03-18 16:08:00,3.79,5.0,0.242,0.6103059581320451
2026-03-18 16:09:00,3.9,5.0,0.22000000000000003,0.639344262295082
2026-03-18 16:10:00,3.95,5.0,0.20999999999999996,0.6528925619834711
2026-03-18 16:11:00,3.94,5.0,0.21200000000000002,0.6501650165016503
2026-03-18 16:12:00,3.88,5.0,0.22400000000000003,0.6339869281045752
2026-03-18 16:13:00,3.92,5.0,0.21600000000000003,0.6447368421052632
2026-03-18 16:14:00,3.98,5.0,0.20400000000000001,0.6611295681063124
2026-03-18 16:15:00,3.93,5.0,0.21399999999999997,0.6474464579901154
2026-03-18 16:16:00,3.89,5.0,0.22199999999999998,0.6366612111292963
2026-03-18 16:17:00,3.74,5.0,0.25199999999999995,0.597444089456869
2026-03-18 16:18:00,3.64,5.0,0.27199999999999996,0.5723270440251572
2026-03-18 16:19:00,3.83,5.0,0.23399999999999999,0.6207455429497569
2026-03-18 16:20:00,3.82,5.0,0.23600000000000004,0.6181229773462783
2026-03-18 16:21:00,3.83,5.0,0.23399999999999999,0.6207455429497569
2026-03-18 16:22:00,3.85,5.0,0.22999999999999998,0.6260162601626017
2026-03-18 16:23:00,3.93,5.0,0.21399999999999997,0.6474464579901154
2026-03-18 16:24:00,3.96,5.0,0.20800000000000002,0.6556291390728477
2026-03-18 16:25:00,3.97,5.0,0.20599999999999996,0.6583747927031509
2026-03-18 16:26:00,3.89,5.0,0.22199999999999998,0.6366612111292963
2026-03-18 16:27:00,3.86,5.0,0.22800000000000004,0.6286644951140066
2026-03-18 16:28:00,3.84,5.0,0.23200000000000004,0.6233766233766234
2026-03-18 16:29:00,3.45,5.0,0.30999999999999994,0.5267175572519084
2026-03-18 16:30:00,3.54,5.0,0.292,0.5479876160990712
2026-03-18 16:33:00,3.37,5.0,0.32599999999999996,0.5082956259426847
2026-03-18 16:34:00,3.37,5.0,0.32599999999999996,0.5082956259426847
2026-03-18 16:36:00,3.67,5.0,0.266,0.5797788309636651
2026-03-18 16:37:00,3.74,5.0,0.25199999999999995,0.597444089456869
2026-03-18 16:38:00,3.82,5.0,0.23600000000000004,0.6181229773462783
2026-03-18 16:39:00,4.0,5.0,0.2,0.6666666666666667
2026-03-18 16:40:00,3.37,5.0,0.32599999999999996,0.5082956259426847
2026-03-18 16:41:00,3.38,5.0,0.324,0.5105740181268882
2026-03-18 16:42:00,3.62,5.0,0.27599999999999997,0.567398119122257
2026-03-18 16:43:00,3.61,5.0,0.278,0.5649452269170578
2026-03-18 16:44:00,3.98,5.0,0.20400000000000001,0.6611295681063124
2026-03-18 16:45:00,3.97,5.0,0.20599999999999996,0.6583747927031509
2026-03-18 16:46:00,3.8,5.0,0.24000000000000005,0.6129032258064516
2026-03-18 16:47:00,4.11,5.0,0.17799999999999994,0.6977928692699492
2026-03-18 16:48:00,4.05,5.0,0.19000000000000003,0.680672268907563
2026-03-18 16:49:00,3.93,5.0,0.21399999999999997,0.6474464579901154
2026-03-18 16:50:00,4.05,5.0,0.19000000000000003,0.680672268907563
2026-03-18 16:51:00,4.04,5.0,0.192,0.6778523489932886
2026-03-18 16:52:00,4.07,5.0,0.18599999999999994,0.6863406408094436
2026-03-18 16:53:00,4.07,5.0,0.18599999999999994,0.6863406408094436
2026-03-18 16:54:00,4.08,5.0,0.184,0.6891891891891893
2026-03-18 16:55:00,4.13,5.0,0.17400000000000002,0.7035775127768313
2026-03-18 16:56:00,4.16,5.0,0.16799999999999998,0.7123287671232877
2026-03-18 16:57:00,4.2,5.0,0.15999999999999998,0.7241379310344829
2026-03-18 16:58:00,4.2,5.0,0.15999999999999998,0.7241379310344829
2026-03-18 16:59:00,4.28,5.0,0.14399999999999996,0.7482517482517484
2026-03-18 17:00:00,4.39,5.0,0.12200000000000007,0.7825311942959
2026-03-18 17:01:00,4.4,5.0,0.11999999999999993,0.7857142857142859
2026-03-18 17:02:00,4.36,5.0,0.12799999999999995,0.773049645390071
2026-03-18 17:03:00,4.36,5.0,0.12799999999999995,0.773049645390071
2026-03-18 17:04:00,4.18,5.0,0.16400000000000006,0.7182130584192439
2026-03-18 17:05:00,4.46,5.0,0.10800000000000001,0.8050541516245486
2026-03-18 17:06:00,4.5,5.0,0.1,0.8181818181818181
2026-03-18 17:07:00,4.45,5.0,0.10999999999999996,0.8018018018018019
2026-03-18 17:08:00,4.55,5.0,0.09000000000000004,0.8348623853211008
2026-03-18 17:09:00,4.61,5.0,0.07799999999999993,0.855287569573284
2026-03-18 17:10:00,4.52,5.0,0.09600000000000009,0.8248175182481751
2026-03-18 17:11:00,4.56,5.0,0.08800000000000008,0.838235294117647
2026-03-18 17:12:00,4.06,5.0,0.18800000000000008,0.6835016835016834
2026-03-18 17:13:00,3.91,5.0,0.21799999999999997,0.6420361247947455
2026-03-18 17:14:00,3.83,5.0,0.23399999999999999,0.6207455429497569
2026-03-18 17:15:00,3.77,5.0,0.246,0.6051364365971108
2026-03-18 17:16:00,3.79,5.0,0.242,0.6103059581320451
2026-03-18 17:17:00,3.94,5.0,0.21200000000000002,0.6501650165016503
2026-03-18 17:18:00,4.01,5.0,0.19800000000000004,0.669449081803005
2026-03-18 17:19:00,4.09,5.0,0.18200000000000002,0.6920473773265652
2026-03-18 17:20:00,3.95,5.0,0.20999999999999996,0.6528925619834711
2026-03-18 17:21:00,4.03,5.0,0.19399999999999995,0.6750418760469012
2026-03-18 17:22:00,4.09,5.0,0.18200000000000002,0.6920473773265652
2026-03-18 17:23:00,4.22,5.0,0.15600000000000006,0.7301038062283736
2026-03-18 17:24:00,4.23,5.0,0.15399999999999991,0.7331022530329291
2026-03-18 17:25:00,4.24,5.0,0.15199999999999997,0.7361111111111113
2026-03-18 17:26:00,4.26,5.0,0.14800000000000005,0.7421602787456445
2026-03-18 17:27:00,4.27,5.0,0.14600000000000007,0.745200698080279
2026-03-18 17:28:00,4.07,5.0,0.18599999999999994,0.6863406408094436
2026-03-18 17:29:00,4.13,5.0,0.17400000000000002,0.7035775127768313
2026-03-18 17:30:00,4.12,5.0,0.176,0.7006802721088436
2026-03-18 17:31:00,4.17,5.0,0.166,0.7152658662092625
2026-03-18 17:32:00,3.94,5.0,0.21200000000000002,0.6501650165016503
2026-03-18 17:33:00,3.95,5.0,0.20999999999999996,0.6528925619834711
2026-03-18 17:34:00,4.07,5.0,0.18599999999999994,0.6863406408094436
2026-03-18 17:35:00,4.07,5.0,0.18599999999999994,0.6863406408094436
2026-03-18 17:36:00,4.14,5.0,0.17200000000000007,0.7064846416382251
2026-03-18 17:37:00,4.13,5.0,0.17400000000000002,0.7035775127768313
2026-03-18 17:38:00,4.35,5.0,0.13000000000000006,0.7699115044247786
2026-03-18 17:39:00,4.27,5.0,0.14600000000000007,0.745200698080279
2026-03-18 17:40:00,4.11,5.0,0.17799999999999994,0.6977928692699492
2026-03-18 17:41:00,4.2,5.0,0.15999999999999998,0.7241379310344829
2026-03-18 17:42:00,4.32,5.0,0.13599999999999995,0.7605633802816903
2026-03-18 17:43:00,4.28,5.0,0.14399999999999996,0.7482517482517484
2026-03-18 17:44:00,3.59,5.0,0.28200000000000003,0.5600624024960998
2026-03-18 17:45:00,3.74,5.0,0.25199999999999995,0.597444089456869
2026-03-18 17:46:00,3.72,5.0,0.25599999999999995,0.5923566878980892
2026-03-18 17:47:00,3.54,5.0,0.292,0.5479876160990712
2026-03-18 17:48:00,4.51,5.0,0.09800000000000005,0.8214936247723131
2026-03-18 17:49:00,4.68,5.0,0.06400000000000006,0.8796992481203006
2026-03-18 17:50:00,4.63,5.0,0.07400000000000002,0.8621973929236498
2026-03-18 17:51:00,4.51,5.0,0.09800000000000005,0.8214936247723131
2026-03-18 17:52:00,4.51,5.0,0.09800000000000005,0.8214936247723131
2026-03-18 17:53:00,4.49,5.0,0.10199999999999995,0.8148820326678767
2026-03-18 17:54:00,4.51,5.0,0.09800000000000005,0.8214936247723131
2026-03-18 17:55:00,4.46,5.0,0.10800000000000001,0.8050541516245486
2026-03-18 17:56:00,4.36,5.0,0.12799999999999995,0.773049645390071
2026-03-18 17:57:00,4.38,5.0,0.12400000000000003,0.7793594306049821
2026-03-18 17:58:00,4.49,5.0,0.10199999999999995,0.8148820326678767
2026-03-18 17:59:00,4.56,5.0,0.08800000000000008,0.838235294117647
2026-03-18 18:00:00,4.32,5.0,0.13599999999999995,0.7605633802816903
2026-03-18 18:01:00,4.36,5.0,0.12799999999999995,0.773049645390071
2026-03-18 18:02:00,4.47,5.0,0.10600000000000005,0.8083182640144664
2026-03-18 18:06:00,4.41,5.0,0.11799999999999997,0.7889087656529518
2026-03-18 18:07:00,4.38,5.0,0.12400000000000003,0.7793594306049821
2026-03-18 18:08:00,4.19,5.0,0.16199999999999992,0.7211703958691912
2026-03-18 18:09:00,4.25,5.0,0.15,0.7391304347826088
2026-03-18 18:10:00,4.44,5.0,0.11199999999999992,0.7985611510791369
2026-03-18 18:11:00,4.4,5.0,0.11999999999999993,0.7857142857142859
2026-03-18 18:12:00,4.38,5.0,0.12400000000000003,0.7793594306049821
2026-03-18 18:13:00,4.46,5.0,0.10800000000000001,0.8050541516245486
2026-03-18 18:14:00,4.36,5.0,0.12799999999999995,0.773049645390071
2026-03-18 18:15:00,4.33,5.0,0.13399999999999998,0.763668430335097
2026-03-18 18:16:00,4.22,5.0,0.15600000000000006,0.7301038062283736
2026-03-18 18:17:00,4.16,5.0,0.16799999999999998,0.7123287671232877
2026-03-18 18:18:00,4.12,5.0,0.176,0.7006802721088436
2026-03-18 18:19:00,4.1,5.0,0.18000000000000008,0.694915254237288
2026-03-18 18:20:00,4.04,5.0,0.192,0.6778523489932886
2026-03-18 18:21:00,4.15,5.0,0.16999999999999993,0.7094017094017095
2026-03-18 18:22:00,3.92,5.0,0.21600000000000003,0.6447368421052632
2026-03-18 18:23:00,4.28,5.0,0.14399999999999996,0.7482517482517484
2026-03-18 18:24:00,4.22,5.0,0.15600000000000006,0.7301038062283736
2026-03-18 18:25:00,4.22,5.0,0.15600000000000006,0.7301038062283736
2026-03-18 18:26:00,4.33,5.0,0.13399999999999998,0.763668430335097
2026-03-18 18:27:00,4.33,5.0,0.13399999999999998,0.763668430335097
2026-03-18 18:28:00,4.41,5.0,0.11799999999999997,0.7889087656529518
2026-03-18 18:29:00,4.34,5.0,0.13200000000000003,0.7667844522968197
2026-03-18 18:30:00,4.36,5.0,0.12799999999999995,0.773049645390071
2026-03-18 18:31:00,4.35,5.0,0.13000000000000006,0.7699115044247786
2026-03-18 18:32:00,4.31,5.0,0.13800000000000007,0.7574692442882248
2026-03-18 18:33:00,4.31,5.0,0.13800000000000007,0.7574692442882248
2026-03-18 18:34:00,4.25,5.0,0.15,0.7391304347826088
2026-03-18 18:35:00,4.13,5.0,0.17400000000000002,0.7035775127768313
2026-03-18 18:36:00,4.27,5.0,0.14600000000000007,0.745200698080279
2026-03-18 18:37:00,4.41,5.0,0.11799999999999997,0.7889087656529518
2026-03-18 18:38:00,4.36,5.0,0.12799999999999995,0.773049645390071
2026-03-18 18:39:00,4.39,5.0,0.12200000000000007,0.7825311942959
2026-03-18 18:40:00,4.43,5.0,0.11400000000000006,0.7953321364452423
2026-03-18 18:41:00,4.37,5.0,0.12599999999999997,0.7761989342806395
2026-03-18 18:42:00,4.25,5.0,0.15,0.7391304347826088
2026-03-18 18:43:00,4.21,5.0,0.158,0.7271157167530224
2026-03-18 18:44:00,4.24,5.0,0.15199999999999997,0.7361111111111113
2026-03-18 18:45:00,4.31,5.0,0.13800000000000007,0.7574692442882248
2026-03-18 18:46:00,4.28,5.0,0.14399999999999996,0.7482517482517484
2026-03-18 18:47:00,4.23,5.0,0.15399999999999991,0.7331022530329291
2026-03-18 18:48:00,3.97,5.0,0.20599999999999996,0.6583747927031509
2026-03-18 18:49:00,4.07,5.0,0.18599999999999994,0.6863406408094436
2026-03-18 18:50:00,4.11,5.0,0.17799999999999994,0.6977928692699492
2026-03-18 18:51:00,4.14,5.0,0.17200000000000007,0.7064846416382251
2026-03-18 18:52:00,4.03,5.0,0.19399999999999995,0.6750418760469012
2026-03-18 18:53:00,4.14,5.0,0.17200000000000007,0.7064846416382251
2026-03-18 18:54:00,4.17,5.0,0.166,0.7152658662092625
2026-03-18 18:55:00,4.1,5.0,0.18000000000000008,0.694915254237288
2026-03-18 18:56:00,4.0,5.0,0.2,0.6666666666666667
2026-03-18 18:57:00,4.08,5.0,0.184,0.6891891891891893
2026-03-18 18:58:00,4.17,5.0,0.166,0.7152658662092625
2026-03-18 18:59:00,3.99,5.0,0.20199999999999996,0.6638935108153079
2026-03-18 19:00:00,3.93,5.0,0.21399999999999997,0.6474464579901154
2026-03-18 19:01:00,4.07,5.0,0.18599999999999994,0.6863406408094436
2026-03-18 19:02:00,4.07,5.0,0.18599999999999994,0.6863406408094436
2026-03-18 19:03:00,4.12,5.0,0.176,0.7006802721088436
2026-03-18 19:04:00,4.2,5.0,0.15999999999999998,0.7241379310344829
2026-03-18 19:05:00,4.26,5.0,0.14800000000000005,0.7421602787456445
2026-03-18 19:06:00,4.25,5.0,0.15,0.7391304347826088
2026-03-18 19:07:00,4.15,5.0,0.16999999999999993,0.7094017094017095
2026-03-18 19:08:00,4.14,5.0,0.17200000000000007,0.7064846416382251
2026-03-18 19:09:00,4.08,5.0,0.184,0.6891891891891893
2026-03-18 19:10:00,4.06,5.0,0.18800000000000008,0.6835016835016834
2026-03-18 19:11:00,4.05,5.0,0.19000000000000003,0.680672268907563
2026-03-18 19:12:00,4.18,5.0,0.16400000000000006,0.7182130584192439
2026-03-18 19:13:00,4.19,5.0,0.16199999999999992,0.7211703958691912
2026-03-18 19:14:00,4.16,5.0,0.16799999999999998,0.7123287671232877
2026-03-18 19:15:00,4.2,5.0,0.15999999999999998,0.7241379310344829
2026-03-18 19:16:00,3.87,5.0,0.22599999999999998,0.6313213703099511
2026-03-18 19:17:00,3.85,5.0,0.22999999999999998,0.6260162601626017
2026-03-18 19:18:00,3.92,5.0,0.21600000000000003,0.6447368421052632
2026-03-18 19:19:00,4.18,5.0,0.16400000000000006,0.7182130584192439
2026-03-18 19:20:00,4.3,5.0,0.14000000000000004,0.7543859649122806
2026-03-18 19:21:00,4.29,5.0,0.142,0.7513134851138354
2026-03-18 19:22:00,4.32,5.0,0.13599999999999995,0.7605633802816903
2026-03-18 19:23:00,4.4,5.0,0.11999999999999993,0.7857142857142859
2026-03-18 19:24:00,4.49,5.0,0.10199999999999995,0.8148820326678767
2026-03-18 19:25:00,4.44,5.0,0.11199999999999992,0.7985611510791369
2026-03-18 19:26:00,4.39,5.0,0.12200000000000007,0.7825311942959
2026-03-18 19:27:00,4.34,5.0,0.13200000000000003,0.7667844522968197
2026-03-18 19:28:00,4.38,5.0,0.12400000000000003,0.7793594306049821
2026-03-18 19:29:00,4.33,5.0,0.13399999999999998,0.763668430335097
2026-03-18 19:30:00,4.19,5.0,0.16199999999999992,0.7211703958691912
2026-03-18 19:31:00,4.3,5.0,0.14000000000000004,0.7543859649122806
2026-03-18 19:34:00,4.27,5.0,0.14600000000000007,0.745200698080279
2026-03-18 19:35:00,4.47,5.0,0.10600000000000005,0.8083182640144664
2026-03-18 19:36:00,4.37,5.0,0.12599999999999997,0.7761989342806395
2026-03-18 19:37:00,4.32,5.0,0.13599999999999995,0.7605633802816903
2026-03-18 19:38:00,4.49,5.0,0.10199999999999995,0.8148820326678767
2026-03-18 19:39:00,4.54,5.0,0.092,0.8315018315018314
2026-03-18 19:40:00,4.31,5.0,0.13800000000000007,0.7574692442882248
2026-03-18 19:41:00,4.29,5.0,0.142,0.7513134851138354
2026-03-18 19:42:00,4.32,5.0,0.13599999999999995,0.7605633802816903
2026-03-18 19:43:00,4.24,5.0,0.15199999999999997,0.7361111111111113
2026-03-18 19:44:00,4.47,5.0,0.10600000000000005,0.8083182640144664
2026-03-18 19:45:00,4.35,5.0,0.13000000000000006,0.7699115044247786
2026-03-18 19:46:00,4.36,5.0,0.12799999999999995,0.773049645390071
2026-03-18 19:47:00,4.27,5.0,0.14600000000000007,0.745200698080279
2026-03-18 19:48:00,4.22,5.0,0.15600000000000006,0.7301038062283736
2026-03-18 19:49:00,4.26,5.0,0.14800000000000005,0.7421602787456445
2026-03-18 19:50:00,4.36,5.0,0.12799999999999995,0.773049645390071
2026-03-18 19:53:00,4.06,5.0,0.18800000000000008,0.6835016835016834
2026-03-18 19:54:00,3.83,5.0,0.23399999999999999,0.6207455429497569
2026-03-18 19:55:00,3.98,5.0,0.20400000000000001,0.6611295681063124
2026-03-18 19:56:00,3.88,5.0,0.22400000000000003,0.6339869281045752
2026-03-18 19:57:00,4.03,5.0,0.19399999999999995,0.6750418760469012
2026-03-18 19:58:00,3.7,5.0,0.25999999999999995,0.5873015873015873
2026-03-18 19:59:00,3.7,5.0,0.25999999999999995,0.5873015873015873
2026-03-18 20:00:00,3.61,5.0,0.278,0.5649452269170578
2026-03-18 20:01:00,3.49,5.0,0.30199999999999994,0.5360983102918587
2026-03-18 20:02:00,3.62,5.0,0.27599999999999997,0.567398119122257
2026-03-18 20:03:00,3.74,5.0,0.25199999999999995,0.597444089456869
2026-03-18 20:04:00,3.36,5.0,0.328,0.5060240963855421
2026-03-18 20:05:00,2.89,5.0,0.422,0.4064697609001407
2026-03-18 20:06:00,3.4,5.0,0.32,0.515151515151515
2026-03-18 20:07:00,3.16,5.0,0.368,0.4619883040935673
2026-03-18 20:08:00,3.14,5.0,0.372,0.4577259475218659
2026-03-18 20:09:00,3.11,5.0,0.378,0.45137880986937584
2026-03-18 20:10:00,3.05,5.0,0.39,0.4388489208633093
2026-03-18 20:11:00,3.11,5.0,0.378,0.45137880986937584
2026-03-18 20:12:00,2.82,5.0,0.43600000000000005,0.3927576601671309
2026-03-18 20:13:00,2.78,5.0,0.44400000000000006,0.3850415512465374
2026-03-18 20:14:00,3.05,5.0,0.39,0.4388489208633093
2026-03-18 20:15:00,3.06,5.0,0.388,0.4409221902017291
2026-03-18 20:16:00,2.9,5.0,0.42000000000000004,0.4084507042253521
2026-03-18 20:17:00,2.98,5.0,0.404,0.42450142450142453
2026-03-18 20:18:00,2.95,5.0,0.41,0.41843971631205684
2026-03-18 20:19:00,2.19,5.0,0.562,0.28040973111395645
2026-03-18 20:20:00,3.31,5.0,0.33799999999999997,0.4947683109118087
2026-03-18 20:21:00,3.17,5.0,0.366,0.46412884333821375
2026-03-18 20:22:00,3.29,5.0,0.34199999999999997,0.4903129657228018
2026-03-18 20:23:00,2.92,5.0,0.41600000000000004,0.4124293785310734
2026-03-18 20:25:00,3.01,5.0,0.398,0.4306151645207439
2026-03-18 20:26:00,3.96,5.0,0.20800000000000002,0.6556291390728477
2026-03-18 20:27:00,4.51,5.0,0.09800000000000005,0.8214936247723131
2026-03-18 20:28:00,4.26,5.0,0.14800000000000005,0.7421602787456445
2026-03-18 20:29:00,4.55,5.0,0.09000000000000004,0.8348623853211008
2026-03-18 20:30:00,4.56,5.0,0.08800000000000008,0.838235294117647
2026-03-18 20:31:00,4.42,5.0,0.11600000000000002,0.7921146953405017
2026-03-18 20:32:00,4.52,5.0,0.09600000000000009,0.8248175182481751
2026-03-18 20:33:00,4.66,5.0,0.06799999999999998,0.8726591760299626
2026-03-18 20:34:00,4.68,5.0,0.06400000000000006,0.8796992481203006
2026-03-18 20:35:00,4.67,5.0,0.06600000000000002,0.8761726078799249
2026-03-18 20:36:00,4.78,5.0,0.04399999999999995,0.9157088122605365
2026-03-18 20:37:00,4.76,5.0,0.04800000000000004,0.9083969465648855
2026-03-18 20:38:00,4.73,5.0,0.053999999999999916,0.8975332068311197
2026-03-18 20:39:00,4.77,5.0,0.04600000000000008,0.9120458891013383
2026-03-18 20:40:00,4.83,5.0,0.03399999999999999,0.9342359767891683
2026-03-18 20:41:00,4.89,5.0,0.022000000000000065,0.9569471624266145
2026-03-18 20:42:00,4.76,5.0,0.04800000000000004,0.9083969465648855
2026-03-18 20:43:00,4.76,5.0,0.04800000000000004,0.9083969465648855
2026-03-18 20:44:00,4.77,5.0,0.04600000000000008,0.9120458891013383
2026-03-18 20:45:00,4.74,5.0,0.051999999999999956,0.9011406844106464
2026-03-18 20:46:00,4.03,5.0,0.19399999999999995,0.6750418760469012
2026-03-18 20:47:00,3.94,5.0,0.21200000000000002,0.6501650165016503
2026-03-18 20:48:00,3.97,5.0,0.20599999999999996,0.6583747927031509
2026-03-18 20:49:00,4.0,5.0,0.2,0.6666666666666667
2026-03-18 20:50:00,4.29,5.0,0.142,0.7513134851138354
2026-03-18 20:51:00,4.52,5.0,0.09600000000000009,0.8248175182481751
2026-03-18 20:52:00,4.51,5.0,0.09800000000000005,0.8214936247723131
2026-03-18 20:53:00,4.5,5.0,0.1,0.8181818181818181
2026-03-18 20:54:00,4.53,5.0,0.09399999999999994,0.8281535648994517
2026-03-18 20:55:00,4.21,5.0,0.158,0.7271157167530224
2026-03-18 20:56:00,4.3,5.0,0.14000000000000004,0.7543859649122806
2026-03-18 20:57:00,4.48,5.0,0.10399999999999991,0.8115942028985509
2026-03-18 20:58:00,4.62,5.0,0.07599999999999998,0.8587360594795539
2026-03-18 20:59:00,4.72,5.0,0.05600000000000005,0.8939393939393938
2026-03-18 21:00:00,4.57,5.0,0.08599999999999994,0.8416206261510131
2026-03-18 21:01:00,4.64,5.0,0.07200000000000006,0.8656716417910446
2026-03-18 21:03:00,4.67,5.0,0.06600000000000002,0.8761726078799249
2026-03-18 21:04:00,4.68,5.0,0.06400000000000006,0.8796992481203006
2026-03-18 21:05:00,4.63,5.0,0.07400000000000002,0.8621973929236498
2026-03-18 21:06:00,4.53,5.0,0.09399999999999994,0.8281535648994517
2026-03-18 21:07:00,4.56,5.0,0.08800000000000008,0.838235294117647
2026-03-18 21:08:00,4.59,5.0,0.08200000000000003,0.8484288354898335
2026-03-18 21:09:00,4.34,5.0,0.13200000000000003,0.7667844522968197
2026-03-18 21:10:00,4.4,5.0,0.11999999999999993,0.7857142857142859
2026-03-18 21:11:00,4.38,5.0,0.12400000000000003,0.7793594306049821
2026-03-18 21:12:00,4.76,5.0,0.04800000000000004,0.9083969465648855
2026-03-18 21:13:00,4.61,5.0,0.07799999999999993,0.855287569573284
2026-03-18 21:14:00,4.63,5.0,0.07400000000000002,0.8621973929236498
2026-03-18 21:15:00,4.58,5.0,0.08399999999999999,0.8450184501845018
2026-03-18 21:16:00,4.6,5.0,0.08000000000000007,0.8518518518518517
2026-03-18 21:17:00,4.66,5.0,0.06799999999999998,0.8726591760299626
2026-03-18 21:18:00,4.85,5.0,0.030000000000000072,0.9417475728155339
2026-03-18 21:19:00,4.85,5.0,0.030000000000000072,0.9417475728155339
2026-03-18 21:20:00,4.93,5.0,0.014000000000000058,0.9723865877712031
2026-03-18 21:21:00,4.91,5.0,0.01799999999999997,0.9646365422396856
2026-03-18 21:22:00,4.95,5.0,0.009999999999999964,0.9801980198019802
2026-03-18 21:23:00,4.99,5.0,0.0019999999999999575,0.9960079840319361
2026-03-18 21:24:00,4.94,5.0,0.011999999999999922,0.9762845849802373
2026-03-18 21:25:00,4.85,5.0,0.030000000000000072,0.9417475728155339
2026-03-18 21:26:00,4.86,5.0,0.027999999999999935,0.9455252918287939
2026-03-18 21:27:00,4.8,5.0,0.040000000000000036,0.923076923076923
2026-03-18 21:28:00,4.75,5.0,0.05,0.9047619047619047
2026-03-18 21:29:00,4.45,5.0,0.10999999999999996,0.8018018018018019
2026-03-18 21:30:00,4.31,5.0,0.13800000000000007,0.7574692442882248
2026-03-18 21:31:00,4.36,5.0,0.12799999999999995,0.773049645390071
2026-03-18 21:34:00,4.56,5.0,0.08800000000000008,0.838235294117647
2026-03-18 21:35:00,4.59,5.0,0.08200000000000003,0.8484288354898335
2026-03-18 21:36:00,4.6,5.0,0.08000000000000007,0.8518518518518517
2026-03-18 21:37:00,4.29,5.0,0.142,0.7513134851138354
2026-03-18 21:38:00,4.21,5.0,0.158,0.7271157167530224
2026-03-18 21:39:00,4.46,5.0,0.10800000000000001,0.8050541516245486
2026-03-18 21:40:00,4.52,5.0,0.09600000000000009,0.8248175182481751
2026-03-18 21:41:00,4.48,5.0,0.10399999999999991,0.8115942028985509
2026-03-18 21:42:00,4.59,5.0,0.08200000000000003,0.8484288354898335
2026-03-18 21:43:00,4.85,5.0,0.030000000000000072,0.9417475728155339
2026-03-18 21:44:00,4.83,5.0,0.03399999999999999,0.9342359767891683
2026-03-18 21:45:00,4.91,5.0,0.01799999999999997,0.9646365422396856
2026-03-18 21:46:00,4.95,5.0,0.009999999999999964,0.9801980198019802
2026-03-18 21:47:00,4.99,5.0,0.0019999999999999575,0.9960079840319361
2026-03-18 21:48:00,5.11,5.0,0.022000000000000065,1.0
2026-03-18 21:49:00,5.24,5.0,0.04800000000000004,1.0
2026-03-18 21:50:00,5.22,5.0,0.04399999999999995,1.0
2026-03-18 21:51:00,5.2,5.0,0.040000000000000036,1.0
2026-03-18 21:52:00,5.17,5.0,0.03399999999999999,1.0
2026-03-18 21:53:00,5.08,5.0,0.016000000000000014,1.0
2026-03-18 21:54:00,5.06,5.0,0.011999999999999922,1.0
2026-03-18 21:55:00,5.06,5.0,0.011999999999999922,1.0
2026-03-18 21:56:00,5.1,5.0,0.019999999999999928,1.0
2026-03-18 21:57:00,5.1,5.0,0.019999999999999928,1.0
2026-03-18 21:58:00,4.96,5.0,0.008000000000000007,0.9841269841269841
2026-03-18 21:59:00,5.78,5.0,0.15600000000000006,1.0
2026-03-18 22:00:00,4.78,5.0,0.04399999999999995,0.9157088122605365
2026-03-18 22:01:00,4.86,5.0,0.027999999999999935,0.9455252918287939
2026-03-18 22:02:00,4.88,5.0,0.02400000000000002,0.953125
2026-03-18 22:03:00,4.8,5.0,0.040000000000000036,0.923076923076923
2026-03-18 22:04:00,4.69,5.0,0.06199999999999992,0.8832391713747648
2026-03-18 22:05:00,4.54,5.0,0.092,0.8315018315018314
2026-03-18 22:06:00,4.81,5.0,0.038000000000000075,0.9267822736030827
2026-03-18 22:07:00,4.85,5.0,0.030000000000000072,0.9417475728155339
2026-03-18 22:08:00,4.87,5.0,0.025999999999999978,0.949317738791423
2026-03-18 22:09:00,4.78,5.0,0.04399999999999995,0.9157088122605365
2026-03-18 22:10:00,4.75,5.0,0.05,0.9047619047619047
2026-03-18 22:11:00,4.72,5.0,0.05600000000000005,0.8939393939393938
2026-03-18 22:12:00,4.63,5.0,0.07400000000000002,0.8621973929236498
2026-03-18 22:13:00,4.7,5.0,0.05999999999999996,0.8867924528301887
2026-03-18 22:14:00,4.67,5.0,0.06600000000000002,0.8761726078799249
2026-03-18 22:15:00,4.59,5.0,0.08200000000000003,0.8484288354898335
2026-03-18 22:16:00,4.63,5.0,0.07400000000000002,0.8621973929236498
2026-03-18 22:17:00,4.61,5.0,0.07799999999999993,0.855287569573284
2026-03-18 22:18:00,4.63,5.0,0.07400000000000002,0.8621973929236498
2026-03-18 22:19:00,4.68,5.0,0.06400000000000006,0.8796992481203006
2026-03-18 22:20:00,4.89,5.0,0.022000000000000065,0.9569471624266145
2026-03-18 22:21:00,4.69,5.0,0.06199999999999992,0.8832391713747648
2026-03-18 22:22:00,4.62,5.0,0.07599999999999998,0.8587360594795539
2026-03-18 22:23:00,4.59,5.0,0.08200000000000003,0.8484288354898335
2026-03-18 22:24:00,4.58,5.0,0.08399999999999999,0.8450184501845018
2026-03-18 22:25:00,4.69,5.0,0.06199999999999992,0.8832391713747648
2026-03-18 22:26:00,4.52,5.0,0.09600000000000009,0.8248175182481751
2026-03-18 22:27:00,4.55,5.0,0.09000000000000004,0.8348623853211008
2026-03-18 22:28:00,4.56,5.0,0.08800000000000008,0.838235294117647
2026-03-18 22:29:00,4.56,5.0,0.08800000000000008,0.838235294117647
2026-03-18 22:30:00,4.64,5.0,0.07200000000000006,0.8656716417910446
2026-03-18 22:31:00,4.6,5.0,0.08000000000000007,0.8518518518518517
2026-03-18 22:32:00,4.65,5.0,0.06999999999999992,0.8691588785046731
2026-03-18 22:33:00,4.6,5.0,0.08000000000000007,0.8518518518518517
2026-03-18 22:34:00,4.47,5.0,0.10600000000000005,0.8083182640144664
2026-03-18 22:35:00,4.61,5.0,0.07799999999999993,0.855287569573284
2026-03-18 22:36:00,4.77,5.0,0.04600000000000008,0.9120458891013383
2026-03-18 22:37:00,4.83,5.0,0.03399999999999999,0.9342359767891683
2026-03-18 22:38:00,4.78,5.0,0.04399999999999995,0.9157088122605365
2026-03-18 22:39:00,4.87,5.0,0.025999999999999978,0.949317738791423
2026-03-18 22:40:00,5.05,5.0,0.009999999999999964,1.0
2026-03-18 22:41:00,5.1,5.0,0.019999999999999928,1.0
2026-03-18 22:42:00,5.11,5.0,0.022000000000000065,1.0
2026-03-18 22:43:00,5.02,5.0,0.003999999999999915,1.0
2026-03-18 22:44:00,4.85,5.0,0.030000000000000072,0.9417475728155339
2026-03-18 22:45:00,4.82,5.0,0.03599999999999994,0.9305019305019305
2026-03-18 22:46:00,4.85,5.0,0.030000000000000072,0.9417475728155339
2026-03-18 22:47:00,4.74,5.0,0.051999999999999956,0.9011406844106464
2026-03-18 22:48:00,4.61,5.0,0.07799999999999993,0.855287569573284
2026-03-18 22:49:00,4.35,5.0,0.13000000000000006,0.7699115044247786
2026-03-18 22:50:00,4.38,5.0,0.12400000000000003,0.7793594306049821
2026-03-18 22:51:00,4.34,5.0,0.13200000000000003,0.7667844522968197
2026-03-18 22:52:00,4.34,5.0,0.13200000000000003,0.7667844522968197
2026-03-18 22:53:00,4.23,5.0,0.15399999999999991,0.7331022530329291
2026-03-18 22:54:00,4.32,5.0,0.13599999999999995,0.7605633802816903
2026-03-18 22:55:00,4.33,5.0,0.13399999999999998,0.763668430335097
2026-03-18 22:56:00,4.08,5.0,0.184,0.6891891891891893
2026-03-18 22:57:00,4.05,5.0,0.19000000000000003,0.680672268907563
2026-03-18 22:58:00,3.59,5.0,0.28200000000000003,0.5600624024960998
2026-03-18 22:59:00,4.06,5.0,0.18800000000000008,0.6835016835016834
2026-03-18 23:00:00,4.13,5.0,0.17400000000000002,0.7035775127768313
2026-03-18 23:01:00,4.12,5.0,0.176,0.7006802721088436
2026-03-18 23:02:00,4.13,5.0,0.17400000000000002,0.7035775127768313
2026-03-18 23:03:00,4.17,5.0,0.166,0.7152658662092625
2026-03-18 23:04:00,4.09,5.0,0.18200000000000002,0.6920473773265652
2026-03-18 23:05:00,4.15,5.0,0.16999999999999993,0.7094017094017095
2026-03-18 23:06:00,4.29,5.0,0.142,0.7513134851138354
2026-03-18 23:07:00,4.33,5.0,0.13399999999999998,0.763668430335097
2026-03-18 23:08:00,4.35,5.0,0.13000000000000006,0.7699115044247786
2026-03-18 23:09:00,3.96,5.0,0.20800000000000002,0.6556291390728477
2026-03-18 23:10:00,3.42,5.0,0.316,0.519756838905775
2026-03-18 23:11:00,3.95,5.0,0.20999999999999996,0.6528925619834711
2026-03-18 23:12:00,4.7,5.0,0.05999999999999996,0.8867924528301887
2026-03-18 23:13:00,5.04,5.0,0.008000000000000007,1.0
2026-03-18 23:14:00,5.05,5.0,0.009999999999999964,1.0
2026-03-18 23:15:00,5.12,5.0,0.02400000000000002,1.0
2026-03-18 23:16:00,5.05,5.0,0.009999999999999964,1.0
2026-03-18 23:17:00,5.02,5.0,0.003999999999999915,1.0
2026-03-18 23:18:00,5.13,5.0,0.025999999999999978,1.0
2026-03-18 23:19:00,5.1,5.0,0.019999999999999928,1.0
2026-03-18 23:20:00,5.11,5.0,0.022000000000000065,1.0
2026-03-18 23:21:00,5.13,5.0,0.025999999999999978,1.0
2026-03-18 23:22:00,5.11,5.0,0.022000000000000065,1.0
2026-03-18 23:23:00,5.06,5.0,0.011999999999999922,1.0
2026-03-18 23:24:00,4.98,5.0,0.003999999999999915,0.9920318725099603
2026-03-18 23:25:00,4.98,5.0,0.003999999999999915,0.9920318725099603
2026-03-18 23:26:00,4.95,5.0,0.009999999999999964,0.9801980198019802
2026-03-18 23:27:00,5.0,5.0,0.0,1.0
2026-03-18 23:28:00,4.99,5.0,0.0019999999999999575,0.9960079840319361
2026-03-18 23:29:00,4.95,5.0,0.009999999999999964,0.9801980198019802
2026-03-18 23:30:00,4.99,5.0,0.0019999999999999575,0.9960079840319361
2026-03-18 23:31:00,5.09,5.0,0.01799999999999997,1.0
2026-03-18 23:32:00,5.11,5.0,0.022000000000000065,1.0
2026-03-18 23:33:00,5.09,5.0,0.01799999999999997,1.0
2026-03-18 23:34:00,5.07,5.0,0.014000000000000058,1.0
2026-03-18 23:35:00,5.13,5.0,0.025999999999999978,1.0
2026-03-18 23:36:00,5.16,5.0,0.03200000000000003,1.0
2026-03-18 23:37:00,5.17,5.0,0.03399999999999999,1.0
2026-03-18 23:38:00,5.13,5.0,0.025999999999999978,1.0
2026-03-18 23:39:00,5.11,5.0,0.022000000000000065,1.0
2026-03-18 23:40:00,5.05,5.0,0.009999999999999964,1.0
2026-03-18 23:41:00,5.07,5.0,0.014000000000000058,1.0
2026-03-18 23:42:00,5.12,5.0,0.02400000000000002,1.0
2026-03-18 23:43:00,5.14,5.0,0.027999999999999935,1.0
2026-03-18 23:44:00,5.1,5.0,0.019999999999999928,1.0
2026-03-18 23:45:00,5.09,5.0,0.01799999999999997,1.0
2026-03-18 23:46:00,5.07,5.0,0.014000000000000058,1.0
2026-03-18 23:47:00,5.05,5.0,0.009999999999999964,1.0
2026-03-18 23:48:00,5.07,5.0,0.014000000000000058,1.0
2026-03-18 23:49:00,5.13,5.0,0.025999999999999978,1.0
2026-03-18 23:50:00,5.19,5.0,0.038000000000000075,1.0
2026-03-18 23:51:00,5.16,5.0,0.03200000000000003,1.0
2026-03-18 23:52:00,5.2,5.0,0.040000000000000036,1.0
2026-03-18 23:53:00,5.17,5.0,0.03399999999999999,1.0
2026-03-18 23:54:00,5.28,5.0,0.05600000000000005,1.0
2026-03-18 23:55:00,5.27,5.0,0.053999999999999916,1.0
2026-03-18 23:56:00,5.25,5.0,0.05,1.0
2026-03-18 23:57:00,5.24,5.0,0.04800000000000004,1.0
2026-03-18 23:58:00,5.28,5.0,0.05600000000000005,1.0
2026-03-18 23:59:00,5.29,5.0,0.05800000000000001,1.0
2026-03-19 00:00:00,5.28,5.0,0.05600000000000005,1.0
2026-03-19 00:01:00,5.34,5.0,0.06799999999999998,1.0
2026-03-19 00:02:00,5.32,5.0,0.06400000000000006,1.0
2026-03-19 00:03:00,5.35,5.0,0.06999999999999992,1.0
2026-03-19 00:04:00,5.35,5.0,0.06999999999999992,1.0
2026-03-19 00:05:00,5.32,5.0,0.06400000000000006,1.0
2026-03-19 00:06:00,5.33,5.0,0.06600000000000002,1.0
2026-03-19 00:07:00,5.31,5.0,0.06199999999999992,1.0
2026-03-19 00:08:00,5.31,5.0,0.06199999999999992,1.0
2026-03-19 00:09:00,5.31,5.0,0.06199999999999992,1.0
2026-03-19 00:10:00,5.37,5.0,0.07400000000000002,1.0
2026-03-19 00:11:00,5.42,5.0,0.08399999999999999,1.0
2026-03-19 00:12:00,5.37,5.0,0.07400000000000002,1.0
2026-03-19 00:13:00,5.36,5.0,0.07200000000000006,1.0
2026-03-19 00:14:00,5.36,5.0,0.07200000000000006,1.0
2026-03-19 00:15:00,5.33,5.0,0.06600000000000002,1.0
2026-03-19 00:16:00,5.34,5.0,0.06799999999999998,1.0
2026-03-19 00:17:00,5.37,5.0,0.07400000000000002,1.0
2026-03-19 00:18:00,5.36,5.0,0.07200000000000006,1.0
2026-03-19 00:19:00,5.37,5.0,0.07400000000000002,1.0
2026-03-19 00:20:00,5.33,5.0,0.06600000000000002,1.0
2026-03-19 00:21:00,5.29,5.0,0.05800000000000001,1.0
2026-03-19 00:22:00,5.33,5.0,0.06600000000000002,1.0
2026-03-19 00:23:00,5.33,5.0,0.06600000000000002,1.0
2026-03-19 00:24:00,5.32,5.0,0.06400000000000006,1.0
2026-03-19 00:25:00,5.32,5.0,0.06400000000000006,1.0
2026-03-19 00:26:00,5.34,5.0,0.06799999999999998,1.0
2026-03-19 00:27:00,5.32,5.0,0.06400000000000006,1.0
2026-03-19 00:28:00,5.35,5.0,0.06999999999999992,1.0
2026-03-19 00:29:00,5.3,5.0,0.05999999999999996,1.0
2026-03-19 00:30:00,5.31,5.0,0.06199999999999992,1.0
2026-03-19 00:31:00,5.3,5.0,0.05999999999999996,1.0
2026-03-19 00:32:00,5.33,5.0,0.06600000000000002,1.0
2026-03-19 00:33:00,5.37,5.0,0.07400000000000002,1.0
2026-03-19 00:34:00,5.31,5.0,0.06199999999999992,1.0
2026-03-19 00:35:00,5.3,5.0,0.05999999999999996,1.0
2026-03-19 00:36:00,5.33,5.0,0.06600000000000002,1.0
2026-03-19 00:37:00,5.3,5.0,0.05999999999999996,1.0
2026-03-19 00:38:00,5.36,5.0,0.07200000000000006,1.0
2026-03-19 00:39:00,5.34,5.0,0.06799999999999998,1.0
2026-03-19 00:40:00,5.31,5.0,0.06199999999999992,1.0
2026-03-19 00:41:00,5.36,5.0,0.07200000000000006,1.0
2026-03-19 00:42:00,5.33,5.0,0.06600000000000002,1.0
2026-03-19 00:43:00,5.33,5.0,0.06600000000000002,1.0
2026-03-19 00:44:00,5.36,5.0,0.07200000000000006,1.0
2026-03-19 00:45:00,5.42,5.0,0.08399999999999999,1.0
2026-03-19 00:46:00,5.37,5.0,0.07400000000000002,1.0
2026-03-19 00:47:00,5.38,5.0,0.07599999999999998,1.0
2026-03-19 00:48:00,5.38,5.0,0.07599999999999998,1.0
2026-03-19 00:49:00,5.36,5.0,0.07200000000000006,1.0
2026-03-19 00:50:00,5.44,5.0,0.08800000000000008,1.0
2026-03-19 00:51:00,5.38,5.0,0.07599999999999998,1.0
2026-03-19 00:52:00,5.35,5.0,0.06999999999999992,1.0
2026-03-19 00:53:00,5.29,5.0,0.05800000000000001,1.0
2026-03-19 00:54:00,5.36,5.0,0.07200000000000006,1.0
2026-03-19 00:55:00,5.34,5.0,0.06799999999999998,1.0
2026-03-19 00:56:00,5.31,5.0,0.06199999999999992,1.0
2026-03-19 00:57:00,5.36,5.0,0.07200000000000006,1.0
2026-03-19 00:58:00,5.35,5.0,0.06999999999999992,1.0
2026-03-19 00:59:00,5.31,5.0,0.06199999999999992,1.0
2026-03-19 01:00:00,5.29,5.0,0.05800000000000001,1.0
2026-03-19 01:01:00,5.34,5.0,0.06799999999999998,1.0
2026-03-19 01:03:00,5.27,5.0,0.053999999999999916,1.0
2026-03-19 01:04:00,5.25,5.0,0.05,1.0
2026-03-19 01:05:00,5.23,5.0,0.04600000000000008,1.0
2026-03-19 01:06:00,5.29,5.0,0.05800000000000001,1.0
2026-03-19 01:07:00,5.29,5.0,0.05800000000000001,1.0
2026-03-19 01:08:00,5.3,5.0,0.05999999999999996,1.0
2026-03-19 01:09:00,5.29,5.0,0.05800000000000001,1.0
2026-03-19 01:10:00,5.25,5.0,0.05,1.0
2026-03-19 01:11:00,5.26,5.0,0.051999999999999956,1.0
2026-03-19 01:12:00,5.25,5.0,0.05,1.0
2026-03-19 01:13:00,5.25,5.0,0.05,1.0
2026-03-19 01:14:00,5.21,5.0,0.041999999999999996,1.0
2026-03-19 01:15:00,5.24,5.0,0.04800000000000004,1.0
2026-03-19 01:16:00,5.23,5.0,0.04600000000000008,1.0
2026-03-19 01:17:00,5.19,5.0,0.038000000000000075,1.0
2026-03-19 01:18:00,5.15,5.0,0.030000000000000072,1.0
2026-03-19 01:19:00,5.13,5.0,0.025999999999999978,1.0
2026-03-19 01:20:00,5.12,5.0,0.02400000000000002,1.0
2026-03-19 01:21:00,5.06,5.0,0.011999999999999922,1.0
2026-03-19 01:22:00,5.01,5.0,0.0019999999999999575,1.0
2026-03-19 01:23:00,5.01,5.0,0.0019999999999999575,1.0
2026-03-19 01:24:00,5.04,5.0,0.008000000000000007,1.0
2026-03-19 01:25:00,5.01,5.0,0.0019999999999999575,1.0
2026-03-19 01:26:00,5.0,5.0,0.0,1.0
2026-03-19 01:27:00,4.93,5.0,0.014000000000000058,0.9723865877712031
2026-03-19 01:28:00,4.91,5.0,0.01799999999999997,0.9646365422396856
2026-03-19 01:29:00,4.87,5.0,0.025999999999999978,0.949317738791423
2026-03-19 01:30:00,4.89,5.0,0.022000000000000065,0.9569471624266145
2026-03-19 01:31:00,4.85,5.0,0.030000000000000072,0.9417475728155339
2026-03-19 01:32:00,4.87,5.0,0.025999999999999978,0.949317738791423
2026-03-19 01:33:00,4.86,5.0,0.027999999999999935,0.9455252918287939
2026-03-19 01:34:00,4.8,5.0,0.040000000000000036,0.923076923076923
2026-03-19 01:35:00,4.74,5.0,0.051999999999999956,0.9011406844106464
2026-03-19 01:36:00,4.77,5.0,0.04600000000000008,0.9120458891013383
2026-03-19 01:37:00,4.78,5.0,0.04399999999999995,0.9157088122605365
2026-03-19 01:38:00,4.82,5.0,0.03599999999999994,0.9305019305019305
2026-03-19 01:39:00,4.82,5.0,0.03599999999999994,0.9305019305019305
2026-03-19 01:40:00,4.82,5.0,0.03599999999999994,0.9305019305019305
2026-03-19 01:41:00,4.76,5.0,0.04800000000000004,0.9083969465648855
2026-03-19 01:42:00,4.72,5.0,0.05600000000000005,0.8939393939393938
2026-03-19 01:43:00,4.77,5.0,0.04600000000000008,0.9120458891013383
2026-03-19 01:44:00,4.82,5.0,0.03599999999999994,0.9305019305019305
2026-03-19 01:45:00,4.86,5.0,0.027999999999999935,0.9455252918287939
2026-03-19 01:46:00,4.85,5.0,0.030000000000000072,0.9417475728155339
2026-03-19 01:47:00,4.84,5.0,0.03200000000000003,0.937984496124031
2026-03-19 01:48:00,4.85,5.0,0.030000000000000072,0.9417475728155339
2026-03-19 01:49:00,4.75,5.0,0.05,0.9047619047619047
2026-03-19 01:50:00,4.75,5.0,0.05,0.9047619047619047
2026-03-19 01:51:00,4.77,5.0,0.04600000000000008,0.9120458891013383
2026-03-19 01:52:00,4.79,5.0,0.041999999999999996,0.9193857965451055
2026-03-19 01:53:00,4.83,5.0,0.03399999999999999,0.9342359767891683
2026-03-19 01:54:00,4.8,5.0,0.040000000000000036,0.923076923076923
2026-03-19 01:55:00,4.77,5.0,0.04600000000000008,0.9120458891013383
2026-03-19 01:56:00,4.76,5.0,0.04800000000000004,0.9083969465648855
2026-03-19 01:57:00,4.78,5.0,0.04399999999999995,0.9157088122605365
2026-03-19 01:58:00,4.78,5.0,0.04399999999999995,0.9157088122605365
2026-03-19 01:59:00,4.79,5.0,0.041999999999999996,0.9193857965451055
2026-03-19 02:00:00,4.78,5.0,0.04399999999999995,0.9157088122605365
2026-03-19 02:01:00,4.82,5.0,0.03599999999999994,0.9305019305019305
2026-03-19 02:02:00,4.81,5.0,0.038000000000000075,0.9267822736030827
2026-03-19 02:03:00,4.76,5.0,0.04800000000000004,0.9083969465648855
2026-03-19 02:04:00,4.78,5.0,0.04399999999999995,0.9157088122605365
2026-03-19 02:05:00,4.79,5.0,0.041999999999999996,0.9193857965451055
2026-03-19 02:06:00,4.77,5.0,0.04600000000000008,0.9120458891013383
2026-03-19 02:07:00,4.75,5.0,0.05,0.9047619047619047
2026-03-19 02:08:00,4.71,5.0,0.05800000000000001,0.8903591682419659
2026-03-19 02:09:00,4.61,5.0,0.07799999999999993,0.855287569573284
2026-03-19 02:10:00,4.67,5.0,0.06600000000000002,0.8761726078799249
2026-03-19 02:11:00,4.62,5.0,0.07599999999999998,0.8587360594795539
2026-03-19 02:12:00,4.55,5.0,0.09000000000000004,0.8348623853211008
2026-03-19 02:13:00,4.43,5.0,0.11400000000000006,0.7953321364452423
2026-03-19 02:14:00,4.45,5.0,0.10999999999999996,0.8018018018018019
2026-03-19 02:15:00,4.47,5.0,0.10600000000000005,0.8083182640144664
2026-03-19 02:16:00,4.57,5.0,0.08599999999999994,0.8416206261510131
2026-03-19 02:17:00,4.54,5.0,0.092,0.8315018315018314
2026-03-19 02:18:00,4.61,5.0,0.07799999999999993,0.855287569573284
2026-03-19 02:19:00,4.69,5.0,0.06199999999999992,0.8832391713747648
2026-03-19 02:20:00,4.66,5.0,0.06799999999999998,0.8726591760299626
2026-03-19 02:21:00,4.6,5.0,0.08000000000000007,0.8518518518518517
2026-03-19 02:22:00,4.51,5.0,0.09800000000000005,0.8214936247723131
2026-03-19 02:23:00,4.55,5.0,0.09000000000000004,0.8348623853211008
2026-03-19 02:24:00,4.57,5.0,0.08599999999999994,0.8416206261510131
2026-03-19 02:25:00,4.81,5.0,0.038000000000000075,0.9267822736030827
2026-03-19 02:26:00,4.85,5.0,0.030000000000000072,0.9417475728155339
2026-03-19 02:27:00,4.83,5.0,0.03399999999999999,0.9342359767891683
2026-03-19 02:28:00,4.87,5.0,0.025999999999999978,0.949317738791423
2026-03-19 02:29:00,4.62,5.0,0.07599999999999998,0.8587360594795539
2026-03-19 02:30:00,4.4,5.0,0.11999999999999993,0.7857142857142859
2026-03-19 02:31:00,4.27,5.0,0.14600000000000007,0.745200698080279
2026-03-19 02:32:00,4.22,5.0,0.15600000000000006,0.7301038062283736
2026-03-19 02:33:00,4.33,5.0,0.13399999999999998,0.763668430335097
2026-03-19 02:34:00,4.31,5.0,0.13800000000000007,0.7574692442882248
2026-03-19 02:35:00,4.38,5.0,0.12400000000000003,0.7793594306049821
2026-03-19 02:36:00,4.44,5.0,0.11199999999999992,0.7985611510791369
2026-03-19 02:37:00,4.49,5.0,0.10199999999999995,0.8148820326678767
2026-03-19 02:38:00,4.73,5.0,0.053999999999999916,0.8975332068311197
2026-03-19 02:39:00,4.78,5.0,0.04399999999999995,0.9157088122605365
2026-03-19 02:40:00,4.74,5.0,0.051999999999999956,0.9011406844106464
2026-03-19 02:41:00,4.76,5.0,0.04800000000000004,0.9083969465648855
2026-03-19 02:42:00,4.93,5.0,0.014000000000000058,0.9723865877712031
2026-03-19 02:43:00,5.01,5.0,0.0019999999999999575,1.0
2026-03-19 02:44:00,4.95,5.0,0.009999999999999964,0.9801980198019802
2026-03-19 02:45:00,5.08,5.0,0.016000000000000014,1.0
2026-03-19 02:46:00,5.09,5.0,0.01799999999999997,1.0
2026-03-19 02:47:00,5.0,5.0,0.0,1.0
2026-03-19 02:48:00,5.05,5.0,0.009999999999999964,1.0
2026-03-19 02:49:00,5.2,5.0,0.040000000000000036,1.0
2026-03-19 02:50:00,4.97,5.0,0.0060000000000000496,0.9880715705765407
2026-03-19 02:51:00,5.03,5.0,0.0060000000000000496,1.0
2026-03-19 02:52:00,5.14,5.0,0.027999999999999935,1.0
2026-03-19 02:53:00,5.34,5.0,0.06799999999999998,1.0
2026-03-19 02:54:00,5.27,5.0,0.053999999999999916,1.0
2026-03-19 02:55:00,5.21,5.0,0.041999999999999996,1.0
2026-03-19 02:56:00,5.26,5.0,0.051999999999999956,1.0
2026-03-19 02:57:00,5.23,5.0,0.04600000000000008,1.0
2026-03-19 02:58:00,5.23,5.0,0.04600000000000008,1.0
2026-03-19 02:59:00,5.28,5.0,0.05600000000000005,1.0
2026-03-19 03:00:00,5.2,5.0,0.040000000000000036,1.0
2026-03-19 03:01:00,5.15,5.0,0.030000000000000072,1.0
2026-03-19 03:02:00,5.18,5.0,0.03599999999999994,1.0
2026-03-19 03:03:00,5.19,5.0,0.038000000000000075,1.0
2026-03-19 03:04:00,5.14,5.0,0.027999999999999935,1.0
2026-03-19 03:05:00,5.18,5.0,0.03599999999999994,1.0
2026-03-19 03:06:00,5.19,5.0,0.038000000000000075,1.0
2026-03-19 03:07:00,5.28,5.0,0.05600000000000005,1.0
2026-03-19 03:08:00,5.25,5.0,0.05,1.0
2026-03-19 03:09:00,5.23,5.0,0.04600000000000008,1.0
2026-03-19 03:10:00,5.21,5.0,0.041999999999999996,1.0
2026-03-19 03:11:00,5.35,5.0,0.06999999999999992,1.0
2026-03-19 03:12:00,5.22,5.0,0.04399999999999995,1.0
2026-03-19 03:13:00,5.25,5.0,0.05,1.0
2026-03-19 03:14:00,5.29,5.0,0.05800000000000001,1.0
2026-03-19 03:15:00,5.18,5.0,0.03599999999999994,1.0
2026-03-19 03:16:00,5.22,5.0,0.04399999999999995,1.0
2026-03-19 03:17:00,5.36,5.0,0.07200000000000006,1.0
2026-03-19 03:18:00,5.4,5.0,0.08000000000000007,1.0
2026-03-19 03:19:00,5.4,5.0,0.08000000000000007,1.0
2026-03-19 03:20:00,5.33,5.0,0.06600000000000002,1.0
2026-03-19 03:21:00,5.28,5.0,0.05600000000000005,1.0
2026-03-19 03:22:00,5.33,5.0,0.06600000000000002,1.0
2026-03-19 03:23:00,5.29,5.0,0.05800000000000001,1.0
2026-03-19 03:24:00,5.36,5.0,0.07200000000000006,1.0
2026-03-19 03:25:00,5.31,5.0,0.06199999999999992,1.0
2026-03-19 03:26:00,5.27,5.0,0.053999999999999916,1.0
2026-03-19 03:27:00,5.28,5.0,0.05600000000000005,1.0
2026-03-19 03:28:00,5.2,5.0,0.040000000000000036,1.0
2026-03-19 03:29:00,5.19,5.0,0.038000000000000075,1.0
2026-03-19 03:30:00,5.14,5.0,0.027999999999999935,1.0
2026-03-19 03:31:00,5.12,5.0,0.02400000000000002,1.0
2026-03-19 03:32:00,5.09,5.0,0.01799999999999997,1.0
2026-03-19 03:33:00,5.09,5.0,0.01799999999999997,1.0
2026-03-19 03:34:00,5.32,5.0,0.06400000000000006,1.0
2026-03-19 03:35:00,5.37,5.0,0.07400000000000002,1.0
2026-03-19 03:36:00,5.35,5.0,0.06999999999999992,1.0
2026-03-19 03:37:00,5.18,5.0,0.03599999999999994,1.0
2026-03-19 03:38:00,5.15,5.0,0.030000000000000072,1.0
2026-03-19 03:39:00,5.07,5.0,0.014000000000000058,1.0
2026-03-19 03:40:00,5.03,5.0,0.0060000000000000496,1.0
2026-03-19 03:41:00,5.0,5.0,0.0,1.0
2026-03-19 03:42:00,4.99,5.0,0.0019999999999999575,0.9960079840319361
2026-03-19 03:43:00,5.02,5.0,0.003999999999999915,1.0
2026-03-19 03:44:00,4.95,5.0,0.009999999999999964,0.9801980198019802
2026-03-19 03:45:00,4.9,5.0,0.019999999999999928,0.9607843137254902
2026-03-19 03:46:00,4.96,5.0,0.008000000000000007,0.9841269841269841
2026-03-19 03:47:00,4.98,5.0,0.003999999999999915,0.9920318725099603
2026-03-19 03:48:00,4.99,5.0,0.0019999999999999575,0.9960079840319361
2026-03-19 03:49:00,4.96,5.0,0.008000000000000007,0.9841269841269841
2026-03-19 03:50:00,5.02,5.0,0.003999999999999915,1.0
2026-03-19 03:51:00,4.95,5.0,0.009999999999999964,0.9801980198019802
2026-03-19 03:52:00,5.0,5.0,0.0,1.0
2026-03-19 03:53:00,5.02,5.0,0.003999999999999915,1.0
2026-03-19 03:54:00,4.85,5.0,0.030000000000000072,0.9417475728155339
2026-03-19 03:55:00,4.95,5.0,0.009999999999999964,0.9801980198019802
2026-03-19 03:56:00,4.91,5.0,0.01799999999999997,0.9646365422396856
2026-03-19 03:57:00,4.91,5.0,0.01799999999999997,0.9646365422396856
2026-03-19 03:58:00,5.01,5.0,0.0019999999999999575,1.0
2026-03-19 04:00:00,5.05,5.0,0.009999999999999964,1.0
2026-03-19 04:01:00,5.17,5.0,0.03399999999999999,1.0
2026-03-19 04:02:00,5.11,5.0,0.022000000000000065,1.0
2026-03-19 04:03:00,5.07,5.0,0.014000000000000058,1.0
2026-03-19 04:04:00,5.13,5.0,0.025999999999999978,1.0
2026-03-19 04:05:00,5.16,5.0,0.03200000000000003,1.0
2026-03-19 04:06:00,5.14,5.0,0.027999999999999935,1.0
2026-03-19 04:07:00,5.03,5.0,0.0060000000000000496,1.0
2026-03-19 04:08:00,5.02,5.0,0.003999999999999915,1.0
2026-03-19 04:09:00,4.98,5.0,0.003999999999999915,0.9920318725099603
2026-03-19 04:10:00,5.06,5.0,0.011999999999999922,1.0
2026-03-19 04:11:00,5.08,5.0,0.016000000000000014,1.0
2026-03-19 04:12:00,5.05,5.0,0.009999999999999964,1.0
2026-03-19 04:13:00,5.06,5.0,0.011999999999999922,1.0
2026-03-19 04:14:00,5.04,5.0,0.008000000000000007,1.0
2026-03-19 04:15:00,5.09,5.0,0.01799999999999997,1.0
2026-03-19 04:16:00,5.12,5.0,0.02400000000000002,1.0
2026-03-19 04:17:00,5.13,5.0,0.025999999999999978,1.0
2026-03-19 04:18:00,5.02,5.0,0.003999999999999915,1.0
2026-03-19 04:19:00,5.14,5.0,0.027999999999999935,1.0
2026-03-19 04:20:00,5.07,5.0,0.014000000000000058,1.0
2026-03-19 04:21:00,5.01,5.0,0.0019999999999999575,1.0
2026-03-19 04:22:00,4.95,5.0,0.009999999999999964,0.9801980198019802
2026-03-19 04:23:00,5.03,5.0,0.0060000000000000496,1.0
2026-03-19 04:24:00,5.15,5.0,0.030000000000000072,1.0
2026-03-19 04:25:00,5.2,5.0,0.040000000000000036,1.0
2026-03-19 04:26:00,5.11,5.0,0.022000000000000065,1.0
2026-03-19 04:27:00,5.07,5.0,0.014000000000000058,1.0
2026-03-19 04:28:00,5.17,5.0,0.03399999999999999,1.0
2026-03-19 04:29:00,5.14,5.0,0.027999999999999935,1.0
2026-03-19 04:30:00,5.1,5.0,0.019999999999999928,1.0
2026-03-19 04:31:00,5.07,5.0,0.014000000000000058,1.0
2026-03-19 04:32:00,5.06,5.0,0.011999999999999922,1.0
2026-03-19 04:33:00,5.07,5.0,0.014000000000000058,1.0
2026-03-19 04:34:00,5.05,5.0,0.009999999999999964,1.0
2026-03-19 04:35:00,4.99,5.0,0.0019999999999999575,0.9960079840319361
2026-03-19 04:36:00,5.05,5.0,0.009999999999999964,1.0
2026-03-19 04:37:00,5.03,5.0,0.0060000000000000496,1.0
2026-03-19 04:38:00,5.1,5.0,0.019999999999999928,1.0
2026-03-19 04:39:00,5.13,5.0,0.025999999999999978,1.0
2026-03-19 04:41:00,5.07,5.0,0.014000000000000058,1.0
2026-03-19 04:42:00,4.99,5.0,0.0019999999999999575,0.9960079840319361
2026-03-19 04:43:00,4.97,5.0,0.0060000000000000496,0.9880715705765407
2026-03-19 04:44:00,5.0,5.0,0.0,1.0
2026-03-19 04:45:00,5.08,5.0,0.016000000000000014,1.0
2026-03-19 04:46:00,5.03,5.0,0.0060000000000000496,1.0
2026-03-19 04:47:00,4.9,5.0,0.019999999999999928,0.9607843137254902
2026-03-19 04:48:00,4.89,5.0,0.022000000000000065,0.9569471624266145
2026-03-19 04:49:00,5.06,5.0,0.011999999999999922,1.0
2026-03-19 04:50:00,5.02,5.0,0.003999999999999915,1.0
2026-03-19 04:51:00,5.0,5.0,0.0,1.0
2026-03-19 04:52:00,5.13,5.0,0.025999999999999978,1.0
2026-03-19 04:53:00,5.24,5.0,0.04800000000000004,1.0
2026-03-19 04:54:00,5.19,5.0,0.038000000000000075,1.0
2026-03-19 04:55:00,5.21,5.0,0.041999999999999996,1.0
2026-03-19 04:56:00,5.17,5.0,0.03399999999999999,1.0
2026-03-19 04:57:00,5.21,5.0,0.041999999999999996,1.0
2026-03-19 04:58:00,5.17,5.0,0.03399999999999999,1.0
2026-03-19 04:59:00,5.14,5.0,0.027999999999999935,1.0
2026-03-19 05:00:00,5.22,5.0,0.04399999999999995,1.0
2026-03-19 05:01:00,5.25,5.0,0.05,1.0
2026-03-19 05:02:00,5.28,5.0,0.05600000000000005,1.0
2026-03-19 05:03:00,5.31,5.0,0.06199999999999992,1.0
2026-03-19 05:04:00,5.21,5.0,0.041999999999999996,1.0
2026-03-19 05:05:00,5.22,5.0,0.04399999999999995,1.0
2026-03-19 05:06:00,5.18,5.0,0.03599999999999994,1.0
2026-03-19 05:07:00,5.15,5.0,0.030000000000000072,1.0
2026-03-19 05:08:00,5.2,5.0,0.040000000000000036,1.0
2026-03-19 05:09:00,5.22,5.0,0.04399999999999995,1.0
2026-03-19 05:10:00,5.33,5.0,0.06600000000000002,1.0
2026-03-19 05:11:00,5.29,5.0,0.05800000000000001,1.0
2026-03-19 05:12:00,5.32,5.0,0.06400000000000006,1.0
2026-03-19 05:13:00,5.24,5.0,0.04800000000000004,1.0
2026-03-19 05:14:00,5.18,5.0,0.03599999999999994,1.0
2026-03-19 05:15:00,5.18,5.0,0.03599999999999994,1.0
2026-03-19 05:16:00,5.15,5.0,0.030000000000000072,1.0
2026-03-19 05:17:00,5.21,5.0,0.041999999999999996,1.0
2026-03-19 05:18:00,5.19,5.0,0.038000000000000075,1.0
2026-03-19 05:19:00,5.21,5.0,0.041999999999999996,1.0
2026-03-19 05:20:00,5.18,5.0,0.03599999999999994,1.0
2026-03-19 05:21:00,5.16,5.0,0.03200000000000003,1.0
2026-03-19 05:22:00,5.11,5.0,0.022000000000000065,1.0
2026-03-19 05:23:00,5.14,5.0,0.027999999999999935,1.0
2026-03-19 05:24:00,5.19,5.0,0.038000000000000075,1.0
2026-03-19 05:25:00,5.1,5.0,0.019999999999999928,1.0
2026-03-19 05:26:00,5.1,5.0,0.019999999999999928,1.0
2026-03-19 05:27:00,5.12,5.0,0.02400000000000002,1.0
2026-03-19 05:28:00,5.15,5.0,0.030000000000000072,1.0
2026-03-19 05:29:00,5.16,5.0,0.03200000000000003,1.0
2026-03-19 05:30:00,5.17,5.0,0.03399999999999999,1.0
2026-03-19 05:31:00,5.13,5.0,0.025999999999999978,1.0
2026-03-19 05:32:00,5.14,5.0,0.027999999999999935,1.0
2026-03-19 05:33:00,5.09,5.0,0.01799999999999997,1.0
2026-03-19 05:34:00,5.15,5.0,0.030000000000000072,1.0
2026-03-19 05:35:00,5.13,5.0,0.025999999999999978,1.0
2026-03-19 05:36:00,5.01,5.0,0.0019999999999999575,1.0
2026-03-19 05:37:00,5.08,5.0,0.016000000000000014,1.0
2026-03-19 05:38:00,5.07,5.0,0.014000000000000058,1.0
2026-03-19 05:39:00,5.12,5.0,0.02400000000000002,1.0
2026-03-19 05:40:00,5.1,5.0,0.019999999999999928,1.0
2026-03-19 05:41:00,5.11,5.0,0.022000000000000065,1.0
2026-03-19 05:42:00,5.13,5.0,0.025999999999999978,1.0
2026-03-19 05:43:00,5.15,5.0,0.030000000000000072,1.0
2026-03-19 05:44:00,5.09,5.0,0.01799999999999997,1.0
2026-03-19 05:45:00,5.13,5.0,0.025999999999999978,1.0
2026-03-19 05:46:00,5.15,5.0,0.030000000000000072,1.0
2026-03-19 05:47:00,5.13,5.0,0.025999999999999978,1.0
2026-03-19 05:48:00,5.11,5.0,0.022000000000000065,1.0
2026-03-19 05:49:00,5.11,5.0,0.022000000000000065,1.0
2026-03-19 05:50:00,5.06,5.0,0.011999999999999922,1.0
2026-03-19 05:51:00,5.06,5.0,0.011999999999999922,1.0
2026-03-19 05:52:00,5.02,5.0,0.003999999999999915,1.0
2026-03-19 05:53:00,5.02,5.0,0.003999999999999915,1.0
2026-03-19 05:54:00,5.07,5.0,0.014000000000000058,1.0
2026-03-19 05:55:00,5.03,5.0,0.0060000000000000496,1.0
2026-03-19 05:56:00,5.15,5.0,0.030000000000000072,1.0
2026-03-19 05:57:00,5.16,5.0,0.03200000000000003,1.0
2026-03-19 05:58:00,5.09,5.0,0.01799999999999997,1.0
2026-03-19 05:59:00,5.06,5.0,0.011999999999999922,1.0
2026-03-19 06:00:00,5.1,5.0,0.019999999999999928,1.0
2026-03-19 06:01:00,5.1,5.0,0.019999999999999928,1.0
2026-03-19 06:02:00,5.14,5.0,0.027999999999999935,1.0
2026-03-19 06:04:00,5.08,5.0,0.016000000000000014,1.0
2026-03-19 06:05:00,5.06,5.0,0.011999999999999922,1.0
2026-03-19 06:06:00,5.09,5.0,0.01799999999999997,1.0
2026-03-19 06:07:00,5.14,5.0,0.027999999999999935,1.0
2026-03-19 06:08:00,5.13,5.0,0.025999999999999978,1.0
2026-03-19 06:09:00,5.09,5.0,0.01799999999999997,1.0
2026-03-19 06:10:00,4.98,5.0,0.003999999999999915,0.9920318725099603
2026-03-19 06:11:00,4.98,5.0,0.003999999999999915,0.9920318725099603
2026-03-19 06:12:00,5.0,5.0,0.0,1.0
2026-03-19 06:13:00,4.94,5.0,0.011999999999999922,0.9762845849802373
2026-03-19 06:14:00,4.91,5.0,0.01799999999999997,0.9646365422396856
2026-03-19 06:15:00,4.89,5.0,0.022000000000000065,0.9569471624266145
2026-03-19 06:16:00,4.93,5.0,0.014000000000000058,0.9723865877712031
2026-03-19 06:17:00,4.93,5.0,0.014000000000000058,0.9723865877712031
2026-03-19 06:18:00,4.92,5.0,0.016000000000000014,0.968503937007874
2026-03-19 06:19:00,4.93,5.0,0.014000000000000058,0.9723865877712031
2026-03-19 06:20:00,4.99,5.0,0.0019999999999999575,0.9960079840319361
2026-03-19 06:21:00,4.89,5.0,0.022000000000000065,0.9569471624266145
2026-03-19 06:22:00,4.93,5.0,0.014000000000000058,0.9723865877712031
2026-03-19 06:23:00,4.95,5.0,0.009999999999999964,0.9801980198019802
2026-03-19 06:24:00,4.98,5.0,0.003999999999999915,0.9920318725099603
2026-03-19 06:25:00,5.03,5.0,0.0060000000000000496,1.0
2026-03-19 06:26:00,5.09,5.0,0.01799999999999997,1.0
2026-03-19 06:27:00,5.23,5.0,0.04600000000000008,1.0
2026-03-19 06:28:00,5.22,5.0,0.04399999999999995,1.0
2026-03-19 06:29:00,5.13,5.0,0.025999999999999978,1.0
2026-03-19 06:30:00,5.02,5.0,0.003999999999999915,1.0
2026-03-19 06:31:00,4.98,5.0,0.003999999999999915,0.9920318725099603
2026-03-19 06:32:00,5.04,5.0,0.008000000000000007,1.0
2026-03-19 06:33:00,5.02,5.0,0.003999999999999915,1.0
2026-03-19 06:34:00,4.86,5.0,0.027999999999999935,0.9455252918287939
2026-03-19 06:35:00,4.93,5.0,0.014000000000000058,0.9723865877712031
2026-03-19 06:36:00,4.98,5.0,0.003999999999999915,0.9920318725099603
2026-03-19 06:37:00,4.99,5.0,0.0019999999999999575,0.9960079840319361
2026-03-19 06:38:00,5.04,5.0,0.008000000000000007,1.0
2026-03-19 06:39:00,5.05,5.0,0.009999999999999964,1.0
2026-03-19 06:40:00,5.09,5.0,0.01799999999999997,1.0
2026-03-19 06:41:00,5.1,5.0,0.019999999999999928,1.0
2026-03-19 06:42:00,5.03,5.0,0.0060000000000000496,1.0
2026-03-19 06:43:00,5.17,5.0,0.03399999999999999,1.0
2026-03-19 06:44:00,5.09,5.0,0.01799999999999997,1.0
2026-03-19 06:45:00,5.12,5.0,0.02400000000000002,1.0
2026-03-19 06:46:00,5.26,5.0,0.051999999999999956,1.0
2026-03-19 06:47:00,5.28,5.0,0.05600000000000005,1.0
2026-03-19 06:48:00,5.28,5.0,0.05600000000000005,1.0
2026-03-19 06:49:00,5.31,5.0,0.06199999999999992,1.0
2026-03-19 06:50:00,5.3,5.0,0.05999999999999996,1.0
2026-03-19 06:51:00,5.25,5.0,0.05,1.0
2026-03-19 06:52:00,5.14,5.0,0.027999999999999935,1.0
2026-03-19 06:53:00,5.06,5.0,0.011999999999999922,1.0
2026-03-19 06:54:00,5.11,5.0,0.022000000000000065,1.0
2026-03-19 06:55:00,5.18,5.0,0.03599999999999994,1.0
2026-03-19 06:56:00,5.13,5.0,0.025999999999999978,1.0
2026-03-19 06:58:00,5.33,5.0,0.06600000000000002,1.0
2026-03-19 06:59:00,5.23,5.0,0.04600000000000008,1.0
2026-03-19 07:00:00,5.3,5.0,0.05999999999999996,1.0
2026-03-19 07:01:00,5.45,5.0,0.09000000000000004,1.0
2026-03-19 07:04:00,5.49,5.0,0.09800000000000005,1.0
2026-03-19 07:05:00,5.52,5.0,0.10399999999999991,1.0
2026-03-19 07:06:00,5.58,5.0,0.11600000000000002,1.0
2026-03-19 07:07:00,5.57,5.0,0.11400000000000006,1.0
2026-03-19 07:08:00,5.62,5.0,0.12400000000000003,1.0
2026-03-19 07:09:00,5.49,5.0,0.09800000000000005,1.0
2026-03-19 07:10:00,5.37,5.0,0.07400000000000002,1.0
2026-03-19 07:11:00,5.57,5.0,0.11400000000000006,1.0
2026-03-19 07:12:00,5.73,5.0,0.14600000000000007,1.0
2026-03-19 07:13:00,5.65,5.0,0.13000000000000006,1.0
2026-03-19 07:14:00,5.63,5.0,0.12599999999999997,1.0
2026-03-19 07:15:00,5.75,5.0,0.15,1.0
2026-03-19 07:16:00,5.84,5.0,0.16799999999999998,1.0
2026-03-19 07:17:00,5.81,5.0,0.16199999999999992,1.0
2026-03-19 07:18:00,5.71,5.0,0.142,1.0
2026-03-19 07:19:00,5.77,5.0,0.15399999999999991,1.0
2026-03-19 07:20:00,5.75,5.0,0.15,1.0
2026-03-19 07:21:00,5.74,5.0,0.14800000000000005,1.0
2026-03-19 07:22:00,5.73,5.0,0.14600000000000007,1.0
2026-03-19 07:23:00,5.65,5.0,0.13000000000000006,1.0
2026-03-19 07:24:00,5.7,5.0,0.14000000000000004,1.0
2026-03-19 07:25:00,5.78,5.0,0.15600000000000006,1.0
2026-03-19 07:26:00,5.78,5.0,0.15600000000000006,1.0
2026-03-19 07:27:00,5.78,5.0,0.15600000000000006,1.0
2026-03-19 07:28:00,5.79,5.0,0.158,1.0
2026-03-19 07:29:00,5.82,5.0,0.16400000000000006,1.0
2026-03-19 07:30:00,5.78,5.0,0.15600000000000006,1.0
2026-03-19 07:31:00,5.8,5.0,0.15999999999999998,1.0
2026-03-19 07:32:00,5.72,5.0,0.14399999999999996,1.0
2026-03-19 07:33:00,5.75,5.0,0.15,1.0
2026-03-19 07:34:00,5.82,5.0,0.16400000000000006,1.0
2026-03-19 07:35:00,5.83,5.0,0.166,1.0
2026-03-19 07:36:00,5.84,5.0,0.16799999999999998,1.0
2026-03-19 07:37:00,5.89,5.0,0.17799999999999994,1.0
2026-03-19 07:38:00,5.87,5.0,0.17400000000000002,1.0
2026-03-19 07:39:00,5.84,5.0,0.16799999999999998,1.0
2026-03-19 07:40:00,5.84,5.0,0.16799999999999998,1.0
2026-03-19 07:41:00,5.89,5.0,0.17799999999999994,1.0
2026-03-19 07:42:00,5.9,5.0,0.18000000000000008,1.0
2026-03-19 07:43:00,5.88,5.0,0.176,1.0
2026-03-19 07:44:00,5.88,5.0,0.176,1.0
2026-03-19 07:45:00,5.87,5.0,0.17400000000000002,1.0
2026-03-19 07:46:00,5.88,5.0,0.176,1.0
2026-03-19 07:47:00,5.92,5.0,0.184,1.0
2026-03-19 07:48:00,5.88,5.0,0.176,1.0
2026-03-19 07:49:00,5.87,5.0,0.17400000000000002,1.0
2026-03-19 07:50:00,5.92,5.0,0.184,1.0
2026-03-19 07:51:00,5.95,5.0,0.19000000000000003,1.0
2026-03-19 07:52:00,5.94,5.0,0.18800000000000008,1.0
2026-03-19 07:53:00,5.94,5.0,0.18800000000000008,1.0
2026-03-19 07:54:00,5.98,5.0,0.1960000000000001,1.0
2026-03-19 07:55:00,5.93,5.0,0.18599999999999994,1.0
2026-03-19 07:56:00,5.93,5.0,0.18599999999999994,1.0
2026-03-19 07:57:00,5.98,5.0,0.1960000000000001,1.0
2026-03-19 07:58:00,5.97,5.0,0.19399999999999995,1.0
2026-03-19 07:59:00,5.95,5.0,0.19000000000000003,1.0
2026-03-19 08:00:00,5.96,5.0,0.192,1.0
2026-03-19 08:01:00,5.93,5.0,0.18599999999999994,1.0
2026-03-19 08:04:00,5.97,5.0,0.19399999999999995,1.0
2026-03-19 08:05:00,6.01,5.0,0.20199999999999996,1.0
2026-03-19 08:06:00,5.96,5.0,0.192,1.0
2026-03-19 08:07:00,5.94,5.0,0.18800000000000008,1.0
2026-03-19 08:08:00,5.95,5.0,0.19000000000000003,1.0
2026-03-19 08:09:00,5.96,5.0,0.192,1.0
2026-03-19 08:10:00,5.93,5.0,0.18599999999999994,1.0
2026-03-19 08:11:00,5.93,5.0,0.18599999999999994,1.0
2026-03-19 08:12:00,5.91,5.0,0.18200000000000002,1.0
2026-03-19 08:13:00,5.9,5.0,0.18000000000000008,1.0
2026-03-19 08:14:00,5.9,5.0,0.18000000000000008,1.0
2026-03-19 08:15:00,5.9,5.0,0.18000000000000008,1.0
2026-03-19 08:16:00,5.93,5.0,0.18599999999999994,1.0
2026-03-19 08:17:00,5.88,5.0,0.176,1.0
2026-03-19 08:18:00,5.86,5.0,0.17200000000000007,1.0
2026-03-19 08:19:00,5.9,5.0,0.18000000000000008,1.0
2026-03-19 08:20:00,5.95,5.0,0.19000000000000003,1.0
2026-03-19 08:21:00,5.99,5.0,0.19800000000000004,1.0
2026-03-19 08:22:00,5.98,5.0,0.1960000000000001,1.0
2026-03-19 08:23:00,5.96,5.0,0.192,1.0
2026-03-19 08:24:00,6.0,5.0,0.2,1.0
2026-03-19 08:25:00,5.96,5.0,0.192,1.0
2026-03-19 08:26:00,5.91,5.0,0.18200000000000002,1.0
2026-03-19 08:27:00,5.92,5.0,0.184,1.0
2026-03-19 08:28:00,5.99,5.0,0.19800000000000004,1.0
2026-03-19 08:29:00,6.01,5.0,0.20199999999999996,1.0
2026-03-19 08:30:00,5.96,5.0,0.192,1.0
2026-03-19 08:34:00,5.9,5.0,0.18000000000000008,1.0
2026-03-19 08:35:00,5.89,5.0,0.17799999999999994,1.0
2026-03-19 08:36:00,5.82,5.0,0.16400000000000006,1.0
2026-03-19 08:37:00,5.85,5.0,0.16999999999999993,1.0
2026-03-19 08:38:00,5.93,5.0,0.18599999999999994,1.0
2026-03-19 08:39:00,5.87,5.0,0.17400000000000002,1.0
2026-03-19 08:40:00,5.76,5.0,0.15199999999999997,1.0
2026-03-19 08:41:00,5.7,5.0,0.14000000000000004,1.0
2026-03-19 08:42:00,5.81,5.0,0.16199999999999992,1.0
2026-03-19 08:43:00,5.7,5.0,0.14000000000000004,1.0
2026-03-19 08:44:00,5.66,5.0,0.13200000000000003,1.0
2026-03-19 08:45:00,5.62,5.0,0.12400000000000003,1.0
2026-03-19 08:46:00,5.72,5.0,0.14399999999999996,1.0
2026-03-19 08:47:00,5.75,5.0,0.15,1.0
2026-03-19 08:48:00,5.76,5.0,0.15199999999999997,1.0
2026-03-19 08:49:00,5.84,5.0,0.16799999999999998,1.0
2026-03-19 08:50:00,5.81,5.0,0.16199999999999992,1.0
2026-03-19 08:51:00,5.81,5.0,0.16199999999999992,1.0
2026-03-19 08:52:00,5.77,5.0,0.15399999999999991,1.0
2026-03-19 08:53:00,5.67,5.0,0.13399999999999998,1.0
2026-03-19 08:54:00,5.87,5.0,0.17400000000000002,1.0
2026-03-19 08:55:00,5.72,5.0,0.14399999999999996,1.0
2026-03-19 08:56:00,5.86,5.0,0.17200000000000007,1.0
2026-03-19 08:57:00,5.86,5.0,0.17200000000000007,1.0
2026-03-19 08:58:00,5.91,5.0,0.18200000000000002,1.0
2026-03-19 08:59:00,5.92,5.0,0.184,1.0
2026-03-19 09:00:00,5.97,5.0,0.19399999999999995,1.0
2026-03-19 09:01:00,5.93,5.0,0.18599999999999994,1.0
2026-03-19 09:02:00,6.04,5.0,0.20800000000000002,1.0
2026-03-19 09:03:00,6.04,5.0,0.20800000000000002,1.0
2026-03-19 09:04:00,6.11,5.0,0.22200000000000006,1.0
2026-03-19 09:05:00,6.13,5.0,0.22599999999999998,1.0
2026-03-19 09:06:00,6.09,5.0,0.21799999999999997,1.0
2026-03-19 09:07:00,6.11,5.0,0.22200000000000006,1.0
2026-03-19 09:08:00,5.98,5.0,0.1960000000000001,1.0
2026-03-19 09:09:00,5.83,5.0,0.166,1.0
2026-03-19 09:10:00,5.74,5.0,0.14800000000000005,1.0
2026-03-19 09:11:00,5.66,5.0,0.13200000000000003,1.0
2026-03-19 09:12:00,5.69,5.0,0.13800000000000007,1.0
2026-03-19 09:13:00,5.63,5.0,0.12599999999999997,1.0
2026-03-19 09:14:00,5.62,5.0,0.12400000000000003,1.0
2026-03-19 09:15:00,5.56,5.0,0.11199999999999992,1.0
2026-03-19 09:16:00,5.55,5.0,0.10999999999999996,1.0
2026-03-19 09:17:00,5.52,5.0,0.10399999999999991,1.0
2026-03-19 09:18:00,5.56,5.0,0.11199999999999992,1.0
2026-03-19 09:19:00,5.55,5.0,0.10999999999999996,1.0
2026-03-19 09:20:00,5.54,5.0,0.10800000000000001,1.0
2026-03-19 09:21:00,5.65,5.0,0.13000000000000006,1.0
2026-03-19 09:22:00,5.61,5.0,0.12200000000000007,1.0
2026-03-19 09:23:00,5.53,5.0,0.10600000000000005,1.0
2026-03-19 09:24:00,5.47,5.0,0.09399999999999994,1.0
2026-03-19 09:25:00,5.52,5.0,0.10399999999999991,1.0
2026-03-19 09:26:00,5.51,5.0,0.10199999999999995,1.0
2026-03-19 09:27:00,5.38,5.0,0.07599999999999998,1.0
2026-03-19 09:28:00,5.51,5.0,0.10199999999999995,1.0
2026-03-19 09:29:00,5.38,5.0,0.07599999999999998,1.0
2026-03-19 09:30:00,5.47,5.0,0.09399999999999994,1.0
2026-03-19 09:31:00,5.5,5.0,0.1,1.0
2026-03-19 09:32:00,5.48,5.0,0.09600000000000009,1.0
2026-03-19 09:33:00,5.44,5.0,0.08800000000000008,1.0
2026-03-19 09:34:00,5.48,5.0,0.09600000000000009,1.0
2026-03-19 09:35:00,5.45,5.0,0.09000000000000004,1.0
2026-03-19 09:36:00,5.47,5.0,0.09399999999999994,1.0
2026-03-19 09:37:00,5.49,5.0,0.09800000000000005,1.0
2026-03-19 09:38:00,5.54,5.0,0.10800000000000001,1.0
2026-03-19 09:39:00,5.5,5.0,0.1,1.0
2026-03-19 09:40:00,5.43,5.0,0.08599999999999994,1.0
2026-03-19 09:41:00,5.48,5.0,0.09600000000000009,1.0
2026-03-19 09:42:00,5.44,5.0,0.08800000000000008,1.0
2026-03-19 09:43:00,5.45,5.0,0.09000000000000004,1.0
2026-03-19 09:44:00,5.44,5.0,0.08800000000000008,1.0
2026-03-19 09:45:00,5.38,5.0,0.07599999999999998,1.0
2026-03-19 09:46:00,5.29,5.0,0.05800000000000001,1.0
2026-03-19 09:47:00,5.3,5.0,0.05999999999999996,1.0
2026-03-19 09:48:00,5.18,5.0,0.03599999999999994,1.0
2026-03-19 09:49:00,5.23,5.0,0.04600000000000008,1.0
2026-03-19 09:50:00,5.21,5.0,0.041999999999999996,1.0
2026-03-19 09:51:00,5.35,5.0,0.06999999999999992,1.0
2026-03-19 09:52:00,5.4,5.0,0.08000000000000007,1.0
2026-03-19 09:53:00,5.33,5.0,0.06600000000000002,1.0
2026-03-19 09:54:00,5.41,5.0,0.08200000000000003,1.0
2026-03-19 09:55:00,5.37,5.0,0.07400000000000002,1.0
2026-03-19 09:56:00,5.31,5.0,0.06199999999999992,1.0
2026-03-19 09:57:00,5.36,5.0,0.07200000000000006,1.0
2026-03-19 09:58:00,5.29,5.0,0.05800000000000001,1.0
2026-03-19 09:59:00,5.29,5.0,0.05800000000000001,1.0
2026-03-19 10:00:00,5.24,5.0,0.04800000000000004,1.0
2026-03-19 10:01:00,5.15,5.0,0.030000000000000072,1.0
2026-03-19 10:03:00,5.2,5.0,0.040000000000000036,1.0
2026-03-19 10:04:00,5.18,5.0,0.03599999999999994,1.0
2026-03-19 10:05:00,5.15,5.0,0.030000000000000072,1.0
2026-03-19 10:06:00,5.2,5.0,0.040000000000000036,1.0
2026-03-19 10:07:00,5.13,5.0,0.025999999999999978,1.0
2026-03-19 10:08:00,5.26,5.0,0.051999999999999956,1.0
2026-03-19 10:09:00,5.25,5.0,0.05,1.0
2026-03-19 10:10:00,5.31,5.0,0.06199999999999992,1.0
2026-03-19 10:11:00,5.27,5.0,0.053999999999999916,1.0
2026-03-19 10:12:00,5.31,5.0,0.06199999999999992,1.0
2026-03-19 10:13:00,5.3,5.0,0.05999999999999996,1.0
2026-03-19 10:14:00,5.28,5.0,0.05600000000000005,1.0
2026-03-19 10:15:00,5.08,5.0,0.016000000000000014,1.0
2026-03-19 10:16:00,5.08,5.0,0.016000000000000014,1.0
2026-03-19 10:17:00,5.2,5.0,0.040000000000000036,1.0
2026-03-19 10:18:00,5.29,5.0,0.05800000000000001,1.0
2026-03-19 10:19:00,5.34,5.0,0.06799999999999998,1.0
2026-03-19 10:20:00,5.3,5.0,0.05999999999999996,1.0
2026-03-19 10:21:00,5.23,5.0,0.04600000000000008,1.0
2026-03-19 10:22:00,5.23,5.0,0.04600000000000008,1.0
2026-03-19 10:23:00,5.17,5.0,0.03399999999999999,1.0
2026-03-19 10:24:00,5.19,5.0,0.038000000000000075,1.0
2026-03-19 10:25:00,5.19,5.0,0.038000000000000075,1.0
2026-03-19 10:26:00,5.08,5.0,0.016000000000000014,1.0
2026-03-19 10:27:00,4.81,5.0,0.038000000000000075,0.9267822736030827
2026-03-19 10:28:00,4.75,5.0,0.05,0.9047619047619047
2026-03-19 10:29:00,4.84,5.0,0.03200000000000003,0.937984496124031
2026-03-19 10:30:00,4.79,5.0,0.041999999999999996,0.9193857965451055
2026-03-19 10:32:00,4.75,5.0,0.05,0.9047619047619047
2026-03-19 10:33:00,4.81,5.0,0.038000000000000075,0.9267822736030827
2026-03-19 10:34:00,4.77,5.0,0.04600000000000008,0.9120458891013383
2026-03-19 10:35:00,4.78,5.0,0.04399999999999995,0.9157088122605365
2026-03-19 10:36:00,4.76,5.0,0.04800000000000004,0.9083969465648855
2026-03-19 10:37:00,4.81,5.0,0.038000000000000075,0.9267822736030827
2026-03-19 10:38:00,4.92,5.0,0.016000000000000014,0.968503937007874
2026-03-19 10:39:00,4.92,5.0,0.016000000000000014,0.968503937007874
2026-03-19 10:40:00,5.08,5.0,0.016000000000000014,1.0
2026-03-19 10:41:00,5.07,5.0,0.014000000000000058,1.0
2026-03-19 10:42:00,5.02,5.0,0.003999999999999915,1.0
2026-03-19 10:43:00,5.01,5.0,0.0019999999999999575,1.0
2026-03-19 10:44:00,5.01,5.0,0.0019999999999999575,1.0
2026-03-19 10:45:00,5.18,5.0,0.03599999999999994,1.0
2026-03-19 10:46:00,5.11,5.0,0.022000000000000065,1.0
2026-03-19 10:47:00,5.26,5.0,0.051999999999999956,1.0
2026-03-19 10:48:00,5.2,5.0,0.040000000000000036,1.0
2026-03-19 10:49:00,5.21,5.0,0.041999999999999996,1.0
2026-03-19 10:50:00,5.15,5.0,0.030000000000000072,1.0
2026-03-19 10:51:00,5.18,5.0,0.03599999999999994,1.0
2026-03-19 10:52:00,5.23,5.0,0.04600000000000008,1.0
2026-03-19 10:53:00,5.24,5.0,0.04800000000000004,1.0
2026-03-19 10:54:00,5.22,5.0,0.04399999999999995,1.0
2026-03-19 10:55:00,5.17,5.0,0.03399999999999999,1.0
2026-03-19 10:56:00,5.19,5.0,0.038000000000000075,1.0
2026-03-19 10:57:00,5.32,5.0,0.06400000000000006,1.0
2026-03-19 10:58:00,5.14,5.0,0.027999999999999935,1.0
2026-03-19 10:59:00,5.16,5.0,0.03200000000000003,1.0
2026-03-19 11:00:00,5.19,5.0,0.038000000000000075,1.0
2026-03-19 11:01:00,5.12,5.0,0.02400000000000002,1.0
2026-03-19 11:02:00,5.29,5.0,0.05800000000000001,1.0
2026-03-19 11:03:00,5.21,5.0,0.041999999999999996,1.0
2026-03-19 11:04:00,5.36,5.0,0.07200000000000006,1.0
2026-03-19 11:05:00,5.36,5.0,0.07200000000000006,1.0
2026-03-19 11:06:00,5.25,5.0,0.05,1.0
2026-03-19 11:07:00,5.32,5.0,0.06400000000000006,1.0
2026-03-19 11:08:00,5.25,5.0,0.05,1.0
2026-03-19 11:09:00,5.24,5.0,0.04800000000000004,1.0
2026-03-19 11:10:00,5.24,5.0,0.04800000000000004,1.0
2026-03-19 11:11:00,5.19,5.0,0.038000000000000075,1.0
2026-03-19 11:12:00,5.24,5.0,0.04800000000000004,1.0
2026-03-19 11:13:00,5.21,5.0,0.041999999999999996,1.0
2026-03-19 11:14:00,5.15,5.0,0.030000000000000072,1.0
2026-03-19 11:15:00,5.13,5.0,0.025999999999999978,1.0
2026-03-19 11:17:00,4.91,5.0,0.01799999999999997,0.9646365422396856
2026-03-19 11:18:00,4.91,5.0,0.01799999999999997,0.9646365422396856
2026-03-19 11:19:00,4.84,5.0,0.03200000000000003,0.937984496124031
2026-03-19 11:20:00,4.79,5.0,0.041999999999999996,0.9193857965451055
2026-03-19 11:21:00,4.78,5.0,0.04399999999999995,0.9157088122605365
2026-03-19 11:22:00,4.71,5.0,0.05800000000000001,0.8903591682419659
2026-03-19 11:23:00,4.66,5.0,0.06799999999999998,0.8726591760299626
2026-03-19 11:24:00,4.69,5.0,0.06199999999999992,0.8832391713747648
2026-03-19 11:25:00,4.84,5.0,0.03200000000000003,0.937984496124031
2026-03-19 11:26:00,4.82,5.0,0.03599999999999994,0.9305019305019305
2026-03-19 11:27:00,4.8,5.0,0.040000000000000036,0.923076923076923
2026-03-19 11:28:00,4.85,5.0,0.030000000000000072,0.9417475728155339
2026-03-19 11:29:00,4.81,5.0,0.038000000000000075,0.9267822736030827
2026-03-19 11:30:00,4.79,5.0,0.041999999999999996,0.9193857965451055
2026-03-19 11:31:00,4.71,5.0,0.05800000000000001,0.8903591682419659
2026-03-19 11:32:00,4.8,5.0,0.040000000000000036,0.923076923076923
2026-03-19 11:33:00,4.9,5.0,0.019999999999999928,0.9607843137254902
2026-03-19 11:34:00,4.9,5.0,0.019999999999999928,0.9607843137254902
2026-03-19 11:35:00,4.84,5.0,0.03200000000000003,0.937984496124031
2026-03-19 11:36:00,4.84,5.0,0.03200000000000003,0.937984496124031
2026-03-19 11:37:00,4.83,5.0,0.03399999999999999,0.9342359767891683
2026-03-19 11:38:00,4.68,5.0,0.06400000000000006,0.8796992481203006
2026-03-19 11:39:00,4.74,5.0,0.051999999999999956,0.9011406844106464
2026-03-19 11:40:00,4.73,5.0,0.053999999999999916,0.8975332068311197
2026-03-19 11:41:00,4.7,5.0,0.05999999999999996,0.8867924528301887
2026-03-19 11:42:00,4.77,5.0,0.04600000000000008,0.9120458891013383
2026-03-19 11:43:00,4.77,5.0,0.04600000000000008,0.9120458891013383
2026-03-19 11:44:00,4.78,5.0,0.04399999999999995,0.9157088122605365
2026-03-19 11:45:00,4.81,5.0,0.038000000000000075,0.9267822736030827
2026-03-19 11:46:00,4.72,5.0,0.05600000000000005,0.8939393939393938
2026-03-19 11:47:00,4.83,5.0,0.03399999999999999,0.9342359767891683
2026-03-19 11:48:00,4.89,5.0,0.022000000000000065,0.9569471624266145
2026-03-19 11:50:00,4.87,5.0,0.025999999999999978,0.949317738791423
2026-03-19 11:51:00,4.89,5.0,0.022000000000000065,0.9569471624266145
2026-03-19 11:52:00,4.91,5.0,0.01799999999999997,0.9646365422396856
2026-03-19 11:53:00,4.92,5.0,0.016000000000000014,0.968503937007874
2026-03-19 11:54:00,4.9,5.0,0.019999999999999928,0.9607843137254902
2026-03-19 11:55:00,4.93,5.0,0.014000000000000058,0.9723865877712031
2026-03-19 11:56:00,4.92,5.0,0.016000000000000014,0.968503937007874
2026-03-19 11:57:00,4.94,5.0,0.011999999999999922,0.9762845849802373
2026-03-19 11:58:00,5.01,5.0,0.0019999999999999575,1.0
2026-03-19 11:59:00,5.01,5.0,0.0019999999999999575,1.0
2026-03-19 12:00:00,4.87,5.0,0.025999999999999978,0.949317738791423
2026-03-19 12:03:00,4.93,5.0,0.014000000000000058,0.9723865877712031
2026-03-19 12:04:00,4.99,5.0,0.0019999999999999575,0.9960079840319361
2026-03-19 12:05:00,4.99,5.0,0.0019999999999999575,0.9960079840319361
2026-03-19 12:06:00,4.92,5.0,0.016000000000000014,0.968503937007874
2026-03-19 12:07:00,4.93,5.0,0.014000000000000058,0.9723865877712031
2026-03-19 12:08:00,5.03,5.0,0.0060000000000000496,1.0
2026-03-19 12:09:00,4.98,5.0,0.003999999999999915,0.9920318725099603
2026-03-19 12:10:00,5.0,5.0,0.0,1.0
2026-03-19 12:11:00,5.02,5.0,0.003999999999999915,1.0
2026-03-19 12:12:00,4.98,5.0,0.003999999999999915,0.9920318725099603
2026-03-19 12:13:00,4.98,5.0,0.003999999999999915,0.9920318725099603
2026-03-19 12:14:00,5.02,5.0,0.003999999999999915,1.0
2026-03-19 12:15:00,5.07,5.0,0.014000000000000058,1.0
2026-03-19 12:16:00,4.96,5.0,0.008000000000000007,0.9841269841269841
2026-03-19 12:17:00,5.04,5.0,0.008000000000000007,1.0
2026-03-19 12:18:00,4.94,5.0,0.011999999999999922,0.9762845849802373
2026-03-19 12:19:00,4.98,5.0,0.003999999999999915,0.9920318725099603
2026-03-19 12:20:00,4.97,5.0,0.0060000000000000496,0.9880715705765407
2026-03-19 12:21:00,5.07,5.0,0.014000000000000058,1.0
2026-03-19 12:23:00,4.97,5.0,0.0060000000000000496,0.9880715705765407
2026-03-19 12:24:00,4.96,5.0,0.008000000000000007,0.9841269841269841
2026-03-19 12:25:00,5.0,5.0,0.0,1.0
2026-03-19 12:26:00,4.95,5.0,0.009999999999999964,0.9801980198019802
2026-03-19 12:27:00,4.99,5.0,0.0019999999999999575,0.9960079840319361
2026-03-19 12:28:00,5.01,5.0,0.0019999999999999575,1.0
2026-03-19 12:29:00,5.04,5.0,0.008000000000000007,1.0
2026-03-19 12:30:00,4.99,5.0,0.0019999999999999575,0.9960079840319361
2026-03-19 12:31:00,4.96,5.0,0.008000000000000007,0.9841269841269841
2026-03-19 12:33:00,5.02,5.0,0.003999999999999915,1.0
2026-03-19 12:34:00,4.98,5.0,0.003999999999999915,0.9920318725099603
2026-03-19 12:35:00,4.9,5.0,0.019999999999999928,0.9607843137254902
2026-03-19 12:36:00,4.98,5.0,0.003999999999999915,0.9920318725099603
2026-03-19 12:37:00,4.94,5.0,0.011999999999999922,0.9762845849802373
2026-03-19 12:38:00,4.96,5.0,0.008000000000000007,0.9841269841269841
2026-03-19 12:39:00,4.95,5.0,0.009999999999999964,0.9801980198019802
2026-03-19 12:40:00,4.98,5.0,0.003999999999999915,0.9920318725099603
2026-03-19 12:41:00,4.93,5.0,0.014000000000000058,0.9723865877712031
2026-03-19 12:42:00,4.95,5.0,0.009999999999999964,0.9801980198019802
2026-03-19 12:43:00,5.03,5.0,0.0060000000000000496,1.0
2026-03-19 12:44:00,5.01,5.0,0.0019999999999999575,1.0
2026-03-19 12:45:00,5.02,5.0,0.003999999999999915,1.0
2026-03-19 12:46:00,4.92,5.0,0.016000000000000014,0.968503937007874
2026-03-19 12:47:00,4.95,5.0,0.009999999999999964,0.9801980198019802
2026-03-19 12:48:00,4.98,5.0,0.003999999999999915,0.9920318725099603
2026-03-19 12:49:00,4.94,5.0,0.011999999999999922,0.9762845849802373
2026-03-19 12:50:00,4.9,5.0,0.019999999999999928,0.9607843137254902
2026-03-19 12:51:00,4.92,5.0,0.016000000000000014,0.968503937007874
2026-03-19 12:52:00,4.98,5.0,0.003999999999999915,0.9920318725099603
2026-03-19 12:53:00,4.98,5.0,0.003999999999999915,0.9920318725099603
2026-03-19 12:54:00,4.86,5.0,0.027999999999999935,0.9455252918287939
2026-03-19 12:57:00,4.86,5.0,0.027999999999999935,0.9455252918287939
2026-03-19 12:58:00,4.85,5.0,0.030000000000000072,0.9417475728155339
2026-03-19 12:59:00,4.85,5.0,0.030000000000000072,0.9417475728155339
2026-03-19 13:00:00,4.85,5.0,0.030000000000000072,0.9417475728155339
2026-03-19 13:01:00,4.84,5.0,0.03200000000000003,0.937984496124031
2026-03-19 13:02:00,4.86,5.0,0.027999999999999935,0.9455252918287939
2026-03-19 13:03:00,4.75,5.0,0.05,0.9047619047619047
2026-03-19 13:04:00,4.68,5.0,0.06400000000000006,0.8796992481203006
2026-03-19 13:05:00,4.68,5.0,0.06400000000000006,0.8796992481203006
2026-03-19 13:06:00,4.74,5.0,0.051999999999999956,0.9011406844106464
2026-03-19 13:07:00,4.66,5.0,0.06799999999999998,0.8726591760299626
2026-03-19 13:08:00,4.64,5.0,0.07200000000000006,0.8656716417910446
2026-03-19 13:09:00,4.61,5.0,0.07799999999999993,0.855287569573284
2026-03-19 13:10:00,4.64,5.0,0.07200000000000006,0.8656716417910446
2026-03-19 13:11:00,4.46,5.0,0.10800000000000001,0.8050541516245486
2026-03-19 13:12:00,4.52,5.0,0.09600000000000009,0.8248175182481751
2026-03-19 13:13:00,4.42,5.0,0.11600000000000002,0.7921146953405017
2026-03-19 13:14:00,4.16,5.0,0.16799999999999998,0.7123287671232877
2026-03-19 13:15:00,4.23,5.0,0.15399999999999991,0.7331022530329291
2026-03-19 13:16:00,4.16,5.0,0.16799999999999998,0.7123287671232877
2026-03-19 13:17:00,4.2,5.0,0.15999999999999998,0.7241379310344829
2026-03-19 13:18:00,4.21,5.0,0.158,0.7271157167530224
2026-03-19 13:19:00,4.2,5.0,0.15999999999999998,0.7241379310344829
2026-03-19 13:20:00,4.29,5.0,0.142,0.7513134851138354
2026-03-19 13:21:00,4.26,5.0,0.14800000000000005,0.7421602787456445
2026-03-19 13:22:00,4.2,5.0,0.15999999999999998,0.7241379310344829
2026-03-19 13:23:00,4.18,5.0,0.16400000000000006,0.7182130584192439
2026-03-19 13:24:00,4.32,5.0,0.13599999999999995,0.7605633802816903
2026-03-19 13:25:00,4.34,5.0,0.13200000000000003,0.7667844522968197
2026-03-19 13:26:00,4.33,5.0,0.13399999999999998,0.763668430335097
2026-03-19 13:27:00,4.37,5.0,0.12599999999999997,0.7761989342806395
2026-03-19 13:30:00,4.33,5.0,0.13399999999999998,0.763668430335097
2026-03-19 13:31:00,4.65,5.0,0.06999999999999992,0.8691588785046731
2026-03-19 13:32:00,4.14,5.0,0.17200000000000007,0.7064846416382251
2026-03-19 13:33:00,4.04,5.0,0.192,0.6778523489932886
2026-03-19 13:34:00,4.0,5.0,0.2,0.6666666666666667
2026-03-19 13:35:00,4.11,5.0,0.17799999999999994,0.6977928692699492
2026-03-19 13:36:00,4.02,5.0,0.1960000000000001,0.6722408026755852
2026-03-19 13:37:00,3.91,5.0,0.21799999999999997,0.6420361247947455
2026-03-19 13:38:00,3.77,5.0,0.246,0.6051364365971108
2026-03-19 13:39:00,3.57,5.0,0.28600000000000003,0.5552099533437014
2026-03-19 13:40:00,2.86,5.0,0.42800000000000005,0.4005602240896358
2026-03-19 13:41:00,2.88,5.0,0.42400000000000004,0.4044943820224719
2026-03-19 13:42:00,2.99,5.0,0.40199999999999997,0.4265335235378032
2026-03-19 13:43:00,3.31,5.0,0.33799999999999997,0.4947683109118087
2026-03-19 13:44:00,3.7,5.0,0.25999999999999995,0.5873015873015873
2026-03-19 13:45:00,4.27,5.0,0.14600000000000007,0.745200698080279
2026-03-19 13:46:00,4.68,5.0,0.06400000000000006,0.8796992481203006
2026-03-19 13:47:00,4.64,5.0,0.07200000000000006,0.8656716417910446
2026-03-19 13:48:00,4.57,5.0,0.08599999999999994,0.8416206261510131
2026-03-19 13:49:00,4.46,5.0,0.10800000000000001,0.8050541516245486
2026-03-19 13:50:00,4.24,5.0,0.15199999999999997,0.7361111111111113
2026-03-19 13:51:00,4.56,5.0,0.08800000000000008,0.838235294117647
2026-03-19 13:52:00,4.77,5.0,0.04600000000000008,0.9120458891013383
2026-03-19 13:53:00,4.79,5.0,0.041999999999999996,0.9193857965451055
2026-03-19 13:54:00,4.69,5.0,0.06199999999999992,0.8832391713747648
2026-03-19 13:55:00,4.78,5.0,0.04399999999999995,0.9157088122605365
2026-03-19 13:56:00,4.77,5.0,0.04600000000000008,0.9120458891013383
2026-03-19 13:57:00,4.79,5.0,0.041999999999999996,0.9193857965451055
2026-03-19 13:58:00,4.78,5.0,0.04399999999999995,0.9157088122605365
2026-03-19 13:59:00,4.79,5.0,0.041999999999999996,0.9193857965451055
2026-03-19 14:00:00,4.67,5.0,0.06600000000000002,0.8761726078799249
2026-03-19 14:03:00,4.78,5.0,0.04399999999999995,0.9157088122605365
2026-03-19 14:04:00,4.76,5.0,0.04800000000000004,0.9083969465648855
2026-03-19 14:06:00,4.77,5.0,0.04600000000000008,0.9120458891013383
2026-03-19 14:07:00,4.7,5.0,0.05999999999999996,0.8867924528301887
2026-03-19 14:08:00,4.4,5.0,0.11999999999999993,0.7857142857142859
2026-03-19 14:09:00,4.69,5.0,0.06199999999999992,0.8832391713747648
2026-03-19 14:10:00,4.45,5.0,0.10999999999999996,0.8018018018018019
2026-03-19 14:11:00,4.43,5.0,0.11400000000000006,0.7953321364452423
2026-03-19 14:12:00,3.75,5.0,0.25,0.6
2026-03-19 14:13:00,2.9,5.0,0.42000000000000004,0.4084507042253521
2026-03-19 14:14:00,2.58,5.0,0.484,0.3477088948787062
2026-03-19 14:15:00,2.6,5.0,0.48,0.35135135135135137
2026-03-19 14:16:00,2.7,5.0,0.45999999999999996,0.36986301369863017
2026-03-19 14:17:00,2.76,5.0,0.44800000000000006,0.38121546961325964
2026-03-19 14:18:00,2.9,5.0,0.42000000000000004,0.4084507042253521
2026-03-19 14:19:00,2.93,5.0,0.414,0.4144271570014145
2026-03-19 14:20:00,2.91,5.0,0.418,0.4104372355430184
2026-03-19 14:21:00,3.2,5.0,0.36,0.4705882352941177
2026-03-19 14:22:00,3.37,5.0,0.32599999999999996,0.5082956259426847
2026-03-19 14:23:00,3.35,5.0,0.32999999999999996,0.5037593984962406
2026-03-19 14:24:00,3.55,5.0,0.29000000000000004,0.5503875968992248
2026-03-19 14:25:00,3.75,5.0,0.25,0.6
2026-03-19 14:26:00,3.84,5.0,0.23200000000000004,0.6233766233766234
2026-03-19 14:27:00,3.99,5.0,0.20199999999999996,0.6638935108153079
2026-03-19 14:28:00,4.01,5.0,0.19800000000000004,0.669449081803005
2026-03-19 14:29:00,4.19,5.0,0.16199999999999992,0.7211703958691912
2026-03-19 14:30:00,4.24,5.0,0.15199999999999997,0.7361111111111113
2026-03-19 14:31:00,4.3,5.0,0.14000000000000004,0.7543859649122806
2026-03-19 14:32:00,4.28,5.0,0.14399999999999996,0.7482517482517484
2026-03-19 14:33:00,4.36,5.0,0.12799999999999995,0.773049645390071
2026-03-19 14:34:00,4.42,5.0,0.11600000000000002,0.7921146953405017
2026-03-19 14:35:00,4.34,5.0,0.13200000000000003,0.7667844522968197
2026-03-19 14:37:00,4.33,5.0,0.13399999999999998,0.763668430335097
2026-03-19 14:38:00,4.24,5.0,0.15199999999999997,0.7361111111111113
2026-03-19 14:39:00,4.42,5.0,0.11600000000000002,0.7921146953405017
2026-03-19 14:40:00,4.6,5.0,0.08000000000000007,0.8518518518518517
2026-03-19 14:41:00,4.62,5.0,0.07599999999999998,0.8587360594795539
2026-03-19 14:42:00,4.69,5.0,0.06199999999999992,0.8832391713747648
2026-03-19 14:43:00,4.79,5.0,0.041999999999999996,0.9193857965451055
2026-03-19 14:44:00,4.86,5.0,0.027999999999999935,0.9455252918287939
2026-03-19 14:45:00,4.78,5.0,0.04399999999999995,0.9157088122605365
2026-03-19 14:46:00,4.72,5.0,0.05600000000000005,0.8939393939393938
2026-03-19 14:47:00,4.67,5.0,0.06600000000000002,0.8761726078799249
2026-03-19 14:48:00,4.59,5.0,0.08200000000000003,0.8484288354898335
2026-03-19 14:49:00,4.5,5.0,0.1,0.8181818181818181
2026-03-19 14:50:00,4.45,5.0,0.10999999999999996,0.8018018018018019
2026-03-19 14:51:00,4.55,5.0,0.09000000000000004,0.8348623853211008
2026-03-19 14:52:00,4.57,5.0,0.08599999999999994,0.8416206261510131
2026-03-19 14:53:00,4.39,5.0,0.12200000000000007,0.7825311942959
2026-03-19 14:54:00,4.42,5.0,0.11600000000000002,0.7921146953405017
2026-03-19 14:55:00,4.68,5.0,0.06400000000000006,0.8796992481203006
2026-03-19 14:56:00,4.73,5.0,0.053999999999999916,0.8975332068311197
2026-03-19 14:57:00,4.69,5.0,0.06199999999999992,0.8832391713747648
2026-03-19 14:58:00,4.68,5.0,0.06400000000000006,0.8796992481203006
2026-03-19 14:59:00,4.69,5.0,0.06199999999999992,0.8832391713747648
2026-03-19 15:00:00,4.69,5.0,0.06199999999999992,0.8832391713747648
2026-03-19 15:01:00,4.58,5.0,0.08399999999999999,0.8450184501845018
2026-03-19 15:03:00,4.67,5.0,0.06600000000000002,0.8761726078799249
2026-03-19 15:04:00,4.71,5.0,0.05800000000000001,0.8903591682419659
2026-03-19 15:05:00,4.76,5.0,0.04800000000000004,0.9083969465648855
2026-03-19 15:06:00,4.7,5.0,0.05999999999999996,0.8867924528301887
2026-03-19 15:07:00,4.67,5.0,0.06600000000000002,0.8761726078799249
2026-03-19 15:08:00,4.63,5.0,0.07400000000000002,0.8621973929236498
2026-03-19 15:09:00,4.64,5.0,0.07200000000000006,0.8656716417910446
2026-03-19 15:10:00,4.7,5.0,0.05999999999999996,0.8867924528301887
2026-03-19 15:11:00,4.76,5.0,0.04800000000000004,0.9083969465648855
2026-03-19 15:12:00,4.79,5.0,0.041999999999999996,0.9193857965451055
2026-03-19 15:13:00,4.73,5.0,0.053999999999999916,0.8975332068311197
2026-03-19 15:14:00,4.69,5.0,0.06199999999999992,0.8832391713747648
2026-03-19 15:15:00,4.69,5.0,0.06199999999999992,0.8832391713747648
2026-03-19 15:16:00,4.65,5.0,0.06999999999999992,0.8691588785046731
2026-03-19 15:17:00,4.68,5.0,0.06400000000000006,0.8796992481203006
2026-03-19 15:18:00,4.64,5.0,0.07200000000000006,0.8656716417910446
2026-03-19 15:19:00,4.69,5.0,0.06199999999999992,0.8832391713747648
2026-03-19 15:20:00,4.68,5.0,0.06400000000000006,0.8796992481203006
2026-03-19 15:21:00,4.71,5.0,0.05800000000000001,0.8903591682419659
2026-03-19 15:22:00,4.74,5.0,0.051999999999999956,0.9011406844106464
2026-03-19 15:23:00,4.73,5.0,0.053999999999999916,0.8975332068311197
2026-03-19 15:24:00,4.61,5.0,0.07799999999999993,0.855287569573284
2026-03-19 15:25:00,4.52,5.0,0.09600000000000009,0.8248175182481751
2026-03-19 15:26:00,4.42,5.0,0.11600000000000002,0.7921146953405017
2026-03-19 15:27:00,4.47,5.0,0.10600000000000005,0.8083182640144664
2026-03-19 15:28:00,4.58,5.0,0.08399999999999999,0.8450184501845018
2026-03-19 15:29:00,4.78,5.0,0.04399999999999995,0.9157088122605365
2026-03-19 15:30:00,4.7,5.0,0.05999999999999996,0.8867924528301887
2026-03-19 15:31:00,4.63,5.0,0.07400000000000002,0.8621973929236498
2026-03-19 15:32:00,4.57,5.0,0.08599999999999994,0.8416206261510131
2026-03-19 15:33:00,4.58,5.0,0.08399999999999999,0.8450184501845018
2026-03-19 15:34:00,4.57,5.0,0.08599999999999994,0.8416206261510131
2026-03-19 15:35:00,4.69,5.0,0.06199999999999992,0.8832391713747648
2026-03-19 15:36:00,4.75,5.0,0.05,0.9047619047619047
2026-03-19 15:37:00,4.67,5.0,0.06600000000000002,0.8761726078799249
2026-03-19 15:38:00,4.81,5.0,0.038000000000000075,0.9267822736030827
2026-03-19 15:39:00,4.83,5.0,0.03399999999999999,0.9342359767891683
2026-03-19 15:40:00,4.79,5.0,0.041999999999999996,0.9193857965451055
2026-03-19 15:41:00,4.69,5.0,0.06199999999999992,0.8832391713747648
2026-03-19 15:42:00,4.7,5.0,0.05999999999999996,0.8867924528301887
2026-03-19 15:43:00,4.65,5.0,0.06999999999999992,0.8691588785046731
2026-03-19 15:44:00,4.68,5.0,0.06400000000000006,0.8796992481203006
2026-03-19 15:45:00,4.78,5.0,0.04399999999999995,0.9157088122605365
2026-03-19 15:46:00,4.78,5.0,0.04399999999999995,0.9157088122605365
2026-03-19 15:47:00,4.81,5.0,0.038000000000000075,0.9267822736030827
2026-03-19 15:48:00,4.65,5.0,0.06999999999999992,0.8691588785046731
2026-03-19 15:49:00,4.72,5.0,0.05600000000000005,0.8939393939393938
2026-03-19 15:50:00,4.67,5.0,0.06600000000000002,0.8761726078799249
2026-03-19 15:51:00,4.56,5.0,0.08800000000000008,0.838235294117647
2026-03-19 15:52:00,4.44,5.0,0.11199999999999992,0.7985611510791369
2026-03-19 15:53:00,4.34,5.0,0.13200000000000003,0.7667844522968197
2026-03-19 15:54:00,4.68,5.0,0.06400000000000006,0.8796992481203006
2026-03-19 15:55:00,4.82,5.0,0.03599999999999994,0.9305019305019305
2026-03-19 15:56:00,4.56,5.0,0.08800000000000008,0.838235294117647
2026-03-19 15:57:00,4.62,5.0,0.07599999999999998,0.8587360594795539
2026-03-19 15:58:00,4.62,5.0,0.07599999999999998,0.8587360594795539
2026-03-19 16:02:00,4.58,5.0,0.08399999999999999,0.8450184501845018
2026-03-19 16:03:00,4.51,5.0,0.09800000000000005,0.8214936247723131
2026-03-19 16:04:00,4.56,5.0,0.08800000000000008,0.838235294117647
2026-03-19 16:05:00,4.45,5.0,0.10999999999999996,0.8018018018018019
2026-03-19 16:06:00,4.47,5.0,0.10600000000000005,0.8083182640144664
2026-03-19 16:07:00,4.45,5.0,0.10999999999999996,0.8018018018018019
2026-03-19 16:08:00,4.35,5.0,0.13000000000000006,0.7699115044247786
2026-03-19 16:09:00,4.29,5.0,0.142,0.7513134851138354
2026-03-19 16:10:00,4.16,5.0,0.16799999999999998,0.7123287671232877
2026-03-19 16:11:00,4.15,5.0,0.16999999999999993,0.7094017094017095
2026-03-19 16:12:00,4.25,5.0,0.15,0.7391304347826088
2026-03-19 16:13:00,3.96,5.0,0.20800000000000002,0.6556291390728477
2026-03-19 16:14:00,3.87,5.0,0.22599999999999998,0.6313213703099511
2026-03-19 16:15:00,4.09,5.0,0.18200000000000002,0.6920473773265652
2026-03-19 16:16:00,4.08,5.0,0.184,0.6891891891891893
2026-03-19 16:17:00,4.02,5.0,0.1960000000000001,0.6722408026755852
2026-03-19 16:18:00,4.1,5.0,0.18000000000000008,0.694915254237288
2026-03-19 16:19:00,4.13,5.0,0.17400000000000002,0.7035775127768313
2026-03-19 16:20:00,4.14,5.0,0.17200000000000007,0.7064846416382251
2026-03-19 16:21:00,4.08,5.0,0.184,0.6891891891891893
2026-03-19 16:22:00,3.97,5.0,0.20599999999999996,0.6583747927031509
2026-03-19 16:23:00,4.35,5.0,0.13000000000000006,0.7699115044247786
2026-03-19 16:24:00,4.35,5.0,0.13000000000000006,0.7699115044247786
2026-03-19 16:25:00,4.3,5.0,0.14000000000000004,0.7543859649122806
2026-03-19 16:26:00,4.35,5.0,0.13000000000000006,0.7699115044247786
2026-03-19 16:27:00,4.37,5.0,0.12599999999999997,0.7761989342806395
2026-03-19 16:28:00,4.37,5.0,0.12599999999999997,0.7761989342806395
2026-03-19 16:29:00,4.35,5.0,0.13000000000000006,0.7699115044247786
2026-03-19 16:30:00,4.46,5.0,0.10800000000000001,0.8050541516245486
2026-03-19 16:31:00,4.41,5.0,0.11799999999999997,0.7889087656529518
2026-03-19 16:32:00,4.39,5.0,0.12200000000000007,0.7825311942959
2026-03-19 16:33:00,4.43,5.0,0.11400000000000006,0.7953321364452423
2026-03-19 16:34:00,4.58,5.0,0.08399999999999999,0.8450184501845018
2026-03-19 16:35:00,4.59,5.0,0.08200000000000003,0.8484288354898335
2026-03-19 16:36:00,4.56,5.0,0.08800000000000008,0.838235294117647
2026-03-19 16:37:00,4.55,5.0,0.09000000000000004,0.8348623853211008
2026-03-19 16:38:00,4.47,5.0,0.10600000000000005,0.8083182640144664
2026-03-19 16:39:00,4.47,5.0,0.10600000000000005,0.8083182640144664
2026-03-19 16:40:00,4.55,5.0,0.09000000000000004,0.8348623853211008
2026-03-19 16:41:00,4.63,5.0,0.07400000000000002,0.8621973929236498
2026-03-19 16:42:00,4.67,5.0,0.06600000000000002,0.8761726078799249
2026-03-19 16:43:00,4.64,5.0,0.07200000000000006,0.8656716417910446
2026-03-19 16:44:00,4.67,5.0,0.06600000000000002,0.8761726078799249
2026-03-19 16:45:00,4.68,5.0,0.06400000000000006,0.8796992481203006
2026-03-19 16:46:00,4.65,5.0,0.06999999999999992,0.8691588785046731
2026-03-19 16:47:00,4.68,5.0,0.06400000000000006,0.8796992481203006
2026-03-19 16:50:00,4.61,5.0,0.07799999999999993,0.855287569573284
2026-03-19 16:51:00,4.67,5.0,0.06600000000000002,0.8761726078799249
2026-03-19 16:52:00,4.69,5.0,0.06199999999999992,0.8832391713747648
2026-03-19 16:53:00,4.67,5.0,0.06600000000000002,0.8761726078799249
2026-03-19 16:54:00,4.61,5.0,0.07799999999999993,0.855287569573284
2026-03-19 16:55:00,4.77,5.0,0.04600000000000008,0.9120458891013383
2026-03-19 16:56:00,4.65,5.0,0.06999999999999992,0.8691588785046731
2026-03-19 16:57:00,4.63,5.0,0.07400000000000002,0.8621973929236498
2026-03-19 16:58:00,4.55,5.0,0.09000000000000004,0.8348623853211008
2026-03-19 16:59:00,4.6,5.0,0.08000000000000007,0.8518518518518517
2026-03-19 17:00:00,4.56,5.0,0.08800000000000008,0.838235294117647
2026-03-19 17:01:00,4.56,5.0,0.08800000000000008,0.838235294117647
2026-03-19 17:02:00,4.52,5.0,0.09600000000000009,0.8248175182481751
2026-03-19 17:03:00,4.54,5.0,0.092,0.8315018315018314
2026-03-19 17:04:00,4.53,5.0,0.09399999999999994,0.8281535648994517
2026-03-19 17:05:00,4.6,5.0,0.08000000000000007,0.8518518518518517
2026-03-19 17:06:00,4.58,5.0,0.08399999999999999,0.8450184501845018
2026-03-19 17:07:00,4.62,5.0,0.07599999999999998,0.8587360594795539
2026-03-19 17:08:00,4.71,5.0,0.05800000000000001,0.8903591682419659
2026-03-19 17:09:00,4.74,5.0,0.051999999999999956,0.9011406844106464
2026-03-19 17:10:00,4.76,5.0,0.04800000000000004,0.9083969465648855
2026-03-19 17:11:00,4.71,5.0,0.05800000000000001,0.8903591682419659
2026-03-19 17:12:00,4.77,5.0,0.04600000000000008,0.9120458891013383
2026-03-19 17:13:00,4.84,5.0,0.03200000000000003,0.937984496124031
2026-03-19 17:14:00,4.83,5.0,0.03399999999999999,0.9342359767891683
2026-03-19 17:15:00,4.79,5.0,0.041999999999999996,0.9193857965451055
2026-03-19 17:16:00,4.77,5.0,0.04600000000000008,0.9120458891013383
2026-03-19 17:17:00,4.87,5.0,0.025999999999999978,0.949317738791423
2026-03-19 17:18:00,4.77,5.0,0.04600000000000008,0.9120458891013383
2026-03-19 17:19:00,4.73,5.0,0.053999999999999916,0.8975332068311197
2026-03-19 17:20:00,4.82,5.0,0.03599999999999994,0.9305019305019305
2026-03-19 17:21:00,4.78,5.0,0.04399999999999995,0.9157088122605365
2026-03-19 17:22:00,4.75,5.0,0.05,0.9047619047619047
2026-03-19 17:23:00,4.83,5.0,0.03399999999999999,0.9342359767891683
2026-03-19 17:24:00,4.79,5.0,0.041999999999999996,0.9193857965451055
2026-03-19 17:25:00,4.75,5.0,0.05,0.9047619047619047
2026-03-19 17:26:00,4.79,5.0,0.041999999999999996,0.9193857965451055
2026-03-19 17:27:00,4.75,5.0,0.05,0.9047619047619047
2026-03-19 17:28:00,4.79,5.0,0.041999999999999996,0.9193857965451055
2026-03-19 17:29:00,4.75,5.0,0.05,0.9047619047619047
2026-03-19 17:30:00,4.7,5.0,0.05999999999999996,0.8867924528301887
2026-03-19 17:31:00,4.66,5.0,0.06799999999999998,0.8726591760299626
2026-03-19 17:34:00,4.91,5.0,0.01799999999999997,0.9646365422396856
2026-03-19 17:35:00,4.84,5.0,0.03200000000000003,0.937984496124031
2026-03-19 17:36:00,4.93,5.0,0.014000000000000058,0.9723865877712031
2026-03-19 17:37:00,4.85,5.0,0.030000000000000072,0.9417475728155339
2026-03-19 17:38:00,5.03,5.0,0.0060000000000000496,1.0
2026-03-19 17:39:00,5.04,5.0,0.008000000000000007,1.0
2026-03-19 17:40:00,4.98,5.0,0.003999999999999915,0.9920318725099603
2026-03-19 17:41:00,5.08,5.0,0.016000000000000014,1.0
2026-03-19 17:42:00,5.08,5.0,0.016000000000000014,1.0
2026-03-19 17:43:00,5.15,5.0,0.030000000000000072,1.0
2026-03-19 17:44:00,5.17,5.0,0.03399999999999999,1.0
2026-03-19 17:45:00,4.88,5.0,0.02400000000000002,0.953125
2026-03-19 17:46:00,4.92,5.0,0.016000000000000014,0.968503937007874
2026-03-19 17:47:00,4.96,5.0,0.008000000000000007,0.9841269841269841
2026-03-19 17:48:00,4.98,5.0,0.003999999999999915,0.9920318725099603
2026-03-19 17:49:00,4.94,5.0,0.011999999999999922,0.9762845849802373
2026-03-19 17:50:00,5.12,5.0,0.02400000000000002,1.0
2026-03-19 17:51:00,4.93,5.0,0.014000000000000058,0.9723865877712031
2026-03-19 17:52:00,4.97,5.0,0.0060000000000000496,0.9880715705765407
2026-03-19 17:53:00,5.1,5.0,0.019999999999999928,1.0
2026-03-19 17:54:00,5.1,5.0,0.019999999999999928,1.0
2026-03-19 17:55:00,5.09,5.0,0.01799999999999997,1.0
2026-03-19 17:56:00,5.04,5.0,0.008000000000000007,1.0
2026-03-19 17:57:00,5.01,5.0,0.0019999999999999575,1.0
2026-03-19 17:58:00,5.13,5.0,0.025999999999999978,1.0
2026-03-19 17:59:00,5.22,5.0,0.04399999999999995,1.0
2026-03-19 18:00:00,5.19,5.0,0.038000000000000075,1.0
2026-03-19 18:01:00,5.03,5.0,0.0060000000000000496,1.0
2026-03-19 18:02:00,5.02,5.0,0.003999999999999915,1.0
2026-03-19 18:03:00,5.09,5.0,0.01799999999999997,1.0
2026-03-19 18:04:00,5.08,5.0,0.016000000000000014,1.0
2026-03-19 18:05:00,5.03,5.0,0.0060000000000000496,1.0
2026-03-19 18:06:00,5.14,5.0,0.027999999999999935,1.0
2026-03-19 18:07:00,5.13,5.0,0.025999999999999978,1.0
2026-03-19 18:08:00,5.15,5.0,0.030000000000000072,1.0
2026-03-19 18:09:00,5.11,5.0,0.022000000000000065,1.0
2026-03-19 18:10:00,5.15,5.0,0.030000000000000072,1.0
2026-03-19 18:11:00,5.16,5.0,0.03200000000000003,1.0
2026-03-19 18:12:00,5.18,5.0,0.03599999999999994,1.0
2026-03-19 18:13:00,5.14,5.0,0.027999999999999935,1.0
2026-03-19 18:14:00,5.16,5.0,0.03200000000000003,1.0
2026-03-19 18:15:00,5.14,5.0,0.027999999999999935,1.0
2026-03-19 18:16:00,5.13,5.0,0.025999999999999978,1.0
2026-03-19 18:17:00,5.18,5.0,0.03599999999999994,1.0
2026-03-19 18:18:00,5.13,5.0,0.025999999999999978,1.0
2026-03-19 18:19:00,5.17,5.0,0.03399999999999999,1.0
2026-03-19 18:20:00,5.07,5.0,0.014000000000000058,1.0
2026-03-19 18:21:00,5.09,5.0,0.01799999999999997,1.0
2026-03-19 18:22:00,5.08,5.0,0.016000000000000014,1.0
2026-03-19 18:23:00,5.04,5.0,0.008000000000000007,1.0
2026-03-19 18:24:00,5.04,5.0,0.008000000000000007,1.0
2026-03-19 18:25:00,5.05,5.0,0.009999999999999964,1.0
2026-03-19 18:26:00,5.11,5.0,0.022000000000000065,1.0
2026-03-19 18:29:00,5.1,5.0,0.019999999999999928,1.0
2026-03-19 18:30:00,5.01,5.0,0.0019999999999999575,1.0
2026-03-19 18:31:00,4.97,5.0,0.0060000000000000496,0.9880715705765407
2026-03-19 18:32:00,5.03,5.0,0.0060000000000000496,1.0
2026-03-19 18:35:00,4.93,5.0,0.014000000000000058,0.9723865877712031
2026-03-19 18:36:00,4.9,5.0,0.019999999999999928,0.9607843137254902
2026-03-19 18:37:00,4.86,5.0,0.027999999999999935,0.9455252918287939
2026-03-19 18:38:00,4.87,5.0,0.025999999999999978,0.949317738791423
2026-03-19 18:39:00,4.79,5.0,0.041999999999999996,0.9193857965451055
2026-03-19 18:40:00,4.8,5.0,0.040000000000000036,0.923076923076923
2026-03-19 18:41:00,4.81,5.0,0.038000000000000075,0.9267822736030827
2026-03-19 18:42:00,4.82,5.0,0.03599999999999994,0.9305019305019305
2026-03-19 18:43:00,4.81,5.0,0.038000000000000075,0.9267822736030827
2026-03-19 18:44:00,4.78,5.0,0.04399999999999995,0.9157088122605365
2026-03-19 18:45:00,4.78,5.0,0.04399999999999995,0.9157088122605365
2026-03-19 18:46:00,4.71,5.0,0.05800000000000001,0.8903591682419659
2026-03-19 18:47:00,4.79,5.0,0.041999999999999996,0.9193857965451055
2026-03-19 18:48:00,4.8,5.0,0.040000000000000036,0.923076923076923
2026-03-19 18:49:00,4.77,5.0,0.04600000000000008,0.9120458891013383
2026-03-19 18:50:00,4.73,5.0,0.053999999999999916,0.8975332068311197
2026-03-19 18:51:00,4.6,5.0,0.08000000000000007,0.8518518518518517
2026-03-19 18:52:00,4.65,5.0,0.06999999999999992,0.8691588785046731
2026-03-19 18:53:00,4.59,5.0,0.08200000000000003,0.8484288354898335
2026-03-19 18:54:00,4.57,5.0,0.08599999999999994,0.8416206261510131
2026-03-19 18:55:00,4.54,5.0,0.092,0.8315018315018314
2026-03-19 18:56:00,4.57,5.0,0.08599999999999994,0.8416206261510131
2026-03-19 18:57:00,4.44,5.0,0.11199999999999992,0.7985611510791369
2026-03-19 18:58:00,4.46,5.0,0.10800000000000001,0.8050541516245486
2026-03-19 18:59:00,4.57,5.0,0.08599999999999994,0.8416206261510131
2026-03-19 19:00:00,4.45,5.0,0.10999999999999996,0.8018018018018019
2026-03-19 19:01:00,4.48,5.0,0.10399999999999991,0.8115942028985509
2026-03-19 19:02:00,4.48,5.0,0.10399999999999991,0.8115942028985509
2026-03-19 19:03:00,3.92,5.0,0.21600000000000003,0.6447368421052632
2026-03-19 19:04:00,3.96,5.0,0.20800000000000002,0.6556291390728477
2026-03-19 19:05:00,4.36,5.0,0.12799999999999995,0.773049645390071
2026-03-19 19:06:00,4.39,5.0,0.12200000000000007,0.7825311942959
2026-03-19 19:07:00,4.41,5.0,0.11799999999999997,0.7889087656529518
2026-03-19 19:08:00,4.21,5.0,0.158,0.7271157167530224
2026-03-19 19:09:00,4.31,5.0,0.13800000000000007,0.7574692442882248
2026-03-19 19:10:00,4.26,5.0,0.14800000000000005,0.7421602787456445
2026-03-19 19:11:00,4.27,5.0,0.14600000000000007,0.745200698080279
2026-03-19 19:12:00,4.28,5.0,0.14399999999999996,0.7482517482517484
2026-03-19 19:13:00,4.24,5.0,0.15199999999999997,0.7361111111111113
2026-03-19 19:14:00,4.24,5.0,0.15199999999999997,0.7361111111111113
2026-03-19 19:15:00,4.34,5.0,0.13200000000000003,0.7667844522968197
2026-03-19 19:16:00,4.3,5.0,0.14000000000000004,0.7543859649122806
2026-03-19 19:17:00,4.2,5.0,0.15999999999999998,0.7241379310344829
2026-03-19 19:18:00,3.97,5.0,0.20599999999999996,0.6583747927031509
2026-03-19 19:19:00,3.47,5.0,0.30599999999999994,0.5313935681470138
2026-03-19 19:20:00,4.2,5.0,0.15999999999999998,0.7241379310344829
2026-03-19 19:21:00,4.25,5.0,0.15,0.7391304347826088
2026-03-19 19:22:00,4.12,5.0,0.176,0.7006802721088436
2026-03-19 19:23:00,4.15,5.0,0.16999999999999993,0.7094017094017095
2026-03-19 19:24:00,3.66,5.0,0.26799999999999996,0.5772870662460567
2026-03-19 19:25:00,3.53,5.0,0.29400000000000004,0.5455950540958269
2026-03-19 19:26:00,2.71,5.0,0.458,0.37174211248285327
2026-03-19 19:27:00,2.96,5.0,0.40800000000000003,0.42045454545454547
2026-03-19 19:28:00,3.46,5.0,0.308,0.529051987767584
2026-03-19 19:29:00,3.49,5.0,0.30199999999999994,0.5360983102918587
2026-03-19 19:30:00,3.62,5.0,0.27599999999999997,0.567398119122257
2026-03-19 19:31:00,3.57,5.0,0.28600000000000003,0.5552099533437014
2026-03-19 19:32:00,3.63,5.0,0.274,0.5698587127158555
2026-03-19 19:33:00,3.66,5.0,0.26799999999999996,0.5772870662460567
2026-03-19 19:34:00,3.66,5.0,0.26799999999999996,0.5772870662460567
2026-03-19 19:35:00,3.66,5.0,0.26799999999999996,0.5772870662460567
2026-03-19 19:36:00,3.65,5.0,0.27,0.5748031496062992
2026-03-19 19:37:00,3.56,5.0,0.288,0.5527950310559006
2026-03-19 19:38:00,3.53,5.0,0.29400000000000004,0.5455950540958269
2026-03-19 19:39:00,3.58,5.0,0.284,0.557632398753894
2026-03-19 19:40:00,3.6,5.0,0.27999999999999997,0.5625
2026-03-19 19:41:00,3.56,5.0,0.288,0.5527950310559006
2026-03-19 19:42:00,3.53,5.0,0.29400000000000004,0.5455950540958269
2026-03-19 19:43:00,3.55,5.0,0.29000000000000004,0.5503875968992248
2026-03-19 19:44:00,3.57,5.0,0.28600000000000003,0.5552099533437014
2026-03-19 19:45:00,3.61,5.0,0.278,0.5649452269170578
2026-03-19 19:46:00,3.67,5.0,0.266,0.5797788309636651
2026-03-19 19:47:00,3.61,5.0,0.278,0.5649452269170578
2026-03-19 19:48:00,3.62,5.0,0.27599999999999997,0.567398119122257
2026-03-19 19:49:00,3.59,5.0,0.28200000000000003,0.5600624024960998
2026-03-19 19:50:00,3.51,5.0,0.29800000000000004,0.5408320493066255
2026-03-19 19:51:00,3.58,5.0,0.284,0.557632398753894
2026-03-19 19:52:00,3.64,5.0,0.27199999999999996,0.5723270440251572
2026-03-19 19:53:00,3.55,5.0,0.29000000000000004,0.5503875968992248
2026-03-19 19:54:00,3.6,5.0,0.27999999999999997,0.5625
2026-03-19 19:55:00,3.63,5.0,0.274,0.5698587127158555
2026-03-19 19:56:00,3.74,5.0,0.25199999999999995,0.597444089456869
2026-03-19 19:57:00,3.72,5.0,0.25599999999999995,0.5923566878980892
2026-03-19 19:58:00,3.76,5.0,0.24800000000000005,0.6025641025641025
2026-03-19 19:59:00,3.84,5.0,0.23200000000000004,0.6233766233766234
2026-03-19 20:00:00,3.8,5.0,0.24000000000000005,0.6129032258064516
2026-03-19 20:01:00,3.76,5.0,0.24800000000000005,0.6025641025641025
2026-03-19 20:02:00,3.18,5.0,0.364,0.46627565982404695
2026-03-19 20:05:00,3.8,5.0,0.24000000000000005,0.6129032258064516
2026-03-19 20:06:00,3.82,5.0,0.23600000000000004,0.6181229773462783
2026-03-19 20:07:00,3.89,5.0,0.22199999999999998,0.6366612111292963
2026-03-19 20:08:00,3.96,5.0,0.20800000000000002,0.6556291390728477
2026-03-19 20:09:00,3.99,5.0,0.20199999999999996,0.6638935108153079
2026-03-19 20:10:00,3.91,5.0,0.21799999999999997,0.6420361247947455
2026-03-19 20:11:00,3.94,5.0,0.21200000000000002,0.6501650165016503
2026-03-19 20:12:00,3.96,5.0,0.20800000000000002,0.6556291390728477
2026-03-19 20:13:00,4.01,5.0,0.19800000000000004,0.669449081803005
2026-03-19 20:14:00,4.05,5.0,0.19000000000000003,0.680672268907563
2026-03-19 20:15:00,4.04,5.0,0.192,0.6778523489932886
2026-03-19 20:16:00,4.05,5.0,0.19000000000000003,0.680672268907563
2026-03-19 20:17:00,4.02,5.0,0.1960000000000001,0.6722408026755852
2026-03-19 20:18:00,4.0,5.0,0.2,0.6666666666666667
2026-03-19 20:19:00,4.0,5.0,0.2,0.6666666666666667
2026-03-19 20:20:00,4.02,5.0,0.1960000000000001,0.6722408026755852
2026-03-19 20:21:00,4.05,5.0,0.19000000000000003,0.680672268907563
2026-03-19 20:22:00,4.01,5.0,0.19800000000000004,0.669449081803005
2026-03-19 20:23:00,3.99,5.0,0.20199999999999996,0.6638935108153079
2026-03-19 20:24:00,4.04,5.0,0.192,0.6778523489932886
2026-03-19 20:25:00,4.12,5.0,0.176,0.7006802721088436
2026-03-19 20:26:00,4.22,5.0,0.15600000000000006,0.7301038062283736
2026-03-19 20:27:00,4.2,5.0,0.15999999999999998,0.7241379310344829
2026-03-19 20:28:00,4.22,5.0,0.15600000000000006,0.7301038062283736
2026-03-19 20:29:00,4.26,5.0,0.14800000000000005,0.7421602787456445
2026-03-19 20:30:00,4.24,5.0,0.15199999999999997,0.7361111111111113
2026-03-19 20:31:00,4.13,5.0,0.17400000000000002,0.7035775127768313
2026-03-19 20:32:00,4.1,5.0,0.18000000000000008,0.694915254237288
2026-03-19 20:33:00,4.1,5.0,0.18000000000000008,0.694915254237288
2026-03-19 20:34:00,4.08,5.0,0.184,0.6891891891891893
2026-03-19 20:35:00,4.09,5.0,0.18200000000000002,0.6920473773265652
2026-03-19 20:36:00,4.1,5.0,0.18000000000000008,0.694915254237288
2026-03-19 20:37:00,4.09,5.0,0.18200000000000002,0.6920473773265652
2026-03-19 20:38:00,4.11,5.0,0.17799999999999994,0.6977928692699492
2026-03-19 20:41:00,4.07,5.0,0.18599999999999994,0.6863406408094436
2026-03-19 20:42:00,4.06,5.0,0.18800000000000008,0.6835016835016834
2026-03-19 20:43:00,4.12,5.0,0.176,0.7006802721088436
2026-03-19 20:44:00,4.2,5.0,0.15999999999999998,0.7241379310344829
2026-03-19 20:45:00,4.26,5.0,0.14800000000000005,0.7421602787456445
2026-03-19 20:46:00,4.24,5.0,0.15199999999999997,0.7361111111111113
2026-03-19 20:47:00,4.2,5.0,0.15999999999999998,0.7241379310344829
2026-03-19 20:48:00,4.2,5.0,0.15999999999999998,0.7241379310344829
2026-03-19 20:49:00,4.27,5.0,0.14600000000000007,0.745200698080279
2026-03-19 20:50:00,4.25,5.0,0.15,0.7391304347826088
2026-03-19 20:51:00,4.29,5.0,0.142,0.7513134851138354
2026-03-19 20:52:00,4.31,5.0,0.13800000000000007,0.7574692442882248
2026-03-19 20:53:00,4.22,5.0,0.15600000000000006,0.7301038062283736
2026-03-19 20:54:00,4.3,5.0,0.14000000000000004,0.7543859649122806
2026-03-19 20:55:00,4.39,5.0,0.12200000000000007,0.7825311942959
2026-03-19 20:56:00,4.29,5.0,0.142,0.7513134851138354
2026-03-19 20:57:00,4.2,5.0,0.15999999999999998,0.7241379310344829
2026-03-19 20:58:00,4.23,5.0,0.15399999999999991,0.7331022530329291
2026-03-19 20:59:00,4.34,5.0,0.13200000000000003,0.7667844522968197
2026-03-19 21:00:00,4.4,5.0,0.11999999999999993,0.7857142857142859
2026-03-19 21:01:00,4.45,5.0,0.10999999999999996,0.8018018018018019
2026-03-19 21:02:00,4.46,5.0,0.10800000000000001,0.8050541516245486
2026-03-19 21:05:00,4.45,5.0,0.10999999999999996,0.8018018018018019
2026-03-19 21:06:00,4.43,5.0,0.11400000000000006,0.7953321364452423
2026-03-19 21:07:00,4.4,5.0,0.11999999999999993,0.7857142857142859
2026-03-19 21:08:00,4.46,5.0,0.10800000000000001,0.8050541516245486
2026-03-19 21:09:00,4.44,5.0,0.11199999999999992,0.7985611510791369
2026-03-19 21:10:00,4.52,5.0,0.09600000000000009,0.8248175182481751
2026-03-19 21:11:00,4.55,5.0,0.09000000000000004,0.8348623853211008
2026-03-19 21:13:00,4.58,5.0,0.08399999999999999,0.8450184501845018
2026-03-19 21:14:00,4.6,5.0,0.08000000000000007,0.8518518518518517
2026-03-19 21:15:00,4.56,5.0,0.08800000000000008,0.838235294117647
2026-03-19 21:16:00,4.58,5.0,0.08399999999999999,0.8450184501845018
2026-03-19 21:17:00,4.63,5.0,0.07400000000000002,0.8621973929236498
2026-03-19 21:18:00,4.65,5.0,0.06999999999999992,0.8691588785046731
2026-03-19 21:19:00,4.68,5.0,0.06400000000000006,0.8796992481203006
2026-03-19 21:20:00,4.7,5.0,0.05999999999999996,0.8867924528301887
2026-03-19 21:21:00,4.74,5.0,0.051999999999999956,0.9011406844106464
2026-03-19 21:22:00,4.81,5.0,0.038000000000000075,0.9267822736030827
2026-03-19 21:23:00,4.7,5.0,0.05999999999999996,0.8867924528301887
2026-03-19 21:24:00,4.77,5.0,0.04600000000000008,0.9120458891013383
2026-03-19 21:25:00,4.73,5.0,0.053999999999999916,0.8975332068311197
2026-03-19 21:26:00,4.82,5.0,0.03599999999999994,0.9305019305019305
2026-03-19 21:27:00,4.89,5.0,0.022000000000000065,0.9569471624266145
2026-03-19 21:28:00,4.94,5.0,0.011999999999999922,0.9762845849802373
2026-03-19 21:29:00,4.9,5.0,0.019999999999999928,0.9607843137254902
2026-03-19 21:30:00,4.85,5.0,0.030000000000000072,0.9417475728155339
2026-03-19 21:31:00,4.77,5.0,0.04600000000000008,0.9120458891013383
2026-03-19 21:32:00,4.74,5.0,0.051999999999999956,0.9011406844106464
2026-03-19 21:33:00,4.75,5.0,0.05,0.9047619047619047
2026-03-19 21:34:00,4.69,5.0,0.06199999999999992,0.8832391713747648
2026-03-19 21:35:00,4.74,5.0,0.051999999999999956,0.9011406844106464
2026-03-19 21:36:00,4.51,5.0,0.09800000000000005,0.8214936247723131
2026-03-19 21:37:00,4.09,5.0,0.18200000000000002,0.6920473773265652
2026-03-19 21:38:00,4.45,5.0,0.10999999999999996,0.8018018018018019
2026-03-19 21:39:00,4.53,5.0,0.09399999999999994,0.8281535648994517
2026-03-19 21:40:00,4.58,5.0,0.08399999999999999,0.8450184501845018
2026-03-19 21:41:00,4.49,5.0,0.10199999999999995,0.8148820326678767
2026-03-19 21:42:00,4.46,5.0,0.10800000000000001,0.8050541516245486
2026-03-19 21:43:00,4.43,5.0,0.11400000000000006,0.7953321364452423
2026-03-19 21:44:00,4.39,5.0,0.12200000000000007,0.7825311942959
2026-03-19 21:45:00,4.28,5.0,0.14399999999999996,0.7482517482517484
2026-03-19 21:46:00,4.16,5.0,0.16799999999999998,0.7123287671232877
2026-03-19 21:47:00,4.23,5.0,0.15399999999999991,0.7331022530329291
2026-03-19 21:48:00,4.64,5.0,0.07200000000000006,0.8656716417910446
2026-03-19 21:49:00,4.89,5.0,0.022000000000000065,0.9569471624266145
2026-03-19 21:50:00,4.84,5.0,0.03200000000000003,0.937984496124031
2026-03-19 21:51:00,4.79,5.0,0.041999999999999996,0.9193857965451055
2026-03-19 21:52:00,4.74,5.0,0.051999999999999956,0.9011406844106464
2026-03-19 21:53:00,4.69,5.0,0.06199999999999992,0.8832391713747648
2026-03-19 21:54:00,4.72,5.0,0.05600000000000005,0.8939393939393938
2026-03-19 21:55:00,4.7,5.0,0.05999999999999996,0.8867924528301887
2026-03-19 21:56:00,4.71,5.0,0.05800000000000001,0.8903591682419659
2026-03-19 21:57:00,4.72,5.0,0.05600000000000005,0.8939393939393938
2026-03-19 21:58:00,4.84,5.0,0.03200000000000003,0.937984496124031
2026-03-19 21:59:00,5.53,5.0,0.10600000000000005,1.0
2026-03-19 22:00:00,4.71,5.0,0.05800000000000001,0.8903591682419659
2026-03-19 22:01:00,4.71,5.0,0.05800000000000001,0.8903591682419659
2026-03-19 22:02:00,4.61,5.0,0.07799999999999993,0.855287569573284
2026-03-19 22:03:00,4.62,5.0,0.07599999999999998,0.8587360594795539
2026-03-19 22:04:00,4.72,5.0,0.05600000000000005,0.8939393939393938
2026-03-19 22:05:00,4.75,5.0,0.05,0.9047619047619047
2026-03-19 22:06:00,4.71,5.0,0.05800000000000001,0.8903591682419659
2026-03-19 22:07:00,4.68,5.0,0.06400000000000006,0.8796992481203006
2026-03-19 22:08:00,4.61,5.0,0.07799999999999993,0.855287569573284
2026-03-19 22:09:00,4.54,5.0,0.092,0.8315018315018314
2026-03-19 22:10:00,4.57,5.0,0.08599999999999994,0.8416206261510131
2026-03-19 22:11:00,4.52,5.0,0.09600000000000009,0.8248175182481751
2026-03-19 22:12:00,4.52,5.0,0.09600000000000009,0.8248175182481751
2026-03-19 22:13:00,4.54,5.0,0.092,0.8315018315018314
2026-03-19 22:14:00,4.54,5.0,0.092,0.8315018315018314
2026-03-19 22:15:00,4.6,5.0,0.08000000000000007,0.8518518518518517
2026-03-19 22:16:00,4.57,5.0,0.08599999999999994,0.8416206261510131
2026-03-19 22:17:00,4.57,5.0,0.08599999999999994,0.8416206261510131
2026-03-19 22:18:00,4.48,5.0,0.10399999999999991,0.8115942028985509
2026-03-19 22:19:00,4.46,5.0,0.10800000000000001,0.8050541516245486
2026-03-19 22:20:00,4.53,5.0,0.09399999999999994,0.8281535648994517
2026-03-19 22:21:00,4.64,5.0,0.07200000000000006,0.8656716417910446
2026-03-19 22:22:00,4.74,5.0,0.051999999999999956,0.9011406844106464
2026-03-19 22:23:00,4.67,5.0,0.06600000000000002,0.8761726078799249
2026-03-19 22:24:00,4.6,5.0,0.08000000000000007,0.8518518518518517
2026-03-19 22:25:00,4.61,5.0,0.07799999999999993,0.855287569573284
2026-03-19 22:26:00,4.56,5.0,0.08800000000000008,0.838235294117647
2026-03-19 22:27:00,4.66,5.0,0.06799999999999998,0.8726591760299626
2026-03-19 22:28:00,4.74,5.0,0.051999999999999956,0.9011406844106464
2026-03-19 22:29:00,4.77,5.0,0.04600000000000008,0.9120458891013383
2026-03-19 22:30:00,4.77,5.0,0.04600000000000008,0.9120458891013383
2026-03-19 22:31:00,4.58,5.0,0.08399999999999999,0.8450184501845018
2026-03-19 22:32:00,4.59,5.0,0.08200000000000003,0.8484288354898335
2026-03-19 22:33:00,4.59,5.0,0.08200000000000003,0.8484288354898335
2026-03-19 22:34:00,4.51,5.0,0.09800000000000005,0.8214936247723131
2026-03-19 22:35:00,4.48,5.0,0.10399999999999991,0.8115942028985509
2026-03-19 22:36:00,4.49,5.0,0.10199999999999995,0.8148820326678767
2026-03-19 22:37:00,4.64,5.0,0.07200000000000006,0.8656716417910446
2026-03-19 22:38:00,4.69,5.0,0.06199999999999992,0.8832391713747648
2026-03-19 22:39:00,4.7,5.0,0.05999999999999996,0.8867924528301887
2026-03-19 22:40:00,4.73,5.0,0.053999999999999916,0.8975332068311197
2026-03-19 22:41:00,4.74,5.0,0.051999999999999956,0.9011406844106464
2026-03-19 22:42:00,4.76,5.0,0.04800000000000004,0.9083969465648855
2026-03-19 22:43:00,4.72,5.0,0.05600000000000005,0.8939393939393938
2026-03-19 22:44:00,4.74,5.0,0.051999999999999956,0.9011406844106464
2026-03-19 22:45:00,4.83,5.0,0.03399999999999999,0.9342359767891683
2026-03-19 22:46:00,4.88,5.0,0.02400000000000002,0.953125
2026-03-19 22:47:00,4.89,5.0,0.022000000000000065,0.9569471624266145
2026-03-19 22:48:00,4.87,5.0,0.025999999999999978,0.949317738791423
2026-03-19 22:49:00,4.88,5.0,0.02400000000000002,0.953125
2026-03-19 22:50:00,4.85,5.0,0.030000000000000072,0.9417475728155339
2026-03-19 22:51:00,4.74,5.0,0.051999999999999956,0.9011406844106464
2026-03-19 22:52:00,4.68,5.0,0.06400000000000006,0.8796992481203006
2026-03-19 22:53:00,4.54,5.0,0.092,0.8315018315018314
2026-03-19 22:54:00,4.42,5.0,0.11600000000000002,0.7921146953405017
2026-03-19 22:55:00,4.53,5.0,0.09399999999999994,0.8281535648994517
2026-03-19 22:56:00,4.59,5.0,0.08200000000000003,0.8484288354898335
2026-03-19 22:57:00,4.6,5.0,0.08000000000000007,0.8518518518518517
2026-03-19 22:58:00,4.19,5.0,0.16199999999999992,0.7211703958691912
2026-03-19 22:59:00,4.56,5.0,0.08800000000000008,0.838235294117647
2026-03-19 23:00:00,4.56,5.0,0.08800000000000008,0.838235294117647
2026-03-19 23:01:00,4.54,5.0,0.092,0.8315018315018314
2026-03-19 23:02:00,4.55,5.0,0.09000000000000004,0.8348623853211008
2026-03-19 23:03:00,4.51,5.0,0.09800000000000005,0.8214936247723131
2026-03-19 23:04:00,4.3,5.0,0.14000000000000004,0.7543859649122806
2026-03-19 23:05:00,4.29,5.0,0.142,0.7513134851138354
2026-03-19 23:06:00,4.31,5.0,0.13800000000000007,0.7574692442882248
2026-03-19 23:07:00,4.32,5.0,0.13599999999999995,0.7605633802816903
2026-03-19 23:08:00,4.31,5.0,0.13800000000000007,0.7574692442882248
2026-03-19 23:09:00,3.96,5.0,0.20800000000000002,0.6556291390728477
2026-03-19 23:10:00,3.76,5.0,0.24800000000000005,0.6025641025641025
2026-03-19 23:11:00,3.85,5.0,0.22999999999999998,0.6260162601626017
2026-03-19 23:12:00,4.18,5.0,0.16400000000000006,0.7182130584192439
2026-03-19 23:13:00,4.36,5.0,0.12799999999999995,0.773049645390071
2026-03-19 23:14:00,4.28,5.0,0.14399999999999996,0.7482517482517484
2026-03-19 23:15:00,4.25,5.0,0.15,0.7391304347826088
2026-03-19 23:16:00,4.23,5.0,0.15399999999999991,0.7331022530329291
2026-03-19 23:17:00,4.26,5.0,0.14800000000000005,0.7421602787456445
2026-03-19 23:18:00,4.04,5.0,0.192,0.6778523489932886
2026-03-19 23:19:00,4.01,5.0,0.19800000000000004,0.669449081803005
2026-03-19 23:20:00,3.91,5.0,0.21799999999999997,0.6420361247947455
2026-03-19 23:21:00,3.9,5.0,0.22000000000000003,0.639344262295082
2026-03-19 23:22:00,3.7,5.0,0.25999999999999995,0.5873015873015873
2026-03-19 23:23:00,3.73,5.0,0.254,0.594896331738437
2026-03-19 23:24:00,3.74,5.0,0.25199999999999995,0.597444089456869
2026-03-19 23:25:00,3.23,5.0,0.354,0.4771048744460857
2026-03-19 23:26:00,4.89,5.0,0.022000000000000065,0.9569471624266145
2026-03-19 23:27:00,4.9,5.0,0.019999999999999928,0.9607843137254902
2026-03-19 23:28:00,4.8,5.0,0.040000000000000036,0.923076923076923
2026-03-19 23:29:00,4.86,5.0,0.027999999999999935,0.9455252918287939
2026-03-19 23:30:00,4.89,5.0,0.022000000000000065,0.9569471624266145
2026-03-19 23:32:00,4.98,5.0,0.003999999999999915,0.9920318725099603
2026-03-19 23:33:00,4.96,5.0,0.008000000000000007,0.9841269841269841
2026-03-19 23:34:00,4.97,5.0,0.0060000000000000496,0.9880715705765407
2026-03-19 23:35:00,4.91,5.0,0.01799999999999997,0.9646365422396856
2026-03-19 23:36:00,4.98,5.0,0.003999999999999915,0.9920318725099603
2026-03-19 23:37:00,5.08,5.0,0.016000000000000014,1.0
2026-03-19 23:38:00,4.98,5.0,0.003999999999999915,0.9920318725099603
2026-03-19 23:39:00,4.96,5.0,0.008000000000000007,0.9841269841269841
2026-03-19 23:40:00,4.99,5.0,0.0019999999999999575,0.9960079840319361
2026-03-19 23:41:00,4.95,5.0,0.009999999999999964,0.9801980198019802
2026-03-19 23:42:00,4.98,5.0,0.003999999999999915,0.9920318725099603
2026-03-19 23:43:00,5.0,5.0,0.0,1.0
2026-03-19 23:44:00,5.03,5.0,0.0060000000000000496,1.0
2026-03-19 23:45:00,5.09,5.0,0.01799999999999997,1.0
2026-03-19 23:46:00,5.04,5.0,0.008000000000000007,1.0
2026-03-19 23:47:00,4.99,5.0,0.0019999999999999575,0.9960079840319361
2026-03-19 23:48:00,4.86,5.0,0.027999999999999935,0.9455252918287939
2026-03-19 23:49:00,4.85,5.0,0.030000000000000072,0.9417475728155339
2026-03-19 23:50:00,4.7,5.0,0.05999999999999996,0.8867924528301887
2026-03-19 23:51:00,4.66,5.0,0.06799999999999998,0.8726591760299626
2026-03-19 23:52:00,4.66,5.0,0.06799999999999998,0.8726591760299626
2026-03-19 23:53:00,4.78,5.0,0.04399999999999995,0.9157088122605365
2026-03-19 23:54:00,4.83,5.0,0.03399999999999999,0.9342359767891683
2026-03-19 23:55:00,4.92,5.0,0.016000000000000014,0.968503937007874
2026-03-19 23:56:00,4.74,5.0,0.051999999999999956,0.9011406844106464
2026-03-19 23:57:00,4.8,5.0,0.040000000000000036,0.923076923076923
2026-03-19 23:58:00,4.86,5.0,0.027999999999999935,0.9455252918287939
2026-03-19 23:59:00,4.86,5.0,0.027999999999999935,0.9455252918287939
2026-03-20 00:00:00,4.71,5.0,0.05800000000000001,0.8903591682419659
2026-03-20 00:01:00,4.76,5.0,0.04800000000000004,0.9083969465648855
2026-03-20 00:02:00,4.84,5.0,0.03200000000000003,0.937984496124031
2026-03-20 00:03:00,4.79,5.0,0.041999999999999996,0.9193857965451055
2026-03-20 00:04:00,4.76,5.0,0.04800000000000004,0.9083969465648855
2026-03-20 00:05:00,4.69,5.0,0.06199999999999992,0.8832391713747648
2026-03-20 00:06:00,4.75,5.0,0.05,0.9047619047619047
2026-03-20 00:07:00,4.76,5.0,0.04800000000000004,0.9083969465648855
2026-03-20 00:08:00,4.6,5.0,0.08000000000000007,0.8518518518518517
2026-03-20 00:09:00,4.71,5.0,0.05800000000000001,0.8903591682419659
2026-03-20 00:10:00,4.72,5.0,0.05600000000000005,0.8939393939393938
2026-03-20 00:11:00,4.77,5.0,0.04600000000000008,0.9120458891013383
2026-03-20 00:12:00,4.81,5.0,0.038000000000000075,0.9267822736030827
2026-03-20 00:13:00,4.8,5.0,0.040000000000000036,0.923076923076923
2026-03-20 00:14:00,4.8,5.0,0.040000000000000036,0.923076923076923
2026-03-20 00:15:00,4.91,5.0,0.01799999999999997,0.9646365422396856
2026-03-20 00:16:00,4.84,5.0,0.03200000000000003,0.937984496124031
2026-03-20 00:17:00,4.76,5.0,0.04800000000000004,0.9083969465648855
2026-03-20 00:18:00,4.86,5.0,0.027999999999999935,0.9455252918287939
2026-03-20 00:19:00,4.92,5.0,0.016000000000000014,0.968503937007874
2026-03-20 00:20:00,4.89,5.0,0.022000000000000065,0.9569471624266145
2026-03-20 00:21:00,5.04,5.0,0.008000000000000007,1.0
2026-03-20 00:22:00,4.94,5.0,0.011999999999999922,0.9762845849802373
2026-03-20 00:23:00,5.04,5.0,0.008000000000000007,1.0
2026-03-20 00:24:00,5.06,5.0,0.011999999999999922,1.0
2026-03-20 00:25:00,5.1,5.0,0.019999999999999928,1.0
2026-03-20 00:26:00,5.14,5.0,0.027999999999999935,1.0
2026-03-20 00:27:00,5.0,5.0,0.0,1.0
2026-03-20 00:28:00,5.0,5.0,0.0,1.0
2026-03-20 00:29:00,4.91,5.0,0.01799999999999997,0.9646365422396856
2026-03-20 00:30:00,4.96,5.0,0.008000000000000007,0.9841269841269841
2026-03-20 00:31:00,5.02,5.0,0.003999999999999915,1.0
2026-03-20 00:32:00,5.01,5.0,0.0019999999999999575,1.0
2026-03-20 00:33:00,4.93,5.0,0.014000000000000058,0.9723865877712031
2026-03-20 00:34:00,4.85,5.0,0.030000000000000072,0.9417475728155339
2026-03-20 00:35:00,4.81,5.0,0.038000000000000075,0.9267822736030827
2026-03-20 00:36:00,4.91,5.0,0.01799999999999997,0.9646365422396856
2026-03-20 00:37:00,4.98,5.0,0.003999999999999915,0.9920318725099603
2026-03-20 00:38:00,5.01,5.0,0.0019999999999999575,1.0
2026-03-20 00:39:00,4.99,5.0,0.0019999999999999575,0.9960079840319361
2026-03-20 00:40:00,4.97,5.0,0.0060000000000000496,0.9880715705765407
2026-03-20 00:41:00,5.05,5.0,0.009999999999999964,1.0
2026-03-20 00:42:00,4.97,5.0,0.0060000000000000496,0.9880715705765407
2026-03-20 00:43:00,4.93,5.0,0.014000000000000058,0.9723865877712031
2026-03-20 00:44:00,4.97,5.0,0.0060000000000000496,0.9880715705765407
2026-03-20 00:45:00,5.05,5.0,0.009999999999999964,1.0
2026-03-20 00:46:00,5.06,5.0,0.011999999999999922,1.0
2026-03-20 00:47:00,4.99,5.0,0.0019999999999999575,0.9960079840319361
2026-03-20 00:48:00,5.04,5.0,0.008000000000000007,1.0
2026-03-20 00:49:00,4.96,5.0,0.008000000000000007,0.9841269841269841
2026-03-20 00:50:00,4.96,5.0,0.008000000000000007,0.9841269841269841
2026-03-20 00:51:00,5.01,5.0,0.0019999999999999575,1.0
2026-03-20 00:52:00,5.0,5.0,0.0,1.0
2026-03-20 00:53:00,4.91,5.0,0.01799999999999997,0.9646365422396856
2026-03-20 00:54:00,4.97,5.0,0.0060000000000000496,0.9880715705765407
2026-03-20 00:55:00,4.97,5.0,0.0060000000000000496,0.9880715705765407
2026-03-20 00:56:00,4.89,5.0,0.022000000000000065,0.9569471624266145
2026-03-20 00:57:00,4.93,5.0,0.014000000000000058,0.9723865877712031
2026-03-20 00:58:00,4.96,5.0,0.008000000000000007,0.9841269841269841
2026-03-20 00:59:00,4.96,5.0,0.008000000000000007,0.9841269841269841
2026-03-20 01:00:00,5.0,5.0,0.0,1.0
2026-03-20 01:01:00,4.95,5.0,0.009999999999999964,0.9801980198019802
2026-03-20 01:04:00,4.99,5.0,0.0019999999999999575,0.9960079840319361
2026-03-20 01:05:00,4.98,5.0,0.003999999999999915,0.9920318725099603
2026-03-20 01:06:00,4.95,5.0,0.009999999999999964,0.9801980198019802
2026-03-20 01:07:00,4.93,5.0,0.014000000000000058,0.9723865877712031
2026-03-20 01:08:00,5.01,5.0,0.0019999999999999575,1.0
2026-03-20 01:09:00,5.07,5.0,0.014000000000000058,1.0
2026-03-20 01:10:00,5.1,5.0,0.019999999999999928,1.0
2026-03-20 01:11:00,5.1,5.0,0.019999999999999928,1.0
2026-03-20 01:12:00,5.08,5.0,0.016000000000000014,1.0
2026-03-20 01:13:00,4.97,5.0,0.0060000000000000496,0.9880715705765407
2026-03-20 01:14:00,5.03,5.0,0.0060000000000000496,1.0
2026-03-20 01:15:00,5.08,5.0,0.016000000000000014,1.0
2026-03-20 01:16:00,4.53,5.0,0.09399999999999994,0.8281535648994517
2026-03-20 01:17:00,5.22,5.0,0.04399999999999995,1.0
2026-03-20 01:18:00,5.22,5.0,0.04399999999999995,1.0
2026-03-20 01:19:00,5.19,5.0,0.038000000000000075,1.0
2026-03-20 01:20:00,5.14,5.0,0.027999999999999935,1.0
2026-03-20 01:21:00,5.13,5.0,0.025999999999999978,1.0
2026-03-20 01:22:00,5.17,5.0,0.03399999999999999,1.0
2026-03-20 01:23:00,5.11,5.0,0.022000000000000065,1.0
2026-03-20 01:24:00,5.12,5.0,0.02400000000000002,1.0
2026-03-20 01:25:00,5.09,5.0,0.01799999999999997,1.0
2026-03-20 01:26:00,4.96,5.0,0.008000000000000007,0.9841269841269841
2026-03-20 01:27:00,4.97,5.0,0.0060000000000000496,0.9880715705765407
2026-03-20 01:28:00,4.9,5.0,0.019999999999999928,0.9607843137254902
2026-03-20 01:29:00,4.95,5.0,0.009999999999999964,0.9801980198019802
2026-03-20 01:30:00,5.1,5.0,0.019999999999999928,1.0
2026-03-20 01:31:00,5.15,5.0,0.030000000000000072,1.0
2026-03-20 01:32:00,6.35,5.0,0.2699999999999999,1.0
2026-03-20 01:33:00,7.76,5.0,0.5519999999999999,1.0
2026-03-20 01:34:00,8.09,5.0,0.618,1.0
2026-03-20 01:35:00,8.1,5.0,0.6199999999999999,1.0
2026-03-20 01:36:00,8.07,5.0,0.6140000000000001,1.0
2026-03-20 01:37:00,7.75,5.0,0.55,1.0
2026-03-20 01:38:00,8.0,5.0,0.6,1.0
2026-03-20 01:39:00,7.88,5.0,0.576,1.0
2026-03-20 01:40:00,7.66,5.0,0.532,1.0
2026-03-20 01:41:00,7.33,5.0,0.466,1.0
2026-03-20 01:42:00,7.09,5.0,0.418,1.0
2026-03-20 01:43:00,6.8,5.0,0.36,1.0
2026-03-20 01:44:00,7.49,5.0,0.49800000000000005,1.0
2026-03-20 01:45:00,7.27,5.0,0.4539999999999999,1.0
2026-03-20 01:46:00,7.19,5.0,0.43800000000000006,1.0
2026-03-20 01:47:00,7.31,5.0,0.4619999999999999,1.0
2026-03-20 01:48:00,7.22,5.0,0.44399999999999995,1.0
2026-03-20 01:49:00,7.17,5.0,0.434,1.0
2026-03-20 01:50:00,7.13,5.0,0.426,1.0
2026-03-20 01:51:00,7.23,5.0,0.44600000000000006,1.0
2026-03-20 01:52:00,7.35,5.0,0.4699999999999999,1.0
2026-03-20 01:53:00,7.32,5.0,0.4640000000000001,1.0
2026-03-20 01:54:00,7.34,5.0,0.46799999999999997,1.0
2026-03-20 01:55:00,7.52,5.0,0.5039999999999999,1.0
2026-03-20 01:56:00,7.64,5.0,0.5279999999999999,1.0
2026-03-20 01:57:00,7.26,5.0,0.45199999999999996,1.0
2026-03-20 01:58:00,7.45,5.0,0.49000000000000005,1.0
2026-03-20 01:59:00,7.61,5.0,0.522,1.0
2026-03-20 02:00:00,7.54,5.0,0.508,1.0
2026-03-20 02:01:00,7.18,5.0,0.43599999999999994,1.0
2026-03-20 02:02:00,7.5,5.0,0.5,1.0
2026-03-20 02:03:00,7.1,5.0,0.41999999999999993,1.0
2026-03-20 02:04:00,7.02,5.0,0.4039999999999999,1.0
2026-03-20 02:05:00,7.3,5.0,0.45999999999999996,1.0
2026-03-20 02:06:00,7.51,5.0,0.502,1.0
2026-03-20 02:07:00,7.64,5.0,0.5279999999999999,1.0
2026-03-20 02:08:00,7.46,5.0,0.492,1.0
2026-03-20 02:09:00,7.4,5.0,0.4800000000000001,1.0
2026-03-20 02:10:00,7.58,5.0,0.516,1.0
2026-03-20 02:11:00,7.74,5.0,0.548,1.0
2026-03-20 02:12:00,7.64,5.0,0.5279999999999999,1.0
2026-03-20 02:13:00,7.47,5.0,0.49399999999999994,1.0
2026-03-20 02:14:00,7.76,5.0,0.5519999999999999,1.0
2026-03-20 02:15:00,7.73,5.0,0.546,1.0
2026-03-20 02:16:00,7.97,5.0,0.594,1.0
2026-03-20 02:17:00,7.94,5.0,0.5880000000000001,1.0
2026-03-20 02:18:00,7.98,5.0,0.5960000000000001,1.0
2026-03-20 02:19:00,7.91,5.0,0.5820000000000001,1.0
2026-03-20 02:20:00,8.44,5.0,0.688,1.0
2026-03-20 02:21:00,8.48,5.0,0.6960000000000001,1.0
2026-03-20 02:22:00,8.35,5.0,0.6699999999999999,1.0
2026-03-20 02:23:00,8.43,5.0,0.6859999999999999,1.0
2026-03-20 02:24:00,8.49,5.0,0.6980000000000001,1.0
2026-03-20 02:25:00,8.44,5.0,0.688,1.0
2026-03-20 02:26:00,8.47,5.0,0.6940000000000002,1.0
2026-03-20 02:27:00,8.52,5.0,0.704,1.0
2026-03-20 02:28:00,8.51,5.0,0.702,1.0
2026-03-20 02:29:00,8.86,5.0,0.7719999999999999,1.0
2026-03-20 02:30:00,8.67,5.0,0.734,1.0
2026-03-20 02:31:00,8.45,5.0,0.6899999999999998,1.0
2026-03-20 02:32:00,8.87,5.0,0.7739999999999998,1.0
2026-03-20 02:33:00,8.85,5.0,0.7699999999999999,1.0
2026-03-20 02:34:00,8.81,5.0,0.7620000000000001,1.0
2026-03-20 02:35:00,8.82,5.0,0.764,1.0
2026-03-20 02:36:00,8.51,5.0,0.702,1.0
2026-03-20 02:37:00,8.32,5.0,0.664,1.0
2026-03-20 02:38:00,8.4,5.0,0.68,1.0
2026-03-20 02:39:00,8.56,5.0,0.7120000000000001,1.0
2026-03-20 02:40:00,8.49,5.0,0.6980000000000001,1.0
2026-03-20 02:41:00,8.5,5.0,0.7,1.0
2026-03-20 02:42:00,8.3,5.0,0.6600000000000001,1.0
2026-03-20 02:43:00,8.51,5.0,0.702,1.0
2026-03-20 02:44:00,8.64,5.0,0.7280000000000001,1.0
2026-03-20 02:45:00,8.51,5.0,0.702,1.0
2026-03-20 02:46:00,8.57,5.0,0.7140000000000001,1.0
2026-03-20 02:47:00,8.55,5.0,0.7100000000000002,1.0
2026-03-20 02:48:00,8.52,5.0,0.704,1.0
2026-03-20 02:49:00,8.18,5.0,0.6359999999999999,1.0
2026-03-20 02:50:00,7.8,5.0,0.5599999999999999,1.0
2026-03-20 02:51:00,7.85,5.0,0.57,1.0
2026-03-20 02:52:00,7.86,5.0,0.5720000000000001,1.0
2026-03-20 02:53:00,7.78,5.0,0.556,1.0
2026-03-20 02:54:00,7.88,5.0,0.576,1.0
2026-03-20 02:55:00,8.04,5.0,0.6079999999999999,1.0
2026-03-20 02:56:00,7.96,5.0,0.592,1.0
2026-03-20 02:57:00,7.53,5.0,0.506,1.0
2026-03-20 02:58:00,7.51,5.0,0.502,1.0
2026-03-20 02:59:00,7.59,5.0,0.518,1.0
2026-03-20 03:00:00,7.5,5.0,0.5,1.0
2026-03-20 03:01:00,7.06,5.0,0.4119999999999999,1.0
2026-03-20 03:02:00,7.29,5.0,0.458,1.0
2026-03-20 03:03:00,7.37,5.0,0.47400000000000003,1.0
2026-03-20 03:04:00,7.51,5.0,0.502,1.0
2026-03-20 03:05:00,8.02,5.0,0.6039999999999999,1.0
2026-03-20 03:06:00,9.18,5.0,0.836,1.0
2026-03-20 03:07:00,10.11,5.0,1.0219999999999998,1.0
2026-03-20 03:08:00,10.54,5.0,1.1079999999999999,1.0
2026-03-20 03:09:00,10.91,5.0,1.182,1.0
2026-03-20 03:10:00,10.86,5.0,1.172,1.0
2026-03-20 03:11:00,10.96,5.0,1.1920000000000002,1.0
2026-03-20 03:12:00,10.75,5.0,1.15,1.0
2026-03-20 03:13:00,10.52,5.0,1.1039999999999999,1.0
2026-03-20 03:14:00,9.62,5.0,0.9239999999999998,1.0
2026-03-20 03:15:00,9.82,5.0,0.9640000000000001,1.0
2026-03-20 03:16:00,9.85,5.0,0.97,1.0
2026-03-20 03:17:00,9.83,5.0,0.966,1.0
2026-03-20 03:18:00,10.58,5.0,1.116,1.0
2026-03-20 03:19:00,11.1,5.0,1.22,1.0
2026-03-20 03:20:00,11.17,5.0,1.234,1.0
2026-03-20 03:21:00,11.36,5.0,1.2719999999999998,1.0
2026-03-20 03:22:00,10.91,5.0,1.182,1.0
2026-03-20 03:23:00,11.41,5.0,1.282,1.0
2026-03-20 03:24:00,11.35,5.0,1.27,1.0
2026-03-20 03:25:00,10.68,5.0,1.136,1.0
2026-03-20 03:26:00,11.17,5.0,1.234,1.0
2026-03-20 03:27:00,11.03,5.0,1.206,1.0
2026-03-20 03:28:00,10.48,5.0,1.096,1.0
2026-03-20 03:29:00,10.53,5.0,1.1059999999999999,1.0
2026-03-20 03:30:00,10.31,5.0,1.062,1.0
2026-03-20 03:31:00,10.51,5.0,1.1019999999999999,1.0
2026-03-20 03:32:00,10.07,5.0,1.014,1.0
2026-03-20 03:33:00,9.86,5.0,0.9719999999999999,1.0
2026-03-20 03:34:00,10.74,5.0,1.1480000000000001,1.0
2026-03-20 03:35:00,10.39,5.0,1.078,1.0
2026-03-20 03:36:00,10.69,5.0,1.138,1.0
2026-03-20 03:37:00,10.78,5.0,1.156,1.0
2026-03-20 03:38:00,10.39,5.0,1.078,1.0
2026-03-20 03:39:00,10.55,5.0,1.11,1.0
2026-03-20 03:40:00,10.6,5.0,1.1199999999999999,1.0
2026-03-20 03:41:00,10.7,5.0,1.14,1.0
2026-03-20 03:42:00,10.29,5.0,1.0579999999999998,1.0
2026-03-20 03:43:00,10.15,5.0,1.03,1.0
2026-03-20 03:44:00,11.43,5.0,1.286,1.0
2026-03-20 03:45:00,11.16,5.0,1.232,1.0
2026-03-20 03:46:00,11.39,5.0,1.278,1.0
2026-03-20 03:47:00,11.39,5.0,1.278,1.0
2026-03-20 03:48:00,11.09,5.0,1.218,1.0
2026-03-20 03:49:00,10.17,5.0,1.034,1.0
2026-03-20 03:50:00,9.88,5.0,0.9760000000000002,1.0
2026-03-20 03:51:00,10.14,5.0,1.028,1.0
2026-03-20 03:52:00,10.15,5.0,1.03,1.0
2026-03-20 03:53:00,10.98,5.0,1.1960000000000002,1.0
2026-03-20 03:54:00,9.71,5.0,0.9420000000000002,1.0
2026-03-20 03:55:00,9.11,5.0,0.8219999999999998,1.0
2026-03-20 03:56:00,9.38,5.0,0.8760000000000001,1.0
2026-03-20 03:57:00,10.36,5.0,1.0719999999999998,1.0
2026-03-20 03:58:00,10.85,5.0,1.17,1.0
2026-03-20 04:00:00,11.47,5.0,1.294,1.0
2026-03-20 04:01:00,11.07,5.0,1.214,1.0
2026-03-20 04:02:00,10.34,5.0,1.068,1.0
2026-03-20 04:03:00,10.33,5.0,1.066,1.0
2026-03-20 04:04:00,10.19,5.0,1.0379999999999998,1.0
2026-03-20 04:05:00,10.02,5.0,1.004,1.0
2026-03-20 04:06:00,9.77,5.0,0.954,1.0
2026-03-20 04:07:00,9.64,5.0,0.9280000000000002,1.0
2026-03-20 04:08:00,9.79,5.0,0.9579999999999999,1.0
2026-03-20 04:09:00,9.84,5.0,0.968,1.0
2026-03-20 04:10:00,9.23,5.0,0.8460000000000001,1.0
2026-03-20 04:11:00,9.77,5.0,0.954,1.0
2026-03-20 04:12:00,10.21,5.0,1.0420000000000003,1.0
2026-03-20 04:13:00,10.41,5.0,1.082,1.0
2026-03-20 04:14:00,11.07,5.0,1.214,1.0
2026-03-20 04:15:00,11.78,5.0,1.3559999999999999,1.0
2026-03-20 04:16:00,11.81,5.0,1.362,1.0
2026-03-20 04:17:00,11.8,5.0,1.36,1.0
2026-03-20 04:18:00,11.82,5.0,1.364,1.0
2026-03-20 04:19:00,11.58,5.0,1.316,1.0
2026-03-20 04:20:00,11.38,5.0,1.2760000000000002,1.0
2026-03-20 04:21:00,11.77,5.0,1.3539999999999999,1.0
2026-03-20 04:22:00,11.83,5.0,1.366,1.0
2026-03-20 04:23:00,11.49,5.0,1.298,1.0
2026-03-20 04:24:00,11.03,5.0,1.206,1.0
2026-03-20 04:25:00,11.22,5.0,1.2440000000000002,1.0
2026-03-20 04:26:00,11.19,5.0,1.238,1.0
2026-03-20 04:27:00,10.6,5.0,1.1199999999999999,1.0
2026-03-20 04:28:00,10.14,5.0,1.028,1.0
2026-03-20 04:29:00,9.63,5.0,0.9260000000000002,1.0
2026-03-20 04:30:00,9.42,5.0,0.884,1.0
2026-03-20 04:31:00,8.72,5.0,0.7440000000000001,1.0
2026-03-20 04:32:00,9.13,5.0,0.8260000000000002,1.0
2026-03-20 04:33:00,12.33,5.0,1.466,1.0
2026-03-20 04:34:00,13.82,5.0,1.764,1.0
2026-03-20 04:35:00,13.94,5.0,1.7879999999999998,1.0
2026-03-20 04:36:00,14.1,5.0,1.8199999999999998,1.0
2026-03-20 04:37:00,14.16,5.0,1.832,1.0
2026-03-20 04:38:00,13.83,5.0,1.766,1.0
2026-03-20 04:39:00,12.8,5.0,1.56,1.0
2026-03-20 04:40:00,13.26,5.0,1.652,1.0
2026-03-20 04:41:00,13.29,5.0,1.658,1.0
2026-03-20 04:42:00,13.39,5.0,1.6780000000000002,1.0
2026-03-20 04:43:00,13.21,5.0,1.6420000000000001,1.0
2026-03-20 04:44:00,13.32,5.0,1.6640000000000001,1.0
2026-03-20 04:45:00,13.38,5.0,1.6760000000000002,1.0
2026-03-20 04:46:00,12.99,5.0,1.598,1.0
2026-03-20 04:47:00,12.67,5.0,1.534,1.0
2026-03-20 04:48:00,12.74,5.0,1.548,1.0
2026-03-20 04:49:00,12.65,5.0,1.53,1.0
2026-03-20 04:50:00,12.89,5.0,1.578,1.0
2026-03-20 04:51:00,12.66,5.0,1.532,1.0
2026-03-20 04:52:00,12.75,5.0,1.55,1.0
2026-03-20 04:53:00,12.69,5.0,1.5379999999999998,1.0
2026-03-20 04:54:00,12.71,5.0,1.5420000000000003,1.0
2026-03-20 04:55:00,12.72,5.0,1.544,1.0
2026-03-20 04:56:00,12.87,5.0,1.5739999999999998,1.0
2026-03-20 04:57:00,12.9,5.0,1.58,1.0
2026-03-20 04:58:00,12.98,5.0,1.596,1.0
2026-03-20 04:59:00,13.0,5.0,1.6,1.0
2026-03-20 05:00:00,12.88,5.0,1.576,1.0
2026-03-20 05:01:00,12.91,5.0,1.582,1.0
2026-03-20 05:02:00,12.93,5.0,1.5859999999999999,1.0
2026-03-20 05:03:00,12.66,5.0,1.532,1.0
2026-03-20 05:04:00,12.64,5.0,1.528,1.0
2026-03-20 05:05:00,12.27,5.0,1.454,1.0
2026-03-20 05:06:00,13.57,5.0,1.714,1.0
2026-03-20 05:07:00,13.76,5.0,1.752,1.0
2026-03-20 05:08:00,13.59,5.0,1.718,1.0
2026-03-20 05:09:00,13.69,5.0,1.738,1.0
2026-03-20 05:10:00,13.65,5.0,1.73,1.0
2026-03-20 05:11:00,13.69,5.0,1.738,1.0
2026-03-20 05:12:00,13.65,5.0,1.73,1.0
2026-03-20 05:13:00,13.63,5.0,1.7260000000000002,1.0
2026-03-20 05:14:00,13.46,5.0,1.6920000000000002,1.0
2026-03-20 05:15:00,13.46,5.0,1.6920000000000002,1.0
2026-03-20 05:16:00,13.3,5.0,1.6600000000000001,1.0
2026-03-20 05:17:00,12.94,5.0,1.5879999999999999,1.0
2026-03-20 05:18:00,12.96,5.0,1.592,1.0
2026-03-20 05:19:00,13.03,5.0,1.6059999999999999,1.0
2026-03-20 05:20:00,12.69,5.0,1.5379999999999998,1.0
2026-03-20 05:21:00,12.68,5.0,1.536,1.0
2026-03-20 05:22:00,12.75,5.0,1.55,1.0
2026-03-20 05:23:00,12.66,5.0,1.532,1.0
2026-03-20 05:24:00,12.75,5.0,1.55,1.0
2026-03-20 05:25:00,12.33,5.0,1.466,1.0
2026-03-20 05:26:00,12.19,5.0,1.438,1.0
2026-03-20 05:27:00,12.04,5.0,1.408,1.0
2026-03-20 05:29:00,11.63,5.0,1.326,1.0
2026-03-20 05:30:00,11.39,5.0,1.278,1.0
2026-03-20 05:31:00,11.26,5.0,1.252,1.0
2026-03-20 05:32:00,11.22,5.0,1.2440000000000002,1.0
2026-03-20 05:33:00,10.69,5.0,1.138,1.0
2026-03-20 05:34:00,10.77,5.0,1.154,1.0
2026-03-20 05:35:00,10.74,5.0,1.1480000000000001,1.0
2026-03-20 05:36:00,10.23,5.0,1.046,1.0
2026-03-20 05:37:00,9.34,5.0,0.868,1.0
2026-03-20 05:38:00,9.59,5.0,0.9179999999999999,1.0
2026-03-20 05:39:00,9.46,5.0,0.8920000000000001,1.0
2026-03-20 05:40:00,7.62,5.0,0.524,1.0
2026-03-20 05:41:00,7.59,5.0,0.518,1.0
2026-03-20 05:42:00,8.18,5.0,0.6359999999999999,1.0
2026-03-20 05:43:00,9.7,5.0,0.9399999999999998,1.0
2026-03-20 05:44:00,10.73,5.0,1.1460000000000001,1.0
2026-03-20 05:45:00,11.66,5.0,1.332,1.0
2026-03-20 05:46:00,11.74,5.0,1.348,1.0
2026-03-20 05:47:00,11.93,5.0,1.386,1.0
2026-03-20 05:48:00,12.02,5.0,1.404,1.0
2026-03-20 05:49:00,12.0,5.0,1.4,1.0
2026-03-20 05:50:00,12.11,5.0,1.422,1.0
2026-03-20 05:51:00,12.33,5.0,1.466,1.0
2026-03-20 05:52:00,12.54,5.0,1.5079999999999998,1.0
2026-03-20 05:53:00,12.69,5.0,1.5379999999999998,1.0
2026-03-20 05:54:00,12.89,5.0,1.578,1.0
2026-03-20 05:55:00,12.74,5.0,1.548,1.0
2026-03-20 05:56:00,12.82,5.0,1.564,1.0
2026-03-20 05:57:00,12.74,5.0,1.548,1.0
2026-03-20 05:58:00,12.91,5.0,1.582,1.0
2026-03-20 05:59:00,13.02,5.0,1.6039999999999999,1.0
2026-03-20 06:00:00,13.18,5.0,1.636,1.0
2026-03-20 06:01:00,13.11,5.0,1.6219999999999999,1.0
2026-03-20 06:02:00,12.89,5.0,1.578,1.0
2026-03-20 06:03:00,12.89,5.0,1.578,1.0
2026-03-20 06:04:00,13.07,5.0,1.614,1.0
2026-03-20 06:05:00,13.42,5.0,1.684,1.0
2026-03-20 06:06:00,13.6,5.0,1.72,1.0
2026-03-20 06:07:00,13.92,5.0,1.784,1.0
2026-03-20 06:08:00,13.76,5.0,1.752,1.0
2026-03-20 06:09:00,13.65,5.0,1.73,1.0
2026-03-20 06:10:00,13.64,5.0,1.7280000000000002,1.0
2026-03-20 06:11:00,13.74,5.0,1.748,1.0
2026-03-20 06:12:00,13.68,5.0,1.736,1.0
2026-03-20 06:13:00,13.65,5.0,1.73,1.0
2026-03-20 06:14:00,13.7,5.0,1.7399999999999998,1.0
2026-03-20 06:15:00,13.7,5.0,1.7399999999999998,1.0
2026-03-20 06:16:00,13.64,5.0,1.7280000000000002,1.0
2026-03-20 06:17:00,12.76,5.0,1.552,1.0
2026-03-20 06:18:00,11.31,5.0,1.262,1.0
2026-03-20 06:19:00,10.93,5.0,1.186,1.0
2026-03-20 06:20:00,10.87,5.0,1.174,1.0
2026-03-20 06:21:00,11.01,5.0,1.202,1.0
2026-03-20 06:22:00,11.03,5.0,1.206,1.0
2026-03-20 06:23:00,12.26,5.0,1.452,1.0
2026-03-20 06:24:00,12.09,5.0,1.418,1.0
2026-03-20 06:25:00,11.96,5.0,1.3920000000000001,1.0
2026-03-20 06:26:00,12.15,5.0,1.4300000000000002,1.0
2026-03-20 06:27:00,13.64,5.0,1.7280000000000002,1.0
2026-03-20 06:28:00,13.58,5.0,1.716,1.0
2026-03-20 06:29:00,12.5,5.0,1.5,1.0
2026-03-20 06:30:00,10.86,5.0,1.172,1.0
2026-03-20 06:31:00,10.56,5.0,1.112,1.0
2026-03-20 06:32:00,10.87,5.0,1.174,1.0
2026-03-20 06:33:00,11.21,5.0,1.2420000000000002,1.0
2026-03-20 06:34:00,12.5,5.0,1.5,1.0
2026-03-20 06:35:00,12.21,5.0,1.4420000000000002,1.0
2026-03-20 06:36:00,13.36,5.0,1.672,1.0
2026-03-20 06:37:00,11.94,5.0,1.388,1.0
2026-03-20 06:38:00,10.97,5.0,1.1940000000000002,1.0
2026-03-20 06:39:00,11.07,5.0,1.214,1.0
2026-03-20 06:40:00,12.03,5.0,1.406,1.0
2026-03-20 06:41:00,13.97,5.0,1.794,1.0
2026-03-20 06:42:00,13.93,5.0,1.786,1.0
2026-03-20 06:43:00,13.82,5.0,1.764,1.0
2026-03-20 06:44:00,13.89,5.0,1.778,1.0
2026-03-20 06:45:00,13.82,5.0,1.764,1.0
2026-03-20 06:46:00,13.71,5.0,1.7420000000000002,1.0
2026-03-20 06:47:00,13.71,5.0,1.7420000000000002,1.0
2026-03-20 06:48:00,13.77,5.0,1.754,1.0
2026-03-20 06:49:00,13.59,5.0,1.718,1.0
2026-03-20 06:50:00,13.4,5.0,1.6800000000000002,1.0
2026-03-20 06:51:00,13.31,5.0,1.6620000000000001,1.0
2026-03-20 06:52:00,13.39,5.0,1.6780000000000002,1.0
2026-03-20 06:53:00,13.27,5.0,1.654,1.0
2026-03-20 06:54:00,12.32,5.0,1.464,1.0
2026-03-20 06:55:00,12.79,5.0,1.5579999999999998,1.0
2026-03-20 06:56:00,12.86,5.0,1.5719999999999998,1.0
2026-03-20 06:57:00,12.87,5.0,1.5739999999999998,1.0
2026-03-20 06:58:00,13.0,5.0,1.6,1.0
2026-03-20 06:59:00,12.77,5.0,1.5539999999999998,1.0
2026-03-20 07:00:00,12.33,5.0,1.466,1.0
2026-03-20 07:01:00,12.7,5.0,1.5399999999999998,1.0
2026-03-20 07:03:00,12.62,5.0,1.5239999999999998,1.0
2026-03-20 07:04:00,12.57,5.0,1.514,1.0
2026-03-20 07:05:00,12.93,5.0,1.5859999999999999,1.0
2026-03-20 07:06:00,13.15,5.0,1.6300000000000001,1.0
2026-03-20 07:07:00,13.14,5.0,1.6280000000000001,1.0
2026-03-20 07:08:00,13.09,5.0,1.6179999999999999,1.0
2026-03-20 07:09:00,13.2,5.0,1.64,1.0
2026-03-20 07:10:00,12.81,5.0,1.562,1.0
2026-03-20 07:11:00,12.99,5.0,1.598,1.0
2026-03-20 07:12:00,13.29,5.0,1.658,1.0
2026-03-20 07:13:00,13.18,5.0,1.636,1.0
2026-03-20 07:14:00,13.12,5.0,1.6239999999999999,1.0
2026-03-20 07:15:00,13.38,5.0,1.6760000000000002,1.0
2026-03-20 07:16:00,13.43,5.0,1.686,1.0
2026-03-20 07:17:00,13.42,5.0,1.684,1.0
2026-03-20 07:18:00,13.31,5.0,1.6620000000000001,1.0
2026-03-20 07:19:00,13.21,5.0,1.6420000000000001,1.0
2026-03-20 07:20:00,13.51,5.0,1.702,1.0
2026-03-20 07:21:00,13.29,5.0,1.658,1.0
2026-03-20 07:22:00,13.58,5.0,1.716,1.0
2026-03-20 07:23:00,13.75,5.0,1.75,1.0
2026-03-20 07:24:00,13.9,5.0,1.78,1.0
2026-03-20 07:25:00,14.15,5.0,1.83,1.0
2026-03-20 07:26:00,14.3,5.0,1.86,1.0
2026-03-20 07:27:00,14.24,5.0,1.848,1.0
2026-03-20 07:28:00,14.33,5.0,1.866,1.0
2026-03-20 07:29:00,14.51,5.0,1.902,1.0
2026-03-20 07:30:00,14.57,5.0,1.9140000000000001,1.0
2026-03-20 07:31:00,14.61,5.0,1.922,1.0
2026-03-20 07:32:00,14.56,5.0,1.9120000000000001,1.0
2026-03-20 07:33:00,14.35,5.0,1.8699999999999999,1.0
2026-03-20 07:34:00,14.23,5.0,1.846,1.0
2026-03-20 07:35:00,14.13,5.0,1.826,1.0
2026-03-20 07:36:00,14.25,5.0,1.85,1.0
2026-03-20 07:37:00,14.86,5.0,1.972,1.0
2026-03-20 07:38:00,14.89,5.0,1.9780000000000002,1.0
2026-03-20 07:39:00,14.92,5.0,1.984,1.0
2026-03-20 07:40:00,14.7,5.0,1.94,1.0
2026-03-20 07:41:00,14.64,5.0,1.9280000000000002,1.0
2026-03-20 07:42:00,14.29,5.0,1.8579999999999999,1.0
2026-03-20 07:43:00,14.39,5.0,1.8780000000000001,1.0
2026-03-20 07:44:00,14.03,5.0,1.8059999999999998,1.0
2026-03-20 07:45:00,12.45,5.0,1.4899999999999998,1.0
2026-03-20 07:46:00,11.64,5.0,1.328,1.0
2026-03-20 07:47:00,11.45,5.0,1.2899999999999998,1.0
2026-03-20 07:48:00,11.05,5.0,1.2100000000000002,1.0
2026-03-20 07:49:00,10.97,5.0,1.1940000000000002,1.0
2026-03-20 07:50:00,11.39,5.0,1.278,1.0
2026-03-20 07:51:00,11.66,5.0,1.332,1.0
2026-03-20 07:52:00,11.55,5.0,1.31,1.0
2026-03-20 07:53:00,11.95,5.0,1.39,1.0
2026-03-20 07:54:00,11.6,5.0,1.3199999999999998,1.0
2026-03-20 07:55:00,11.83,5.0,1.366,1.0
2026-03-20 07:56:00,12.43,5.0,1.486,1.0
2026-03-20 07:57:00,12.26,5.0,1.452,1.0
2026-03-20 07:58:00,12.63,5.0,1.5260000000000002,1.0
2026-03-20 07:59:00,12.4,5.0,1.48,1.0
2026-03-20 08:00:00,11.84,5.0,1.3679999999999999,1.0
2026-03-20 08:01:00,10.44,5.0,1.0879999999999999,1.0
2026-03-20 08:03:00,10.26,5.0,1.052,1.0
2026-03-20 08:04:00,10.22,5.0,1.044,1.0
2026-03-20 08:05:00,10.22,5.0,1.044,1.0
2026-03-20 08:06:00,9.3,5.0,0.8600000000000001,1.0
2026-03-20 08:07:00,10.09,5.0,1.018,1.0
2026-03-20 08:08:00,9.36,5.0,0.8719999999999999,1.0
2026-03-20 08:09:00,9.48,5.0,0.8960000000000001,1.0
2026-03-20 08:10:00,10.03,5.0,1.0059999999999998,1.0
2026-03-20 08:11:00,11.15,5.0,1.23,1.0
2026-03-20 08:12:00,11.6,5.0,1.3199999999999998,1.0
2026-03-20 08:13:00,11.15,5.0,1.23,1.0
2026-03-20 08:14:00,10.72,5.0,1.1440000000000001,1.0
2026-03-20 08:15:00,10.61,5.0,1.1219999999999999,1.0
2026-03-20 08:16:00,9.97,5.0,0.9940000000000001,1.0
2026-03-20 08:17:00,9.84,5.0,0.968,1.0
2026-03-20 08:18:00,9.69,5.0,0.938,1.0
2026-03-20 08:19:00,9.03,5.0,0.8059999999999998,1.0
2026-03-20 08:20:00,8.43,5.0,0.6859999999999999,1.0
2026-03-20 08:21:00,8.69,5.0,0.7379999999999999,1.0
2026-03-20 08:22:00,9.37,5.0,0.8739999999999999,1.0
2026-03-20 08:23:00,9.66,5.0,0.932,1.0
2026-03-20 08:24:00,9.55,5.0,0.9100000000000001,1.0
2026-03-20 08:25:00,9.31,5.0,0.8620000000000001,1.0
2026-03-20 08:26:00,9.79,5.0,0.9579999999999999,1.0
2026-03-20 08:27:00,10.25,5.0,1.05,1.0
2026-03-20 08:28:00,9.63,5.0,0.9260000000000002,1.0
2026-03-20 08:29:00,9.73,5.0,0.9460000000000001,1.0
2026-03-20 08:30:00,9.82,5.0,0.9640000000000001,1.0
2026-03-20 08:31:00,10.35,5.0,1.0699999999999998,1.0
2026-03-20 08:32:00,10.83,5.0,1.166,1.0
2026-03-20 08:33:00,10.93,5.0,1.186,1.0
2026-03-20 08:34:00,10.98,5.0,1.1960000000000002,1.0
2026-03-20 08:35:00,11.82,5.0,1.364,1.0
2026-03-20 08:36:00,11.57,5.0,1.314,1.0
2026-03-20 08:37:00,11.55,5.0,1.31,1.0
2026-03-20 08:38:00,11.67,5.0,1.334,1.0
2026-03-20 08:39:00,11.66,5.0,1.332,1.0
2026-03-20 08:40:00,11.94,5.0,1.388,1.0
2026-03-20 08:41:00,11.79,5.0,1.3579999999999999,1.0
2026-03-20 08:42:00,11.49,5.0,1.298,1.0
2026-03-20 08:43:00,11.65,5.0,1.33,1.0
2026-03-20 08:44:00,11.8,5.0,1.36,1.0
2026-03-20 08:45:00,11.69,5.0,1.3379999999999999,1.0
2026-03-20 08:46:00,11.55,5.0,1.31,1.0
2026-03-20 08:47:00,11.73,5.0,1.346,1.0
2026-03-20 08:48:00,12.06,5.0,1.4120000000000001,1.0
2026-03-20 08:49:00,12.08,5.0,1.416,1.0
2026-03-20 08:50:00,11.86,5.0,1.3719999999999999,1.0
2026-03-20 08:51:00,11.67,5.0,1.334,1.0
2026-03-20 08:52:00,11.49,5.0,1.298,1.0
2026-03-20 08:53:00,10.83,5.0,1.166,1.0
2026-03-20 08:54:00,11.14,5.0,1.2280000000000002,1.0
2026-03-20 08:55:00,11.25,5.0,1.25,1.0
2026-03-20 08:56:00,11.5,5.0,1.3,1.0
2026-03-20 08:57:00,12.07,5.0,1.4140000000000001,1.0
2026-03-20 08:58:00,12.6,5.0,1.52,1.0
2026-03-20 08:59:00,12.78,5.0,1.5559999999999998,1.0
2026-03-20 09:00:00,12.94,5.0,1.5879999999999999,1.0
2026-03-20 09:01:00,12.68,5.0,1.536,1.0
2026-03-20 09:02:00,12.4,5.0,1.48,1.0
2026-03-20 09:03:00,12.13,5.0,1.4260000000000002,1.0
2026-03-20 09:04:00,11.51,5.0,1.302,1.0
2026-03-20 09:05:00,10.24,5.0,1.048,1.0
2026-03-20 09:06:00,10.37,5.0,1.0739999999999998,1.0
2026-03-20 09:07:00,11.18,5.0,1.236,1.0
2026-03-20 09:08:00,12.23,5.0,1.4460000000000002,1.0
2026-03-20 09:09:00,11.65,5.0,1.33,1.0
2026-03-20 09:10:00,13.15,5.0,1.6300000000000001,1.0
2026-03-20 09:11:00,12.93,5.0,1.5859999999999999,1.0
2026-03-20 09:12:00,12.1,5.0,1.42,1.0
2026-03-20 09:13:00,11.81,5.0,1.362,1.0
2026-03-20 09:14:00,11.67,5.0,1.334,1.0
2026-03-20 09:15:00,11.47,5.0,1.294,1.0
2026-03-20 09:16:00,11.47,5.0,1.294,1.0
2026-03-20 09:17:00,12.03,5.0,1.406,1.0
2026-03-20 09:18:00,12.21,5.0,1.4420000000000002,1.0
2026-03-20 09:19:00,12.57,5.0,1.514,1.0
2026-03-20 09:20:00,14.12,5.0,1.8239999999999998,1.0
2026-03-20 09:21:00,14.65,5.0,1.9300000000000002,1.0
2026-03-20 09:22:00,15.21,5.0,2.0420000000000003,1.0
2026-03-20 09:23:00,15.66,5.0,2.132,1.0
2026-03-20 09:24:00,15.84,5.0,2.168,1.0
2026-03-20 09:25:00,15.9,5.0,2.18,1.0
2026-03-20 09:26:00,13.67,5.0,1.734,1.0
2026-03-20 09:27:00,12.35,5.0,1.47,1.0
2026-03-20 09:28:00,13.03,5.0,1.6059999999999999,1.0
2026-03-20 09:29:00,13.24,5.0,1.6480000000000001,1.0
2026-03-20 09:30:00,13.38,5.0,1.6760000000000002,1.0
2026-03-20 09:31:00,13.45,5.0,1.69,1.0
2026-03-20 09:32:00,13.94,5.0,1.7879999999999998,1.0
2026-03-20 09:33:00,14.01,5.0,1.802,1.0
2026-03-20 09:34:00,13.53,5.0,1.706,1.0
2026-03-20 09:35:00,13.36,5.0,1.672,1.0
2026-03-20 09:36:00,12.77,5.0,1.5539999999999998,1.0
2026-03-20 09:37:00,14.13,5.0,1.826,1.0
2026-03-20 09:38:00,14.18,5.0,1.8359999999999999,1.0
2026-03-20 09:39:00,13.93,5.0,1.786,1.0
2026-03-20 09:40:00,14.79,5.0,1.9579999999999997,1.0
2026-03-20 09:41:00,15.07,5.0,2.0140000000000002,1.0
2026-03-20 09:42:00,14.58,5.0,1.916,1.0
2026-03-20 09:43:00,14.25,5.0,1.85,1.0
2026-03-20 09:44:00,11.12,5.0,1.2239999999999998,1.0
2026-03-20 09:45:00,14.3,5.0,1.86,1.0
2026-03-20 09:46:00,14.28,5.0,1.8559999999999999,1.0
2026-03-20 09:47:00,14.68,5.0,1.936,1.0
2026-03-20 09:48:00,14.48,5.0,1.8960000000000001,1.0
2026-03-20 09:49:00,14.44,5.0,1.888,1.0
2026-03-20 09:50:00,14.74,5.0,1.948,1.0
2026-03-20 09:51:00,15.57,5.0,2.114,1.0
2026-03-20 09:52:00,15.95,5.0,2.19,1.0
2026-03-20 09:53:00,15.86,5.0,2.1719999999999997,1.0
2026-03-20 09:54:00,15.82,5.0,2.164,1.0
2026-03-20 09:55:00,15.72,5.0,2.144,1.0
2026-03-20 09:56:00,15.77,5.0,2.154,1.0
2026-03-20 09:57:00,16.03,5.0,2.2060000000000004,1.0
2026-03-20 09:58:00,15.7,5.0,2.1399999999999997,1.0
2026-03-20 10:02:00,17.06,5.0,2.412,1.0
2026-03-20 10:03:00,16.18,5.0,2.2359999999999998,1.0
2026-03-20 10:04:00,17.59,5.0,2.518,1.0
2026-03-20 10:05:00,17.25,5.0,2.45,1.0
2026-03-20 10:06:00,18.27,5.0,2.654,1.0
2026-03-20 10:07:00,18.17,5.0,2.6340000000000003,1.0
2026-03-20 10:08:00,18.14,5.0,2.628,1.0
2026-03-20 10:09:00,18.46,5.0,2.692,1.0
2026-03-20 10:10:00,18.39,5.0,2.678,1.0
2026-03-20 10:11:00,18.37,5.0,2.6740000000000004,1.0
2026-03-20 10:12:00,18.37,5.0,2.6740000000000004,1.0
2026-03-20 10:13:00,17.78,5.0,2.556,1.0
2026-03-20 10:14:00,16.9,5.0,2.38,1.0
2026-03-20 10:15:00,16.63,5.0,2.3259999999999996,1.0
2026-03-20 10:16:00,16.66,5.0,2.332,1.0
2026-03-20 10:17:00,16.46,5.0,2.2920000000000003,1.0
2026-03-20 10:18:00,16.42,5.0,2.2840000000000003,1.0
2026-03-20 10:19:00,16.4,5.0,2.28,1.0
2026-03-20 10:20:00,16.34,5.0,2.268,1.0
2026-03-20 10:21:00,16.53,5.0,2.306,1.0
2026-03-20 10:22:00,16.61,5.0,2.322,1.0
2026-03-20 10:23:00,16.73,5.0,2.346,1.0
2026-03-20 10:24:00,16.72,5.0,2.344,1.0
2026-03-20 10:25:00,16.66,5.0,2.332,1.0
2026-03-20 10:26:00,16.73,5.0,2.346,1.0
2026-03-20 10:27:00,16.68,5.0,2.336,1.0
2026-03-20 10:28:00,16.62,5.0,2.3240000000000003,1.0
2026-03-20 10:29:00,16.73,5.0,2.346,1.0
2026-03-20 10:30:00,16.66,5.0,2.332,1.0
2026-03-20 10:32:00,16.25,5.0,2.25,1.0
2026-03-20 10:33:00,15.76,5.0,2.152,1.0
2026-03-20 10:34:00,16.51,5.0,2.3020000000000005,1.0
2026-03-20 10:35:00,16.57,5.0,2.314,1.0
2026-03-20 10:36:00,16.78,5.0,2.3560000000000003,1.0
2026-03-20 10:37:00,16.92,5.0,2.3840000000000003,1.0
2026-03-20 10:38:00,16.9,5.0,2.38,1.0
2026-03-20 10:39:00,16.67,5.0,2.3340000000000005,1.0
2026-03-20 10:40:00,16.47,5.0,2.2939999999999996,1.0
2026-03-20 10:41:00,16.15,5.0,2.2299999999999995,1.0
2026-03-20 10:42:00,15.82,5.0,2.164,1.0
2026-03-20 10:43:00,15.61,5.0,2.122,1.0
2026-03-20 10:44:00,15.93,5.0,2.186,1.0
2026-03-20 10:45:00,15.77,5.0,2.154,1.0
2026-03-20 10:46:00,15.61,5.0,2.122,1.0
2026-03-20 10:47:00,14.89,5.0,1.9780000000000002,1.0
2026-03-20 10:48:00,14.62,5.0,1.924,1.0
2026-03-20 10:49:00,14.75,5.0,1.95,1.0
2026-03-20 10:50:00,14.92,5.0,1.984,1.0
2026-03-20 10:51:00,15.3,5.0,2.06,1.0
2026-03-20 10:52:00,15.49,5.0,2.098,1.0
2026-03-20 10:53:00,15.24,5.0,2.048,1.0
2026-03-20 10:54:00,14.68,5.0,1.936,1.0
2026-03-20 10:55:00,14.67,5.0,1.934,1.0
2026-03-20 10:56:00,14.63,5.0,1.9260000000000002,1.0
2026-03-20 10:57:00,15.36,5.0,2.072,1.0
2026-03-20 10:58:00,15.44,5.0,2.088,1.0
2026-03-20 10:59:00,15.97,5.0,2.194,1.0
2026-03-20 11:00:00,17.22,5.0,2.444,1.0
2026-03-20 11:01:00,17.2,5.0,2.44,1.0
2026-03-20 11:02:00,17.74,5.0,2.5479999999999996,1.0
2026-03-20 11:03:00,18.04,5.0,2.6079999999999997,1.0
2026-03-20 11:04:00,18.08,5.0,2.6159999999999997,1.0
2026-03-20 11:05:00,18.1,5.0,2.62,1.0
2026-03-20 11:06:00,18.09,5.0,2.618,1.0
2026-03-20 11:07:00,18.15,5.0,2.63,1.0
2026-03-20 11:08:00,18.2,5.0,2.6399999999999997,1.0
2026-03-20 11:09:00,18.31,5.0,2.662,1.0
2026-03-20 11:10:00,18.29,5.0,2.658,1.0
2026-03-20 11:11:00,18.23,5.0,2.646,1.0
2026-03-20 11:12:00,18.21,5.0,2.6420000000000003,1.0
2026-03-20 11:13:00,18.35,5.0,2.6700000000000004,1.0
2026-03-20 11:14:00,18.45,5.0,2.69,1.0
2026-03-20 11:15:00,18.38,5.0,2.6759999999999997,1.0
2026-03-20 11:16:00,18.06,5.0,2.6119999999999997,1.0
2026-03-20 11:17:00,18.06,5.0,2.6119999999999997,1.0
2026-03-20 11:18:00,18.04,5.0,2.6079999999999997,1.0
2026-03-20 11:19:00,18.02,5.0,2.604,1.0
2026-03-20 11:20:00,18.05,5.0,2.6100000000000003,1.0
2026-03-20 11:21:00,18.08,5.0,2.6159999999999997,1.0
2026-03-20 11:22:00,18.09,5.0,2.618,1.0
2026-03-20 11:23:00,18.14,5.0,2.628,1.0
2026-03-20 11:24:00,18.26,5.0,2.652,1.0
2026-03-20 11:25:00,18.36,5.0,2.6719999999999997,1.0
2026-03-20 11:26:00,18.45,5.0,2.69,1.0
2026-03-20 11:27:00,18.29,5.0,2.658,1.0
2026-03-20 11:28:00,18.33,5.0,2.6659999999999995,1.0
2026-03-20 11:29:00,18.1,5.0,2.62,1.0
2026-03-20 11:30:00,18.05,5.0,2.6100000000000003,1.0
2026-03-20 11:31:00,17.71,5.0,2.5420000000000003,1.0
2026-03-20 11:32:00,18.33,5.0,2.6659999999999995,1.0
2026-03-20 11:33:00,18.16,5.0,2.632,1.0
2026-03-20 11:34:00,18.22,5.0,2.6439999999999997,1.0
2026-03-20 11:35:00,18.23,5.0,2.646,1.0
2026-03-20 11:36:00,18.24,5.0,2.6479999999999997,1.0
2026-03-20 11:37:00,18.37,5.0,2.6740000000000004,1.0
2026-03-20 11:38:00,18.59,5.0,2.718,1.0
2026-03-20 11:39:00,18.45,5.0,2.69,1.0
2026-03-20 11:40:00,18.6,5.0,2.72,1.0
2026-03-20 11:41:00,18.67,5.0,2.7340000000000004,1.0
2026-03-20 11:42:00,18.63,5.0,2.726,1.0
2026-03-20 11:43:00,18.42,5.0,2.684,1.0
2026-03-20 11:44:00,18.35,5.0,2.6700000000000004,1.0
2026-03-20 11:45:00,18.36,5.0,2.6719999999999997,1.0
2026-03-20 11:46:00,18.47,5.0,2.694,1.0
2026-03-20 11:47:00,18.49,5.0,2.6979999999999995,1.0
2026-03-20 11:48:00,18.45,5.0,2.69,1.0
2026-03-20 11:49:00,18.83,5.0,2.7659999999999996,1.0
2026-03-20 11:50:00,18.88,5.0,2.776,1.0
2026-03-20 11:51:00,18.83,5.0,2.7659999999999996,1.0
2026-03-20 11:52:00,19.02,5.0,2.804,1.0
2026-03-20 11:53:00,19.2,5.0,2.84,1.0
2026-03-20 11:54:00,19.25,5.0,2.85,1.0
2026-03-20 11:55:00,19.27,5.0,2.854,1.0
2026-03-20 11:56:00,19.22,5.0,2.844,1.0
2026-03-20 11:57:00,19.23,5.0,2.846,1.0
2026-03-20 11:58:00,19.27,5.0,2.854,1.0
2026-03-20 11:59:00,19.29,5.0,2.8579999999999997,1.0
2026-03-20 12:00:00,19.26,5.0,2.8520000000000003,1.0
2026-03-20 12:01:00,19.25,5.0,2.85,1.0
2026-03-20 12:02:00,19.24,5.0,2.848,1.0
2026-03-20 12:03:00,19.24,5.0,2.848,1.0
2026-03-20 12:04:00,19.18,5.0,2.836,1.0
2026-03-20 12:05:00,19.08,5.0,2.816,1.0
2026-03-20 12:06:00,19.12,5.0,2.8240000000000003,1.0
2026-03-20 12:07:00,19.19,5.0,2.838,1.0
2026-03-20 12:08:00,19.19,5.0,2.838,1.0
2026-03-20 12:09:00,19.06,5.0,2.812,1.0
2026-03-20 12:10:00,18.65,5.0,2.7299999999999995,1.0
2026-03-20 12:11:00,18.61,5.0,2.722,1.0
2026-03-20 12:12:00,18.5,5.0,2.7,1.0
2026-03-20 12:13:00,18.95,5.0,2.79,1.0
2026-03-20 12:14:00,19.27,5.0,2.854,1.0
2026-03-20 12:15:00,19.26,5.0,2.8520000000000003,1.0
2026-03-20 12:16:00,19.2,5.0,2.84,1.0
2026-03-20 12:17:00,19.23,5.0,2.846,1.0
2026-03-20 12:18:00,19.25,5.0,2.85,1.0
2026-03-20 12:19:00,19.34,5.0,2.868,1.0
2026-03-20 12:20:00,19.34,5.0,2.868,1.0
2026-03-20 12:21:00,19.25,5.0,2.85,1.0
2026-03-20 12:22:00,19.15,5.0,2.8299999999999996,1.0
2026-03-20 12:23:00,19.13,5.0,2.8259999999999996,1.0
2026-03-20 12:24:00,18.85,5.0,2.7700000000000005,1.0
2026-03-20 12:25:00,18.23,5.0,2.646,1.0
2026-03-20 12:26:00,18.42,5.0,2.684,1.0
2026-03-20 12:27:00,18.58,5.0,2.7159999999999997,1.0
2026-03-20 12:28:00,18.67,5.0,2.7340000000000004,1.0
2026-03-20 12:29:00,18.64,5.0,2.728,1.0
2026-03-20 12:30:00,18.71,5.0,2.742,1.0
2026-03-20 12:31:00,18.79,5.0,2.758,1.0
2026-03-20 12:32:00,18.74,5.0,2.7479999999999998,1.0
2026-03-20 12:33:00,18.65,5.0,2.7299999999999995,1.0
2026-03-20 12:34:00,18.55,5.0,2.71,1.0
2026-03-20 12:35:00,18.56,5.0,2.7119999999999997,1.0
2026-03-20 12:36:00,18.83,5.0,2.7659999999999996,1.0
2026-03-20 12:37:00,18.8,5.0,2.7600000000000002,1.0
2026-03-20 12:38:00,18.4,5.0,2.6799999999999997,1.0
2026-03-20 12:39:00,18.38,5.0,2.6759999999999997,1.0
2026-03-20 12:40:00,18.13,5.0,2.626,1.0
2026-03-20 12:41:00,17.97,5.0,2.594,1.0
2026-03-20 12:42:00,18.01,5.0,2.6020000000000003,1.0
2026-03-20 12:43:00,18.19,5.0,2.6380000000000003,1.0
2026-03-20 12:44:00,18.18,5.0,2.636,1.0
2026-03-20 12:45:00,18.03,5.0,2.6060000000000003,1.0
2026-03-20 12:46:00,17.76,5.0,2.5520000000000005,1.0
2026-03-20 12:47:00,17.34,5.0,2.468,1.0
2026-03-20 12:48:00,18.16,5.0,2.632,1.0
2026-03-20 12:49:00,18.16,5.0,2.632,1.0
2026-03-20 12:50:00,18.22,5.0,2.6439999999999997,1.0
2026-03-20 12:51:00,17.9,5.0,2.5799999999999996,1.0
2026-03-20 12:52:00,18.46,5.0,2.692,1.0
2026-03-20 12:53:00,18.2,5.0,2.6399999999999997,1.0
2026-03-20 12:54:00,18.57,5.0,2.714,1.0
2026-03-20 12:55:00,18.51,5.0,2.7020000000000004,1.0
2026-03-20 12:56:00,18.54,5.0,2.7079999999999997,1.0
2026-03-20 12:57:00,18.5,5.0,2.7,1.0
2026-03-20 12:58:00,18.2,5.0,2.6399999999999997,1.0
2026-03-20 12:59:00,18.46,5.0,2.692,1.0
2026-03-20 13:00:00,18.76,5.0,2.7520000000000002,1.0
2026-03-20 13:01:00,18.62,5.0,2.724,1.0
2026-03-20 13:02:00,18.86,5.0,2.772,1.0
2026-03-20 13:03:00,18.91,5.0,2.782,1.0
2026-03-20 13:04:00,19.02,5.0,2.804,1.0
2026-03-20 13:05:00,19.04,5.0,2.808,1.0
2026-03-20 13:06:00,19.08,5.0,2.816,1.0
2026-03-20 13:07:00,19.05,5.0,2.81,1.0
2026-03-20 13:08:00,19.19,5.0,2.838,1.0
2026-03-20 13:09:00,19.38,5.0,2.876,1.0
2026-03-20 13:10:00,19.32,5.0,2.864,1.0
2026-03-20 13:13:00,19.36,5.0,2.872,1.0
2026-03-20 13:14:00,19.55,5.0,2.91,1.0
2026-03-20 13:15:00,19.51,5.0,2.902,1.0
2026-03-20 13:16:00,19.55,5.0,2.91,1.0
2026-03-20 13:17:00,19.66,5.0,2.932,1.0
2026-03-20 13:18:00,19.62,5.0,2.9240000000000004,1.0
2026-03-20 13:19:00,19.65,5.0,2.9299999999999997,1.0
2026-03-20 13:20:00,19.4,5.0,2.88,1.0
2026-03-20 13:21:00,19.34,5.0,2.868,1.0
2026-03-20 13:22:00,19.11,5.0,2.822,1.0
2026-03-20 13:23:00,18.99,5.0,2.7979999999999996,1.0
2026-03-20 13:24:00,18.99,5.0,2.7979999999999996,1.0
2026-03-20 13:25:00,19.06,5.0,2.812,1.0
2026-03-20 13:26:00,19.09,5.0,2.818,1.0
2026-03-20 13:27:00,19.0,5.0,2.8,1.0
2026-03-20 13:28:00,18.97,5.0,2.7939999999999996,1.0
2026-03-20 13:29:00,19.06,5.0,2.812,1.0
2026-03-20 13:30:00,19.18,5.0,2.836,1.0
2026-03-20 13:31:00,19.21,5.0,2.842,1.0
2026-03-20 13:32:00,19.32,5.0,2.864,1.0
2026-03-20 13:33:00,19.48,5.0,2.896,1.0
2026-03-20 13:34:00,19.76,5.0,2.9520000000000004,1.0
2026-03-20 13:35:00,19.56,5.0,2.912,1.0
2026-03-20 13:36:00,19.67,5.0,2.934,1.0
2026-03-20 13:37:00,19.58,5.0,2.9159999999999995,1.0
2026-03-20 13:38:00,19.69,5.0,2.938,1.0
2026-03-20 13:39:00,19.69,5.0,2.938,1.0
2026-03-20 13:40:00,19.67,5.0,2.934,1.0
2026-03-20 13:41:00,19.62,5.0,2.9240000000000004,1.0
2026-03-20 13:42:00,19.65,5.0,2.9299999999999997,1.0
2026-03-20 13:43:00,19.59,5.0,2.918,1.0
2026-03-20 13:45:00,19.5,5.0,2.9,1.0
2026-03-20 13:46:00,19.68,5.0,2.936,1.0
2026-03-20 13:47:00,19.65,5.0,2.9299999999999997,1.0
2026-03-20 13:48:00,19.75,5.0,2.95,1.0
2026-03-20 13:49:00,19.7,5.0,2.94,1.0
2026-03-20 13:50:00,19.74,5.0,2.9479999999999995,1.0
2026-03-20 13:51:00,19.73,5.0,2.946,1.0
2026-03-20 13:52:00,19.74,5.0,2.9479999999999995,1.0
2026-03-20 13:53:00,19.77,5.0,2.9539999999999997,1.0
2026-03-20 13:55:00,19.78,5.0,2.9560000000000004,1.0
2026-03-20 13:56:00,19.83,5.0,2.9659999999999997,1.0
2026-03-20 13:57:00,19.94,5.0,2.9880000000000004,1.0
2026-03-20 13:58:00,19.95,5.0,2.9899999999999998,1.0
2026-03-20 13:59:00,19.93,5.0,2.9859999999999998,1.0
2026-03-20 14:00:00,19.9,5.0,2.9799999999999995,1.0
2026-03-20 14:01:00,19.87,5.0,2.974,1.0
2026-03-20 14:04:00,19.94,5.0,2.9880000000000004,1.0
2026-03-20 14:05:00,19.92,5.0,2.9840000000000004,1.0
2026-03-20 14:06:00,19.9,5.0,2.9799999999999995,1.0
2026-03-20 14:07:00,19.91,5.0,2.982,1.0
2026-03-20 14:08:00,19.89,5.0,2.978,1.0
2026-03-20 14:09:00,19.89,5.0,2.978,1.0
2026-03-20 14:10:00,19.91,5.0,2.982,1.0
2026-03-20 14:11:00,19.91,5.0,2.982,1.0
2026-03-20 14:12:00,19.9,5.0,2.9799999999999995,1.0
2026-03-20 14:13:00,19.9,5.0,2.9799999999999995,1.0
2026-03-20 14:14:00,19.93,5.0,2.9859999999999998,1.0
2026-03-20 14:18:00,19.9,5.0,2.9799999999999995,1.0
2026-03-20 14:19:00,19.96,5.0,2.992,1.0
2026-03-20 14:20:00,19.94,5.0,2.9880000000000004,1.0
2026-03-20 14:21:00,19.89,5.0,2.978,1.0
2026-03-20 14:22:00,19.9,5.0,2.9799999999999995,1.0
2026-03-20 14:23:00,19.93,5.0,2.9859999999999998,1.0
2026-03-20 14:24:00,19.95,5.0,2.9899999999999998,1.0
2026-03-20 14:25:00,19.93,5.0,2.9859999999999998,1.0
2026-03-20 14:26:00,20.03,5.0,3.0060000000000002,1.0
2026-03-20 14:27:00,19.98,5.0,2.996,1.0
2026-03-20 14:28:00,19.93,5.0,2.9859999999999998,1.0
2026-03-20 14:29:00,19.92,5.0,2.9840000000000004,1.0
2026-03-20 14:30:00,19.96,5.0,2.992,1.0
2026-03-20 14:33:00,19.96,5.0,2.992,1.0
2026-03-20 14:34:00,19.94,5.0,2.9880000000000004,1.0
2026-03-20 14:35:00,19.97,5.0,2.9939999999999998,1.0
2026-03-20 14:36:00,19.6,5.0,2.9200000000000004,1.0
2026-03-20 14:37:00,19.3,5.0,2.8600000000000003,1.0
2026-03-20 14:38:00,19.11,5.0,2.822,1.0
2026-03-20 14:39:00,18.83,5.0,2.7659999999999996,1.0
2026-03-20 14:40:00,18.82,5.0,2.7640000000000002,1.0
2026-03-20 14:41:00,19.01,5.0,2.8020000000000005,1.0
2026-03-20 14:42:00,19.03,5.0,2.806,1.0
2026-03-20 14:43:00,18.69,5.0,2.7380000000000004,1.0
2026-03-20 14:44:00,18.66,5.0,2.732,1.0
2026-03-20 14:45:00,18.64,5.0,2.728,1.0
2026-03-20 14:46:00,18.48,5.0,2.696,1.0
2026-03-20 14:47:00,18.5,5.0,2.7,1.0
2026-03-20 14:48:00,18.3,5.0,2.66,1.0
2026-03-20 14:51:00,17.73,5.0,2.5460000000000003,1.0
2026-03-20 14:52:00,17.57,5.0,2.5140000000000002,1.0
2026-03-20 14:53:00,17.21,5.0,2.442,1.0
2026-03-20 14:54:00,17.39,5.0,2.478,1.0
2026-03-20 14:55:00,17.24,5.0,2.4479999999999995,1.0
2026-03-20 14:56:00,17.17,5.0,2.434,1.0
2026-03-20 14:57:00,16.98,5.0,2.396,1.0
2026-03-20 14:58:00,16.76,5.0,2.3520000000000003,1.0
2026-03-20 14:59:00,16.87,5.0,2.374,1.0
2026-03-20 15:00:00,16.86,5.0,2.372,1.0
2026-03-20 15:01:00,16.58,5.0,2.316,1.0
2026-03-20 15:02:00,16.99,5.0,2.3979999999999997,1.0
2026-03-20 15:03:00,18.53,5.0,2.7060000000000004,1.0
2026-03-20 15:04:00,18.84,5.0,2.768,1.0
2026-03-20 15:05:00,19.21,5.0,2.842,1.0
2026-03-20 15:06:00,19.26,5.0,2.8520000000000003,1.0
2026-03-20 15:07:00,19.36,5.0,2.872,1.0
2026-03-20 15:08:00,19.12,5.0,2.8240000000000003,1.0
2026-03-20 15:09:00,19.0,5.0,2.8,1.0
2026-03-20 15:10:00,19.07,5.0,2.814,1.0
2026-03-20 15:11:00,19.32,5.0,2.864,1.0
2026-03-20 15:12:00,19.17,5.0,2.8340000000000005,1.0
2026-03-20 15:13:00,19.02,5.0,2.804,1.0
2026-03-20 15:14:00,19.06,5.0,2.812,1.0
2026-03-20 15:15:00,19.11,5.0,2.822,1.0
2026-03-20 15:16:00,19.08,5.0,2.816,1.0
2026-03-20 15:17:00,19.15,5.0,2.8299999999999996,1.0
2026-03-20 15:18:00,19.17,5.0,2.8340000000000005,1.0
2026-03-20 15:19:00,19.1,5.0,2.8200000000000003,1.0
2026-03-20 15:20:00,18.94,5.0,2.7880000000000003,1.0
2026-03-20 15:21:00,19.03,5.0,2.806,1.0
2026-03-20 15:24:00,19.08,5.0,2.816,1.0
2026-03-20 15:25:00,19.17,5.0,2.8340000000000005,1.0
2026-03-20 15:26:00,19.18,5.0,2.836,1.0
2026-03-20 15:27:00,19.2,5.0,2.84,1.0
2026-03-20 15:28:00,19.21,5.0,2.842,1.0
2026-03-20 15:29:00,19.22,5.0,2.844,1.0
2026-03-20 15:30:00,19.26,5.0,2.8520000000000003,1.0
2026-03-20 15:31:00,19.3,5.0,2.8600000000000003,1.0
2026-03-20 15:32:00,19.34,5.0,2.868,1.0
2026-03-20 15:33:00,19.38,5.0,2.876,1.0
2026-03-20 15:34:00,19.41,5.0,2.882,1.0
2026-03-20 15:35:00,19.49,5.0,2.8979999999999997,1.0
2026-03-20 15:36:00,19.44,5.0,2.8880000000000003,1.0
2026-03-20 15:37:00,19.48,5.0,2.896,1.0
2026-03-20 15:38:00,19.5,5.0,2.9,1.0
2026-03-20 15:39:00,19.46,5.0,2.8920000000000003,1.0
2026-03-20 15:40:00,19.37,5.0,2.874,1.0
2026-03-20 15:41:00,19.37,5.0,2.874,1.0
2026-03-20 15:42:00,19.4,5.0,2.88,1.0
2026-03-20 15:43:00,19.43,5.0,2.886,1.0
2026-03-20 15:44:00,19.36,5.0,2.872,1.0
2026-03-20 15:45:00,19.33,5.0,2.8659999999999997,1.0
2026-03-20 15:46:00,19.34,5.0,2.868,1.0
2026-03-20 15:47:00,19.39,5.0,2.878,1.0
2026-03-20 15:48:00,19.44,5.0,2.8880000000000003,1.0
2026-03-20 15:49:00,19.47,5.0,2.8939999999999997,1.0
2026-03-20 15:50:00,19.41,5.0,2.882,1.0
2026-03-20 15:51:00,19.32,5.0,2.864,1.0
2026-03-20 15:52:00,19.33,5.0,2.8659999999999997,1.0
2026-03-20 15:53:00,19.4,5.0,2.88,1.0
2026-03-20 15:54:00,19.44,5.0,2.8880000000000003,1.0
2026-03-20 15:57:00,19.5,5.0,2.9,1.0
2026-03-20 16:03:00,19.63,5.0,2.9259999999999997,1.0
2026-03-20 16:04:00,19.63,5.0,2.9259999999999997,1.0
2026-03-20 16:05:00,19.63,5.0,2.9259999999999997,1.0
2026-03-20 16:06:00,19.61,5.0,2.9219999999999997,1.0
2026-03-20 16:07:00,19.62,5.0,2.9240000000000004,1.0
2026-03-20 16:08:00,19.59,5.0,2.918,1.0
2026-03-20 16:09:00,19.55,5.0,2.91,1.0
2026-03-20 16:10:00,19.17,5.0,2.8340000000000005,1.0
2026-03-20 16:11:00,19.15,5.0,2.8299999999999996,1.0
2026-03-20 16:12:00,19.37,5.0,2.874,1.0
2026-03-20 16:13:00,19.34,5.0,2.868,1.0
2026-03-20 16:14:00,19.36,5.0,2.872,1.0
2026-03-20 16:15:00,19.37,5.0,2.874,1.0
2026-03-20 16:16:00,19.29,5.0,2.8579999999999997,1.0
2026-03-20 16:17:00,19.34,5.0,2.868,1.0
2026-03-20 16:18:00,19.29,5.0,2.8579999999999997,1.0
2026-03-20 16:19:00,19.17,5.0,2.8340000000000005,1.0
2026-03-20 16:20:00,19.15,5.0,2.8299999999999996,1.0
2026-03-20 16:21:00,19.16,5.0,2.832,1.0
2026-03-20 16:22:00,19.15,5.0,2.8299999999999996,1.0
2026-03-20 16:23:00,19.13,5.0,2.8259999999999996,1.0
2026-03-20 16:24:00,19.12,5.0,2.8240000000000003,1.0
2026-03-20 16:25:00,19.19,5.0,2.838,1.0
2026-03-20 16:26:00,19.32,5.0,2.864,1.0
2026-03-20 16:27:00,19.39,5.0,2.878,1.0
2026-03-20 16:30:00,19.28,5.0,2.8560000000000003,1.0
2026-03-20 16:31:00,19.14,5.0,2.8280000000000003,1.0
2026-03-20 16:32:00,19.21,5.0,2.842,1.0
2026-03-20 16:33:00,19.28,5.0,2.8560000000000003,1.0
2026-03-20 16:34:00,19.28,5.0,2.8560000000000003,1.0
2026-03-20 16:35:00,19.29,5.0,2.8579999999999997,1.0
2026-03-20 16:36:00,19.3,5.0,2.8600000000000003,1.0
2026-03-20 16:37:00,19.29,5.0,2.8579999999999997,1.0
2026-03-20 16:38:00,19.29,5.0,2.8579999999999997,1.0
2026-03-20 16:39:00,19.27,5.0,2.854,1.0
2026-03-20 16:40:00,19.16,5.0,2.832,1.0
2026-03-20 16:41:00,19.13,5.0,2.8259999999999996,1.0
2026-03-20 16:42:00,19.13,5.0,2.8259999999999996,1.0
2026-03-20 16:43:00,19.13,5.0,2.8259999999999996,1.0
2026-03-20 16:44:00,19.16,5.0,2.832,1.0
2026-03-20 16:45:00,19.16,5.0,2.832,1.0
2026-03-20 16:46:00,19.17,5.0,2.8340000000000005,1.0
2026-03-20 16:47:00,19.14,5.0,2.8280000000000003,1.0
2026-03-20 16:48:00,19.11,5.0,2.822,1.0
2026-03-20 16:49:00,19.18,5.0,2.836,1.0
2026-03-20 16:51:00,19.02,5.0,2.804,1.0
2026-03-20 16:52:00,18.8,5.0,2.7600000000000002,1.0
2026-03-20 16:53:00,18.6,5.0,2.72,1.0
2026-03-20 16:54:00,18.59,5.0,2.718,1.0
2026-03-20 16:55:00,18.59,5.0,2.718,1.0
2026-03-20 16:56:00,18.61,5.0,2.722,1.0
2026-03-20 16:57:00,18.6,5.0,2.72,1.0
2026-03-20 16:58:00,18.71,5.0,2.742,1.0
2026-03-20 16:59:00,18.68,5.0,2.7359999999999998,1.0
2026-03-20 17:00:00,18.72,5.0,2.7439999999999998,1.0
2026-03-20 17:01:00,18.73,5.0,2.746,1.0
2026-03-20 17:02:00,18.68,5.0,2.7359999999999998,1.0
2026-03-20 17:03:00,18.65,5.0,2.7299999999999995,1.0
2026-03-20 17:04:00,18.4,5.0,2.6799999999999997,1.0
2026-03-20 17:05:00,18.46,5.0,2.692,1.0
2026-03-20 17:06:00,18.46,5.0,2.692,1.0
2026-03-20 17:07:00,18.47,5.0,2.694,1.0
2026-03-20 17:08:00,18.39,5.0,2.678,1.0
2026-03-20 17:09:00,18.38,5.0,2.6759999999999997,1.0
2026-03-20 17:10:00,18.38,5.0,2.6759999999999997,1.0
2026-03-20 17:11:00,18.47,5.0,2.694,1.0
2026-03-20 17:12:00,18.51,5.0,2.7020000000000004,1.0
2026-03-20 17:13:00,18.47,5.0,2.694,1.0
2026-03-20 17:14:00,18.49,5.0,2.6979999999999995,1.0
2026-03-20 17:15:00,18.43,5.0,2.686,1.0
2026-03-20 17:16:00,18.4,5.0,2.6799999999999997,1.0
2026-03-20 17:17:00,18.37,5.0,2.6740000000000004,1.0
2026-03-20 17:18:00,18.27,5.0,2.654,1.0
2026-03-20 17:19:00,18.2,5.0,2.6399999999999997,1.0
2026-03-20 17:20:00,18.15,5.0,2.63,1.0
2026-03-20 17:21:00,18.16,5.0,2.632,1.0
2026-03-20 17:22:00,18.19,5.0,2.6380000000000003,1.0
2026-03-20 17:23:00,18.27,5.0,2.654,1.0
2026-03-20 17:24:00,18.29,5.0,2.658,1.0
2026-03-20 17:25:00,18.28,5.0,2.656,1.0
2026-03-20 17:26:00,18.34,5.0,2.668,1.0
2026-03-20 17:27:00,18.52,5.0,2.7039999999999997,1.0
2026-03-20 17:28:00,18.71,5.0,2.742,1.0
2026-03-20 17:29:00,18.71,5.0,2.742,1.0
2026-03-20 17:30:00,18.63,5.0,2.726,1.0
2026-03-20 17:31:00,18.69,5.0,2.7380000000000004,1.0
2026-03-20 17:32:00,18.73,5.0,2.746,1.0
2026-03-20 17:33:00,18.61,5.0,2.722,1.0
2026-03-20 17:34:00,18.68,5.0,2.7359999999999998,1.0
2026-03-20 17:35:00,18.67,5.0,2.7340000000000004,1.0
2026-03-20 17:38:00,18.52,5.0,2.7039999999999997,1.0
2026-03-20 17:39:00,18.52,5.0,2.7039999999999997,1.0
2026-03-20 17:40:00,18.59,5.0,2.718,1.0
2026-03-20 17:41:00,18.61,5.0,2.722,1.0
2026-03-20 17:42:00,18.57,5.0,2.714,1.0
2026-03-20 17:43:00,18.51,5.0,2.7020000000000004,1.0
2026-03-20 17:44:00,18.51,5.0,2.7020000000000004,1.0
2026-03-20 17:45:00,18.52,5.0,2.7039999999999997,1.0
2026-03-20 17:46:00,18.44,5.0,2.688,1.0
2026-03-20 17:47:00,18.35,5.0,2.6700000000000004,1.0
2026-03-20 17:48:00,18.31,5.0,2.662,1.0
2026-03-20 17:49:00,18.3,5.0,2.66,1.0
2026-03-20 17:50:00,18.33,5.0,2.6659999999999995,1.0
2026-03-20 17:51:00,18.35,5.0,2.6700000000000004,1.0
2026-03-20 17:52:00,18.32,5.0,2.664,1.0
2026-03-20 17:53:00,18.33,5.0,2.6659999999999995,1.0
2026-03-20 17:54:00,18.37,5.0,2.6740000000000004,1.0
2026-03-20 17:55:00,18.44,5.0,2.688,1.0
2026-03-20 17:56:00,18.84,5.0,2.768,1.0
2026-03-20 17:57:00,18.92,5.0,2.7840000000000003,1.0
2026-03-20 17:58:00,18.85,5.0,2.7700000000000005,1.0
2026-03-20 17:59:00,18.89,5.0,2.778,1.0
2026-03-20 18:00:00,19.02,5.0,2.804,1.0
2026-03-20 18:01:00,19.08,5.0,2.816,1.0
2026-03-20 18:02:00,19.1,5.0,2.8200000000000003,1.0
2026-03-20 18:03:00,19.17,5.0,2.8340000000000005,1.0
2026-03-20 18:04:00,19.28,5.0,2.8560000000000003,1.0
2026-03-20 18:05:00,19.31,5.0,2.8619999999999997,1.0
2026-03-20 18:06:00,19.47,5.0,2.8939999999999997,1.0
2026-03-20 18:07:00,19.49,5.0,2.8979999999999997,1.0
2026-03-20 18:08:00,19.57,5.0,2.914,1.0
2026-03-20 18:09:00,19.57,5.0,2.914,1.0
2026-03-20 18:10:00,19.56,5.0,2.912,1.0
2026-03-20 18:11:00,19.62,5.0,2.9240000000000004,1.0
2026-03-20 18:12:00,19.58,5.0,2.9159999999999995,1.0
2026-03-20 18:13:00,19.52,5.0,2.904,1.0
2026-03-20 18:14:00,19.56,5.0,2.912,1.0
2026-03-20 18:15:00,19.54,5.0,2.908,1.0
2026-03-20 18:16:00,19.52,5.0,2.904,1.0
2026-03-20 18:17:00,19.56,5.0,2.912,1.0
2026-03-20 18:18:00,19.58,5.0,2.9159999999999995,1.0
2026-03-20 18:19:00,19.64,5.0,2.928,1.0
2026-03-20 18:20:00,19.7,5.0,2.94,1.0
2026-03-20 18:21:00,19.52,5.0,2.904,1.0
2026-03-20 18:22:00,19.55,5.0,2.91,1.0
2026-03-20 18:23:00,19.37,5.0,2.874,1.0
2026-03-20 18:24:00,19.36,5.0,2.872,1.0
2026-03-20 18:25:00,19.41,5.0,2.882,1.0
2026-03-20 18:26:00,19.32,5.0,2.864,1.0
2026-03-20 18:27:00,18.78,5.0,2.7560000000000002,1.0
2026-03-20 18:28:00,19.4,5.0,2.88,1.0
2026-03-20 18:29:00,19.22,5.0,2.844,1.0
2026-03-20 18:30:00,18.41,5.0,2.682,1.0
2026-03-20 18:31:00,18.2,5.0,2.6399999999999997,1.0
2026-03-20 18:32:00,18.25,5.0,2.65,1.0
2026-03-20 18:33:00,18.22,5.0,2.6439999999999997,1.0
2026-03-20 18:34:00,18.28,5.0,2.656,1.0
2026-03-20 18:35:00,18.21,5.0,2.6420000000000003,1.0
2026-03-20 18:36:00,18.23,5.0,2.646,1.0
2026-03-20 18:37:00,18.25,5.0,2.65,1.0
2026-03-20 18:38:00,18.28,5.0,2.656,1.0
2026-03-20 18:39:00,18.42,5.0,2.684,1.0
2026-03-20 18:40:00,18.56,5.0,2.7119999999999997,1.0
2026-03-20 18:41:00,18.58,5.0,2.7159999999999997,1.0
2026-03-20 18:44:00,18.64,5.0,2.728,1.0
2026-03-20 18:45:00,18.78,5.0,2.7560000000000002,1.0
2026-03-20 18:46:00,18.97,5.0,2.7939999999999996,1.0
2026-03-20 18:47:00,18.95,5.0,2.79,1.0
2026-03-20 18:48:00,18.97,5.0,2.7939999999999996,1.0
2026-03-20 18:49:00,19.05,5.0,2.81,1.0
2026-03-20 18:50:00,19.05,5.0,2.81,1.0
2026-03-20 18:51:00,18.94,5.0,2.7880000000000003,1.0
2026-03-20 18:52:00,19.01,5.0,2.8020000000000005,1.0
2026-03-20 18:53:00,19.17,5.0,2.8340000000000005,1.0
2026-03-20 18:54:00,19.04,5.0,2.808,1.0
2026-03-20 18:55:00,19.12,5.0,2.8240000000000003,1.0
2026-03-20 18:56:00,19.25,5.0,2.85,1.0
2026-03-20 18:57:00,19.31,5.0,2.8619999999999997,1.0
2026-03-20 18:58:00,19.17,5.0,2.8340000000000005,1.0
2026-03-20 18:59:00,19.3,5.0,2.8600000000000003,1.0
2026-03-20 19:00:00,19.35,5.0,2.87,1.0
2026-03-20 19:01:00,19.42,5.0,2.8840000000000003,1.0
2026-03-20 19:04:00,19.5,5.0,2.9,1.0
2026-03-20 19:05:00,19.47,5.0,2.8939999999999997,1.0
2026-03-20 19:06:00,19.51,5.0,2.902,1.0
2026-03-20 19:07:00,19.42,5.0,2.8840000000000003,1.0
2026-03-20 19:08:00,19.19,5.0,2.838,1.0
2026-03-20 19:09:00,19.14,5.0,2.8280000000000003,1.0
2026-03-20 19:10:00,19.49,5.0,2.8979999999999997,1.0
2026-03-20 19:11:00,19.65,5.0,2.9299999999999997,1.0
2026-03-20 19:12:00,19.78,5.0,2.9560000000000004,1.0
2026-03-20 19:13:00,19.81,5.0,2.9619999999999997,1.0
2026-03-20 19:14:00,19.75,5.0,2.95,1.0
2026-03-20 19:17:00,19.9,5.0,2.9799999999999995,1.0
2026-03-20 19:18:00,20.08,5.0,3.0159999999999996,1.0
2026-03-20 19:19:00,20.67,5.0,3.1340000000000003,1.0
2026-03-20 19:20:00,20.64,5.0,3.128,1.0
2026-03-20 19:21:00,20.7,5.0,3.1399999999999997,1.0
2026-03-20 19:22:00,20.75,5.0,3.15,1.0
2026-03-20 19:23:00,20.86,5.0,3.1719999999999997,1.0
2026-03-20 19:24:00,20.98,5.0,3.196,1.0
2026-03-20 19:25:00,20.97,5.0,3.194,1.0
2026-03-20 19:26:00,20.97,5.0,3.194,1.0
2026-03-20 19:27:00,20.87,5.0,3.1740000000000004,1.0
2026-03-20 19:28:00,20.89,5.0,3.178,1.0
2026-03-20 19:29:00,20.92,5.0,3.184,1.0
2026-03-20 19:30:00,20.72,5.0,3.1439999999999997,1.0
2026-03-20 19:31:00,20.7,5.0,3.1399999999999997,1.0
2026-03-20 19:33:00,21.1,5.0,3.22,1.0
2026-03-20 19:34:00,21.11,5.0,3.222,1.0
2026-03-20 19:35:00,21.19,5.0,3.2380000000000004,1.0
2026-03-20 19:36:00,21.26,5.0,3.2520000000000002,1.0
2026-03-20 19:37:00,21.35,5.0,3.2700000000000005,1.0
2026-03-20 19:38:00,21.38,5.0,3.276,1.0
2026-03-20 19:39:00,21.38,5.0,3.276,1.0
2026-03-20 19:40:00,21.39,5.0,3.278,1.0
2026-03-20 19:41:00,21.31,5.0,3.2619999999999996,1.0
2026-03-20 19:42:00,21.22,5.0,3.2439999999999998,1.0
2026-03-20 19:43:00,20.83,5.0,3.1659999999999995,1.0
2026-03-20 19:44:00,20.98,5.0,3.196,1.0
2026-03-20 19:45:00,21.02,5.0,3.2039999999999997,1.0
2026-03-20 19:46:00,20.95,5.0,3.19,1.0
2026-03-20 19:47:00,20.83,5.0,3.1659999999999995,1.0
2026-03-20 19:48:00,20.78,5.0,3.156,1.0
2026-03-20 19:49:00,19.75,5.0,2.95,1.0
2026-03-20 19:50:00,19.79,5.0,2.9579999999999997,1.0
2026-03-20 19:51:00,19.63,5.0,2.9259999999999997,1.0
2026-03-20 19:52:00,19.52,5.0,2.904,1.0
2026-03-20 19:53:00,19.77,5.0,2.9539999999999997,1.0
2026-03-20 19:54:00,20.08,5.0,3.0159999999999996,1.0
2026-03-20 19:55:00,20.03,5.0,3.0060000000000002,1.0
2026-03-20 19:56:00,20.25,5.0,3.05,1.0
2026-03-20 19:57:00,20.5,5.0,3.1,1.0
2026-03-20 19:58:00,20.1,5.0,3.0200000000000005,1.0
2026-03-20 19:59:00,19.86,5.0,2.972,1.0
2026-03-20 20:00:00,19.6,5.0,2.9200000000000004,1.0
2026-03-20 20:01:00,19.51,5.0,2.902,1.0
2026-03-20 20:02:00,20.25,5.0,3.05,1.0
2026-03-20 20:03:00,20.35,5.0,3.0700000000000003,1.0
2026-03-20 20:04:00,20.36,5.0,3.072,1.0
2026-03-20 20:05:00,20.46,5.0,3.092,1.0
2026-03-20 20:06:00,20.52,5.0,3.104,1.0
2026-03-20 20:07:00,20.44,5.0,3.088,1.0
2026-03-20 20:08:00,20.35,5.0,3.0700000000000003,1.0
2026-03-20 20:09:00,19.88,5.0,2.976,1.0
2026-03-20 20:10:00,19.45,5.0,2.8899999999999997,1.0
2026-03-20 20:11:00,19.18,5.0,2.836,1.0
2026-03-20 20:12:00,19.23,5.0,2.846,1.0
2026-03-20 20:13:00,19.32,5.0,2.864,1.0
2026-03-20 20:14:00,19.34,5.0,2.868,1.0
2026-03-20 20:15:00,19.48,5.0,2.896,1.0
2026-03-20 20:16:00,19.68,5.0,2.936,1.0
2026-03-20 20:17:00,20.88,5.0,3.1759999999999997,1.0
2026-03-20 20:18:00,27.7,5.0,4.54,1.0
2026-03-20 20:19:00,29.89,5.0,4.978,1.0
2026-03-20 20:20:00,29.94,5.0,4.988,1.0
2026-03-20 20:21:00,29.35,5.0,4.87,1.0
2026-03-20 20:22:00,29.08,5.0,4.816,1.0
2026-03-20 20:23:00,30.11,5.0,5.022,1.0
2026-03-20 20:24:00,30.39,5.0,5.078,1.0
2026-03-20 20:25:00,30.51,5.0,5.102,1.0
2026-03-20 20:26:00,31.32,5.0,5.264,1.0
2026-03-20 20:27:00,31.65,5.0,5.33,1.0
2026-03-20 20:28:00,32.1,5.0,5.42,1.0
2026-03-20 20:29:00,31.72,5.0,5.343999999999999,1.0
2026-03-20 20:30:00,31.4,5.0,5.279999999999999,1.0
2026-03-20 20:31:00,31.76,5.0,5.352,1.0
2026-03-20 20:34:00,31.81,5.0,5.362,1.0
2026-03-20 20:35:00,32.32,5.0,5.464,1.0
2026-03-20 20:36:00,32.44,5.0,5.4879999999999995,1.0
2026-03-20 20:37:00,32.88,5.0,5.5760000000000005,1.0
2026-03-20 20:38:00,32.65,5.0,5.529999999999999,1.0
2026-03-20 20:39:00,32.95,5.0,5.590000000000001,1.0
2026-03-20 20:40:00,32.69,5.0,5.537999999999999,1.0
2026-03-20 20:41:00,32.68,5.0,5.536,1.0
2026-03-20 20:42:00,32.83,5.0,5.566,1.0
2026-03-20 20:43:00,33.49,5.0,5.698,1.0
2026-03-20 20:44:00,33.55,5.0,5.709999999999999,1.0
2026-03-20 20:45:00,33.96,5.0,5.792,1.0
2026-03-20 20:46:00,33.94,5.0,5.787999999999999,1.0
2026-03-20 20:47:00,33.19,5.0,5.638,1.0
2026-03-20 20:48:00,32.93,5.0,5.586,1.0
2026-03-20 20:49:00,32.97,5.0,5.593999999999999,1.0
2026-03-20 20:50:00,35.0,5.0,6.0,1.0
2026-03-20 20:51:00,35.66,5.0,6.132,1.0
2026-03-20 20:52:00,35.8,5.0,6.159999999999999,1.0
2026-03-20 20:53:00,35.5,5.0,6.1,1.0
2026-03-20 20:54:00,35.66,5.0,6.132,1.0
2026-03-20 20:55:00,35.33,5.0,6.066,1.0
2026-03-20 20:56:00,35.63,5.0,6.126,1.0
2026-03-20 20:57:00,35.79,5.0,6.1579999999999995,1.0
2026-03-20 20:58:00,35.62,5.0,6.124,1.0
2026-03-20 20:59:00,35.92,5.0,6.184,1.0
2026-03-20 21:00:00,36.09,5.0,6.218000000000001,1.0
2026-03-20 21:01:00,36.2,5.0,6.24,1.0
2026-03-20 21:02:00,36.33,5.0,6.266,1.0
2026-03-20 21:03:00,36.36,5.0,6.272,1.0
2026-03-20 21:04:00,36.11,5.0,6.2219999999999995,1.0
2026-03-20 21:05:00,33.69,5.0,5.7379999999999995,1.0
2026-03-20 21:06:00,33.15,5.0,5.63,1.0
2026-03-20 21:07:00,33.35,5.0,5.67,1.0
2026-03-20 21:08:00,33.04,5.0,5.608,1.0
2026-03-20 21:09:00,32.51,5.0,5.502,1.0
2026-03-20 21:10:00,32.71,5.0,5.542,1.0
2026-03-20 21:11:00,32.28,5.0,5.456,1.0
2026-03-20 21:12:00,31.51,5.0,5.3020000000000005,1.0
2026-03-20 21:13:00,31.34,5.0,5.268,1.0
2026-03-20 21:14:00,32.25,5.0,5.45,1.0
2026-03-20 21:15:00,31.09,5.0,5.218,1.0
2026-03-20 21:16:00,32.13,5.0,5.426,1.0
2026-03-20 21:17:00,32.82,5.0,5.564,1.0
2026-03-20 21:18:00,31.38,5.0,5.276,1.0
2026-03-20 21:19:00,32.16,5.0,5.4319999999999995,1.0
2026-03-20 21:20:00,32.22,5.0,5.444,1.0
2026-03-20 21:21:00,31.62,5.0,5.324,1.0
2026-03-20 21:22:00,31.78,5.0,5.356,1.0
2026-03-20 21:23:00,32.06,5.0,5.412000000000001,1.0
2026-03-20 21:24:00,32.58,5.0,5.516,1.0
2026-03-20 21:25:00,22.29,5.0,3.4579999999999997,1.0
2026-03-20 21:26:00,21.34,5.0,3.268,1.0
2026-03-20 21:27:00,23.45,5.0,3.69,1.0
2026-03-20 21:28:00,30.55,5.0,5.11,1.0
2026-03-20 21:29:00,32.19,5.0,5.438,1.0
2026-03-20 21:30:00,31.92,5.0,5.384,1.0
2026-03-20 21:31:00,32.11,5.0,5.422,1.0
2026-03-20 21:32:00,32.32,5.0,5.464,1.0
2026-03-20 21:33:00,32.16,5.0,5.4319999999999995,1.0
2026-03-20 21:34:00,31.97,5.0,5.394,1.0
2026-03-20 21:35:00,32.33,5.0,5.465999999999999,1.0
2026-03-20 21:36:00,32.41,5.0,5.481999999999999,1.0
2026-03-20 21:37:00,28.22,5.0,4.644,1.0
2026-03-20 21:38:00,32.77,5.0,5.554,1.0
2026-03-20 21:39:00,31.65,5.0,5.33,1.0
2026-03-20 21:40:00,31.42,5.0,5.284000000000001,1.0
2026-03-20 21:41:00,31.94,5.0,5.388,1.0
2026-03-20 21:42:00,32.23,5.0,5.446,1.0
2026-03-20 21:43:00,29.83,5.0,4.965999999999999,1.0
2026-03-20 21:44:00,29.44,5.0,4.888,1.0
2026-03-20 21:45:00,31.27,5.0,5.254,1.0
2026-03-20 21:46:00,28.89,5.0,4.7780000000000005,1.0
2026-03-20 21:47:00,28.15,5.0,4.63,1.0
2026-03-20 21:48:00,26.74,5.0,4.348,1.0
2026-03-20 21:49:00,26.8,5.0,4.36,1.0
2026-03-20 21:50:00,26.77,5.0,4.354,1.0
2026-03-20 21:51:00,26.11,5.0,4.2219999999999995,1.0
2026-03-20 21:52:00,25.82,5.0,4.164,1.0
2026-03-20 21:53:00,25.82,5.0,4.164,1.0
2026-03-20 21:54:00,20.85,5.0,3.1700000000000004,1.0
2026-03-20 21:55:00,18.62,5.0,2.724,1.0
2026-03-20 21:56:00,16.22,5.0,2.2439999999999998,1.0
2026-03-20 21:57:00,12.71,5.0,1.5420000000000003,1.0
2026-03-20 21:58:00,12.14,5.0,1.4280000000000002,1.0
2026-03-20 22:01:00,12.08,5.0,1.416,1.0
2026-03-20 22:02:00,11.24,5.0,1.248,1.0
2026-03-20 22:03:00,11.22,5.0,1.2440000000000002,1.0
2026-03-20 22:04:00,10.64,5.0,1.1280000000000001,1.0
2026-03-20 22:05:00,9.59,5.0,0.9179999999999999,1.0
2026-03-20 22:06:00,9.22,5.0,0.8440000000000001,1.0
2026-03-20 22:07:00,10.66,5.0,1.1320000000000001,1.0
2026-03-20 22:08:00,11.79,5.0,1.3579999999999999,1.0
2026-03-20 22:09:00,0.94,5.0,0.812,0.10375275938189846
2026-03-20 22:10:00,3.19,5.0,0.362,0.4684287812041116
2026-03-20 22:11:00,2.69,5.0,0.462,0.36798905608755134
2026-03-20 22:12:00,4.04,5.0,0.192,0.6778523489932886
2026-03-20 22:13:00,4.74,5.0,0.051999999999999956,0.9011406844106464
2026-03-20 22:14:00,4.55,5.0,0.09000000000000004,0.8348623853211008
2026-03-20 22:15:00,7.94,5.0,0.5880000000000001,1.0
2026-03-20 22:16:00,5.26,5.0,0.051999999999999956,1.0
2026-03-20 22:17:00,7.11,5.0,0.42200000000000004,1.0
2026-03-20 22:18:00,6.01,5.0,0.20199999999999996,1.0
2026-03-20 22:19:00,10.96,5.0,1.1920000000000002,1.0
2026-03-20 22:20:00,10.12,5.0,1.0239999999999998,1.0
2026-03-20 22:21:00,7.2,5.0,0.44000000000000006,1.0
2026-03-20 22:22:00,7.23,5.0,0.44600000000000006,1.0
2026-03-20 22:23:00,8.76,5.0,0.752,1.0
2026-03-20 22:24:00,8.3,5.0,0.6600000000000001,1.0
2026-03-20 22:25:00,8.91,5.0,0.782,1.0
2026-03-20 22:26:00,12.21,5.0,1.4420000000000002,1.0
2026-03-20 22:27:00,13.6,5.0,1.72,1.0
2026-03-20 22:28:00,11.95,5.0,1.39,1.0
2026-03-20 22:29:00,7.03,5.0,0.406,1.0
2026-03-20 22:30:00,9.52,5.0,0.9039999999999999,1.0
2026-03-20 22:31:00,15.31,5.0,2.0620000000000003,1.0
2026-03-20 22:32:00,23.41,5.0,3.682,1.0
2026-03-20 22:33:00,21.87,5.0,3.374,1.0
2026-03-20 22:34:00,13.44,5.0,1.688,1.0
2026-03-20 22:35:00,19.11,5.0,2.822,1.0
2026-03-20 22:36:00,21.58,5.0,3.316,1.0
2026-03-20 22:37:00,23.59,5.0,3.718,1.0
2026-03-20 22:38:00,23.25,5.0,3.65,1.0
2026-03-20 22:39:00,20.95,5.0,3.19,1.0
2026-03-20 22:40:00,22.74,5.0,3.5479999999999996,1.0
2026-03-20 22:41:00,16.52,5.0,2.304,1.0
2026-03-20 22:42:00,16.65,5.0,2.3299999999999996,1.0
2026-03-20 22:43:00,14.75,5.0,1.95,1.0
2026-03-20 22:44:00,15.21,5.0,2.0420000000000003,1.0
2026-03-20 22:45:00,16.47,5.0,2.2939999999999996,1.0
2026-03-20 22:46:00,16.03,5.0,2.2060000000000004,1.0
2026-03-20 22:47:00,15.31,5.0,2.0620000000000003,1.0
2026-03-20 22:48:00,14.87,5.0,1.9739999999999998,1.0
2026-03-20 22:49:00,16.48,5.0,2.2960000000000003,1.0
2026-03-20 22:50:00,16.23,5.0,2.246,1.0
2026-03-20 22:51:00,15.46,5.0,2.092,1.0
2026-03-20 22:52:00,15.11,5.0,2.022,1.0
2026-03-20 22:53:00,15.61,5.0,2.122,1.0
2026-03-20 22:54:00,13.48,5.0,1.6960000000000002,1.0
2026-03-20 22:55:00,13.23,5.0,1.6460000000000001,1.0
2026-03-20 22:56:00,13.48,5.0,1.6960000000000002,1.0
2026-03-20 22:57:00,13.44,5.0,1.688,1.0
2026-03-20 22:58:00,12.83,5.0,1.566,1.0
2026-03-20 22:59:00,12.23,5.0,1.4460000000000002,1.0
2026-03-20 23:00:00,12.43,5.0,1.486,1.0
2026-03-20 23:01:00,14.2,5.0,1.8399999999999999,1.0
2026-03-20 23:02:00,15.9,5.0,2.18,1.0
2026-03-20 23:03:00,16.94,5.0,2.3880000000000003,1.0
2026-03-20 23:04:00,17.59,5.0,2.518,1.0
2026-03-20 23:05:00,19.18,5.0,2.836,1.0
2026-03-20 23:06:00,24.1,5.0,3.8200000000000003,1.0
2026-03-20 23:07:00,23.52,5.0,3.7039999999999997,1.0
2026-03-20 23:08:00,23.01,5.0,3.6020000000000003,1.0
2026-03-20 23:09:00,24.24,5.0,3.848,1.0
2026-03-20 23:10:00,23.67,5.0,3.7340000000000004,1.0
2026-03-20 23:11:00,24.02,5.0,3.804,1.0
2026-03-20 23:12:00,24.32,5.0,3.864,1.0
2026-03-20 23:13:00,23.31,5.0,3.662,1.0
2026-03-20 23:14:00,23.76,5.0,3.7520000000000002,1.0
2026-03-20 23:15:00,23.72,5.0,3.7439999999999998,1.0
2026-03-20 23:16:00,23.4,5.0,3.6799999999999997,1.0
2026-03-20 23:17:00,22.61,5.0,3.522,1.0
2026-03-20 23:18:00,22.98,5.0,3.596,1.0
2026-03-20 23:19:00,23.64,5.0,3.728,1.0
2026-03-20 23:20:00,19.99,5.0,2.9979999999999998,1.0
2026-03-20 23:21:00,19.03,5.0,2.806,1.0
2026-03-20 23:22:00,18.08,5.0,2.6159999999999997,1.0
2026-03-20 23:23:00,19.07,5.0,2.814,1.0
2026-03-20 23:24:00,17.61,5.0,2.522,1.0
2026-03-20 23:25:00,19.55,5.0,2.91,1.0
2026-03-20 23:26:00,22.69,5.0,3.5380000000000003,1.0
2026-03-20 23:27:00,25.64,5.0,4.128,1.0
2026-03-20 23:28:00,27.1,5.0,4.42,1.0
2026-03-20 23:29:00,27.31,5.0,4.462,1.0
2026-03-20 23:30:00,27.81,5.0,4.561999999999999,1.0
2026-03-20 23:31:00,27.36,5.0,4.4719999999999995,1.0
2026-03-20 23:32:00,27.87,5.0,4.574,1.0
2026-03-20 23:33:00,27.4,5.0,4.4799999999999995,1.0
2026-03-20 23:34:00,26.11,5.0,4.2219999999999995,1.0
2026-03-20 23:35:00,27.16,5.0,4.432,1.0
2026-03-20 23:36:00,28.35,5.0,4.67,1.0
2026-03-20 23:37:00,29.09,5.0,4.818,1.0
2026-03-20 23:38:00,28.75,5.0,4.75,1.0
2026-03-20 23:39:00,28.78,5.0,4.756,1.0
2026-03-20 23:40:00,29.0,5.0,4.8,1.0
2026-03-20 23:41:00,29.44,5.0,4.888,1.0
2026-03-20 23:42:00,29.67,5.0,4.934,1.0
2026-03-20 23:43:00,29.48,5.0,4.896,1.0
2026-03-20 23:44:00,29.74,5.0,4.9479999999999995,1.0
2026-03-20 23:45:00,29.97,5.0,4.994,1.0
2026-03-20 23:46:00,28.65,5.0,4.7299999999999995,1.0
2026-03-20 23:47:00,26.62,5.0,4.324,1.0
2026-03-20 23:48:00,26.85,5.0,4.37,1.0
2026-03-20 23:49:00,28.55,5.0,4.71,1.0
2026-03-20 23:50:00,28.7,5.0,4.74,1.0
2026-03-20 23:51:00,27.52,5.0,4.504,1.0
2026-03-20 23:52:00,26.88,5.0,4.3759999999999994,1.0
2026-03-20 23:53:00,26.74,5.0,4.348,1.0
2026-03-20 23:54:00,26.01,5.0,4.202,1.0
2026-03-20 23:55:00,26.74,5.0,4.348,1.0
2026-03-20 23:56:00,26.24,5.0,4.247999999999999,1.0
2026-03-20 23:57:00,25.96,5.0,4.192,1.0
2026-03-20 23:58:00,25.45,5.0,4.09,1.0
2026-03-20 23:59:00,25.06,5.0,4.012,1.0
2026-03-21 00:00:00,24.38,5.0,3.876,1.0
2026-03-21 00:01:00,24.3,5.0,3.8600000000000003,1.0
2026-03-21 00:02:00,24.02,5.0,3.804,1.0
2026-03-21 00:03:00,24.75,5.0,3.95,1.0
2026-03-21 00:04:00,25.15,5.0,4.029999999999999,1.0
2026-03-21 00:05:00,24.2,5.0,3.84,1.0
2026-03-21 00:06:00,21.25,5.0,3.25,1.0
2026-03-21 00:07:00,16.07,5.0,2.214,1.0
2026-03-21 00:08:00,14.82,5.0,1.964,1.0
2026-03-21 00:09:00,17.72,5.0,2.5439999999999996,1.0
2026-03-21 00:10:00,23.58,5.0,3.7159999999999997,1.0
2026-03-21 00:11:00,22.96,5.0,3.592,1.0
2026-03-21 00:12:00,22.78,5.0,3.556,1.0
2026-03-21 00:13:00,23.25,5.0,3.65,1.0
2026-03-21 00:14:00,24.35,5.0,3.87,1.0
2026-03-21 00:15:00,21.24,5.0,3.2479999999999998,1.0
2026-03-21 00:16:00,22.69,5.0,3.5380000000000003,1.0
2026-03-21 00:17:00,22.24,5.0,3.4479999999999995,1.0
2026-03-21 00:18:00,22.25,5.0,3.45,1.0
2026-03-21 00:19:00,22.89,5.0,3.5780000000000003,1.0
2026-03-21 00:20:00,23.72,5.0,3.7439999999999998,1.0
2026-03-21 00:21:00,23.38,5.0,3.6759999999999997,1.0
2026-03-21 00:22:00,23.88,5.0,3.776,1.0
2026-03-21 00:23:00,23.62,5.0,3.724,1.0
2026-03-21 00:24:00,24.33,5.0,3.8659999999999997,1.0
2026-03-21 00:25:00,25.48,5.0,4.096,1.0
2026-03-21 00:26:00,25.35,5.0,4.07,1.0
2026-03-21 00:27:00,24.98,5.0,3.996,1.0
2026-03-21 00:28:00,25.31,5.0,4.061999999999999,1.0
2026-03-21 00:29:00,25.41,5.0,4.082,1.0
2026-03-21 00:30:00,25.17,5.0,4.034000000000001,1.0
2026-03-21 00:31:00,25.19,5.0,4.038,1.0
2026-03-21 00:32:00,24.78,5.0,3.9560000000000004,1.0
2026-03-21 00:33:00,24.73,5.0,3.946,1.0
2026-03-21 00:34:00,25.0,5.0,4.0,1.0
2026-03-21 00:35:00,24.47,5.0,3.8939999999999997,1.0
2026-03-21 00:36:00,24.6,5.0,3.9200000000000004,1.0
2026-03-21 00:37:00,24.53,5.0,3.906,1.0
2026-03-21 00:38:00,23.83,5.0,3.7659999999999996,1.0
2026-03-21 00:39:00,17.0,5.0,2.4,1.0
2026-03-21 00:40:00,16.84,5.0,2.368,1.0
2026-03-21 00:41:00,19.79,5.0,2.9579999999999997,1.0
2026-03-21 00:42:00,16.91,5.0,2.382,1.0
2026-03-21 00:43:00,17.08,5.0,2.4159999999999995,1.0
2026-03-21 00:44:00,15.15,5.0,2.0300000000000002,1.0
2026-03-21 00:45:00,14.25,5.0,1.85,1.0
2026-03-21 00:46:00,14.3,5.0,1.86,1.0
2026-03-21 00:47:00,14.23,5.0,1.846,1.0
2026-03-21 00:48:00,14.16,5.0,1.832,1.0
2026-03-21 00:49:00,14.22,5.0,1.844,1.0
2026-03-21 00:50:00,14.12,5.0,1.8239999999999998,1.0
2026-03-21 00:51:00,12.0,5.0,1.4,1.0
2026-03-21 00:52:00,12.82,5.0,1.564,1.0
2026-03-21 00:53:00,13.39,5.0,1.6780000000000002,1.0
2026-03-21 00:54:00,12.34,5.0,1.468,1.0
2026-03-21 00:55:00,14.25,5.0,1.85,1.0
2026-03-21 00:56:00,17.07,5.0,2.414,1.0
2026-03-21 00:57:00,12.74,5.0,1.548,1.0
2026-03-21 00:58:00,11.65,5.0,1.33,1.0
2026-03-21 00:59:00,15.01,5.0,2.002,1.0
2026-03-21 01:00:00,14.93,5.0,1.986,1.0
2026-03-21 01:01:00,16.01,5.0,2.2020000000000004,1.0
2026-03-21 01:03:00,17.7,5.0,2.54,1.0
2026-03-21 01:04:00,20.25,5.0,3.05,1.0
2026-03-21 01:05:00,15.37,5.0,2.074,1.0
2026-03-21 01:06:00,15.66,5.0,2.132,1.0
2026-03-21 01:07:00,14.07,5.0,1.814,1.0
2026-03-21 01:08:00,15.82,5.0,2.164,1.0
2026-03-21 01:09:00,15.24,5.0,2.048,1.0
2026-03-21 01:10:00,13.94,5.0,1.7879999999999998,1.0
2026-03-21 01:11:00,16.58,5.0,2.316,1.0
2026-03-21 01:12:00,15.77,5.0,2.154,1.0
2026-03-21 01:13:00,18.05,5.0,2.6100000000000003,1.0
2026-03-21 01:14:00,14.46,5.0,1.8920000000000001,1.0
2026-03-21 01:15:00,17.0,5.0,2.4,1.0
2026-03-21 01:16:00,18.38,5.0,2.6759999999999997,1.0
2026-03-21 01:17:00,19.32,5.0,2.864,1.0
2026-03-21 01:18:00,20.64,5.0,3.128,1.0
2026-03-21 01:19:00,21.53,5.0,3.306,1.0
2026-03-21 01:20:00,21.72,5.0,3.344,1.0
2026-03-21 01:21:00,20.81,5.0,3.162,1.0
2026-03-21 01:22:00,20.72,5.0,3.1439999999999997,1.0
2026-03-21 01:23:00,22.94,5.0,3.588,1.0
2026-03-21 01:24:00,23.57,5.0,3.714,1.0
2026-03-21 01:25:00,24.84,5.0,3.968,1.0
2026-03-21 01:26:00,24.99,5.0,3.9979999999999998,1.0
2026-03-21 01:27:00,24.84,5.0,3.968,1.0
2026-03-21 01:28:00,25.19,5.0,4.038,1.0
2026-03-21 01:29:00,25.79,5.0,4.1579999999999995,1.0
2026-03-21 01:30:00,25.56,5.0,4.112,1.0
2026-03-21 01:31:00,24.57,5.0,3.914,1.0
2026-03-21 01:32:00,23.94,5.0,3.7880000000000003,1.0
2026-03-21 01:33:00,23.5,5.0,3.7,1.0
2026-03-21 01:34:00,21.67,5.0,3.3340000000000005,1.0
2026-03-21 01:35:00,20.97,5.0,3.194,1.0
2026-03-21 01:36:00,21.59,5.0,3.318,1.0
2026-03-21 01:37:00,18.1,5.0,2.62,1.0
2026-03-21 01:38:00,18.62,5.0,2.724,1.0
2026-03-21 01:39:00,18.48,5.0,2.696,1.0
2026-03-21 01:40:00,20.14,5.0,3.028,1.0
2026-03-21 01:41:00,19.54,5.0,2.908,1.0
2026-03-21 01:42:00,18.72,5.0,2.7439999999999998,1.0
2026-03-21 01:43:00,17.93,5.0,2.586,1.0
2026-03-21 01:44:00,13.98,5.0,1.796,1.0
2026-03-21 01:45:00,13.17,5.0,1.634,1.0
2026-03-21 01:46:00,13.63,5.0,1.7260000000000002,1.0
2026-03-21 01:47:00,14.88,5.0,1.9760000000000002,1.0
2026-03-21 01:48:00,14.21,5.0,1.842,1.0
2026-03-21 01:49:00,14.9,5.0,1.98,1.0
2026-03-21 01:50:00,14.14,5.0,1.828,1.0
2026-03-21 01:51:00,12.79,5.0,1.5579999999999998,1.0
2026-03-21 01:52:00,15.23,5.0,2.0460000000000003,1.0
2026-03-21 01:53:00,14.81,5.0,1.9620000000000002,1.0
2026-03-21 01:54:00,14.1,5.0,1.8199999999999998,1.0
2026-03-21 01:55:00,13.34,5.0,1.668,1.0
2026-03-21 01:56:00,14.13,5.0,1.826,1.0
2026-03-21 01:57:00,15.18,5.0,2.036,1.0
2026-03-21 01:58:00,14.57,5.0,1.9140000000000001,1.0
2026-03-21 01:59:00,15.18,5.0,2.036,1.0
2026-03-21 02:00:00,15.6,5.0,2.12,1.0
2026-03-21 02:01:00,14.86,5.0,1.972,1.0
2026-03-21 02:02:00,14.96,5.0,1.9920000000000002,1.0
2026-03-21 02:03:00,14.61,5.0,1.922,1.0
2026-03-21 02:04:00,18.13,5.0,2.626,1.0
2026-03-21 02:05:00,18.11,5.0,2.622,1.0
2026-03-21 02:06:00,16.66,5.0,2.332,1.0
2026-03-21 02:07:00,15.92,5.0,2.184,1.0
2026-03-21 02:08:00,13.88,5.0,1.7760000000000002,1.0
2026-03-21 02:09:00,13.77,5.0,1.754,1.0
2026-03-21 02:10:00,15.76,5.0,2.152,1.0
2026-03-21 02:11:00,17.08,5.0,2.4159999999999995,1.0
2026-03-21 02:12:00,17.71,5.0,2.5420000000000003,1.0
2026-03-21 02:13:00,18.59,5.0,2.718,1.0
2026-03-21 02:14:00,18.35,5.0,2.6700000000000004,1.0
2026-03-21 02:15:00,18.13,5.0,2.626,1.0
2026-03-21 02:16:00,16.67,5.0,2.3340000000000005,1.0
2026-03-21 02:17:00,16.01,5.0,2.2020000000000004,1.0
2026-03-21 02:18:00,16.87,5.0,2.374,1.0
2026-03-21 02:19:00,21.99,5.0,3.3979999999999997,1.0
2026-03-21 02:20:00,27.54,5.0,4.508,1.0
2026-03-21 02:21:00,28.34,5.0,4.668,1.0
2026-03-21 02:22:00,28.2,5.0,4.64,1.0
2026-03-21 02:23:00,28.16,5.0,4.632,1.0
2026-03-21 02:24:00,27.58,5.0,4.516,1.0
2026-03-21 02:25:00,27.1,5.0,4.42,1.0
2026-03-21 02:26:00,25.31,5.0,4.061999999999999,1.0
2026-03-21 02:27:00,23.58,5.0,3.7159999999999997,1.0
2026-03-21 02:28:00,25.12,5.0,4.024,1.0
2026-03-21 02:29:00,26.11,5.0,4.2219999999999995,1.0
2026-03-21 02:30:00,26.83,5.0,4.366,1.0
2026-03-21 02:31:00,27.64,5.0,4.5280000000000005,1.0
2026-03-21 02:32:00,27.86,5.0,4.572,1.0
2026-03-21 02:33:00,26.93,5.0,4.386,1.0
2026-03-21 02:34:00,26.81,5.0,4.362,1.0
2026-03-21 02:35:00,22.24,5.0,3.4479999999999995,1.0
2026-03-21 02:36:00,23.53,5.0,3.7060000000000004,1.0
2026-03-21 02:37:00,23.32,5.0,3.664,1.0
2026-03-21 02:38:00,22.93,5.0,3.586,1.0
2026-03-21 02:39:00,26.46,5.0,4.292,1.0
2026-03-21 02:40:00,24.55,5.0,3.91,1.0
2026-03-21 02:41:00,27.09,5.0,4.418,1.0
2026-03-21 02:42:00,27.05,5.0,4.41,1.0
2026-03-21 02:43:00,27.02,5.0,4.404,1.0
2026-03-21 02:44:00,27.33,5.0,4.465999999999999,1.0
2026-03-21 02:45:00,27.29,5.0,4.458,1.0
2026-03-21 02:46:00,26.64,5.0,4.328,1.0
2026-03-21 02:47:00,27.02,5.0,4.404,1.0
2026-03-21 02:48:00,27.63,5.0,4.526,1.0
2026-03-21 02:49:00,28.13,5.0,4.6259999999999994,1.0
2026-03-21 02:50:00,29.44,5.0,4.888,1.0
2026-03-21 02:51:00,29.93,5.0,4.986,1.0
2026-03-21 02:52:00,28.98,5.0,4.796,1.0
2026-03-21 02:53:00,29.03,5.0,4.806,1.0
2026-03-21 02:54:00,29.25,5.0,4.85,1.0
2026-03-21 02:55:00,29.61,5.0,4.922,1.0
2026-03-21 02:56:00,29.34,5.0,4.868,1.0
2026-03-21 02:57:00,29.0,5.0,4.8,1.0
2026-03-21 02:58:00,29.23,5.0,4.846,1.0
2026-03-21 02:59:00,29.71,5.0,4.942,1.0
2026-03-21 03:00:00,29.03,5.0,4.806,1.0
2026-03-21 03:01:00,28.79,5.0,4.758,1.0
2026-03-21 03:02:00,28.87,5.0,4.774,1.0
2026-03-21 03:03:00,28.95,5.0,4.79,1.0
2026-03-21 03:04:00,28.9,5.0,4.779999999999999,1.0
2026-03-21 03:05:00,28.97,5.0,4.794,1.0
2026-03-21 03:06:00,28.73,5.0,4.746,1.0
2026-03-21 03:07:00,28.4,5.0,4.68,1.0
2026-03-21 03:08:00,27.73,5.0,4.546,1.0
2026-03-21 03:09:00,27.71,5.0,4.542,1.0
2026-03-21 03:10:00,28.04,5.0,4.608,1.0
2026-03-21 03:11:00,27.84,5.0,4.568,1.0
2026-03-21 03:12:00,27.43,5.0,4.486,1.0
2026-03-21 03:13:00,28.03,5.0,4.606,1.0
2026-03-21 03:14:00,27.92,5.0,4.5840000000000005,1.0
2026-03-21 03:15:00,27.79,5.0,4.558,1.0
2026-03-21 03:16:00,27.57,5.0,4.514,1.0
2026-03-21 03:17:00,27.59,5.0,4.518,1.0
2026-03-21 03:18:00,27.32,5.0,4.464,1.0
2026-03-21 03:19:00,27.05,5.0,4.41,1.0
2026-03-21 03:20:00,26.78,5.0,4.356,1.0
2026-03-21 03:21:00,26.64,5.0,4.328,1.0
2026-03-21 03:22:00,26.71,5.0,4.3420000000000005,1.0
2026-03-21 03:23:00,26.88,5.0,4.3759999999999994,1.0
2026-03-21 03:24:00,26.93,5.0,4.386,1.0
2026-03-21 03:25:00,27.07,5.0,4.414,1.0
2026-03-21 03:26:00,27.09,5.0,4.418,1.0
2026-03-21 03:27:00,26.83,5.0,4.366,1.0
2026-03-21 03:28:00,27.23,5.0,4.446,1.0
2026-03-21 03:29:00,27.16,5.0,4.432,1.0
2026-03-21 03:30:00,26.36,5.0,4.272,1.0
2026-03-21 03:31:00,27.29,5.0,4.458,1.0
2026-03-21 03:32:00,27.3,5.0,4.46,1.0
2026-03-21 03:33:00,27.26,5.0,4.452,1.0
2026-03-21 03:34:00,27.77,5.0,4.554,1.0
2026-03-21 03:35:00,27.28,5.0,4.456,1.0
2026-03-21 03:36:00,27.52,5.0,4.504,1.0
2026-03-21 03:37:00,27.36,5.0,4.4719999999999995,1.0
2026-03-21 03:38:00,27.68,5.0,4.536,1.0
2026-03-21 03:39:00,27.9,5.0,4.58,1.0
2026-03-21 03:40:00,28.07,5.0,4.614,1.0
2026-03-21 03:41:00,28.12,5.0,4.6240000000000006,1.0
2026-03-21 03:42:00,28.17,5.0,4.634,1.0
2026-03-21 03:43:00,28.01,5.0,4.602,1.0
2026-03-21 03:44:00,28.35,5.0,4.67,1.0
2026-03-21 03:45:00,28.56,5.0,4.712,1.0
2026-03-21 03:46:00,28.42,5.0,4.684,1.0
2026-03-21 03:47:00,28.38,5.0,4.676,1.0
2026-03-21 03:48:00,28.4,5.0,4.68,1.0
2026-03-21 03:49:00,28.33,5.0,4.6659999999999995,1.0
2026-03-21 03:50:00,28.31,5.0,4.662,1.0
2026-03-21 03:51:00,28.16,5.0,4.632,1.0
2026-03-21 03:52:00,27.33,5.0,4.465999999999999,1.0
2026-03-21 03:53:00,27.18,5.0,4.436,1.0
2026-03-21 03:54:00,27.09,5.0,4.418,1.0
2026-03-21 03:55:00,27.49,5.0,4.497999999999999,1.0
2026-03-21 03:56:00,27.56,5.0,4.512,1.0
2026-03-21 03:57:00,27.71,5.0,4.542,1.0
2026-03-21 03:58:00,27.74,5.0,4.548,1.0
2026-03-21 04:00:00,27.52,5.0,4.504,1.0
2026-03-21 04:01:00,27.74,5.0,4.548,1.0
2026-03-21 04:02:00,27.91,5.0,4.582,1.0
2026-03-21 04:03:00,27.89,5.0,4.578,1.0
2026-03-21 04:04:00,27.74,5.0,4.548,1.0
2026-03-21 04:05:00,27.57,5.0,4.514,1.0
2026-03-21 04:06:00,27.27,5.0,4.454,1.0
2026-03-21 04:07:00,27.24,5.0,4.4479999999999995,1.0
2026-03-21 04:08:00,27.32,5.0,4.464,1.0
2026-03-21 04:09:00,27.21,5.0,4.442,1.0
2026-03-21 04:10:00,26.44,5.0,4.288,1.0
2026-03-21 04:11:00,26.48,5.0,4.296,1.0
2026-03-21 04:12:00,26.64,5.0,4.328,1.0
2026-03-21 04:13:00,26.72,5.0,4.343999999999999,1.0
2026-03-21 04:14:00,26.95,5.0,4.39,1.0
2026-03-21 04:15:00,26.88,5.0,4.3759999999999994,1.0
2026-03-21 04:16:00,27.02,5.0,4.404,1.0
2026-03-21 04:17:00,27.1,5.0,4.42,1.0
2026-03-21 04:18:00,27.08,5.0,4.4159999999999995,1.0
2026-03-21 04:19:00,27.17,5.0,4.434,1.0
2026-03-21 04:20:00,27.25,5.0,4.45,1.0
2026-03-21 04:21:00,27.36,5.0,4.4719999999999995,1.0
2026-03-21 04:22:00,27.49,5.0,4.497999999999999,1.0
2026-03-21 04:23:00,27.45,5.0,4.49,1.0
2026-03-21 04:24:00,27.53,5.0,4.506,1.0
2026-03-21 04:25:00,27.29,5.0,4.458,1.0
2026-03-21 04:26:00,26.98,5.0,4.396,1.0
2026-03-21 04:27:00,26.76,5.0,4.352,1.0
2026-03-21 04:28:00,26.88,5.0,4.3759999999999994,1.0
2026-03-21 04:29:00,26.82,5.0,4.364,1.0
2026-03-21 04:30:00,27.09,5.0,4.418,1.0
2026-03-21 04:31:00,26.97,5.0,4.394,1.0
2026-03-21 04:32:00,27.11,5.0,4.422,1.0
2026-03-21 04:33:00,26.69,5.0,4.338,1.0
2026-03-21 04:34:00,26.2,5.0,4.24,1.0
2026-03-21 04:35:00,26.08,5.0,4.215999999999999,1.0
2026-03-21 04:36:00,26.28,5.0,4.256,1.0
2026-03-21 04:37:00,26.45,5.0,4.29,1.0
2026-03-21 04:38:00,26.57,5.0,4.314,1.0
2026-03-21 04:39:00,26.81,5.0,4.362,1.0
2026-03-21 04:40:00,26.56,5.0,4.311999999999999,1.0
2026-03-21 04:41:00,26.82,5.0,4.364,1.0
2026-03-21 04:42:00,26.89,5.0,4.378,1.0
2026-03-21 04:43:00,27.1,5.0,4.42,1.0
2026-03-21 04:44:00,27.26,5.0,4.452,1.0
2026-03-21 04:45:00,27.29,5.0,4.458,1.0
2026-03-21 04:46:00,27.47,5.0,4.494,1.0
2026-03-21 04:47:00,27.5,5.0,4.5,1.0
2026-03-21 04:48:00,27.35,5.0,4.470000000000001,1.0
2026-03-21 04:49:00,27.95,5.0,4.59,1.0
2026-03-21 04:50:00,28.22,5.0,4.644,1.0
2026-03-21 04:51:00,28.12,5.0,4.6240000000000006,1.0
2026-03-21 04:52:00,27.66,5.0,4.532,1.0
2026-03-21 04:53:00,27.58,5.0,4.516,1.0
2026-03-21 04:54:00,26.87,5.0,4.3740000000000006,1.0
2026-03-21 04:55:00,27.79,5.0,4.558,1.0
2026-03-21 04:56:00,27.75,5.0,4.55,1.0
2026-03-21 04:57:00,27.77,5.0,4.554,1.0
2026-03-21 04:58:00,26.76,5.0,4.352,1.0
2026-03-21 04:59:00,26.81,5.0,4.362,1.0
2026-03-21 05:00:00,26.73,5.0,4.346,1.0
2026-03-21 05:01:00,26.69,5.0,4.338,1.0
2026-03-21 05:31:00,25.09,5.0,4.018,1.0
2026-03-21 05:32:00,24.72,5.0,3.944,1.0
2026-03-21 05:33:00,24.64,5.0,3.928,1.0
2026-03-21 05:34:00,24.69,5.0,3.938,1.0
2026-03-21 05:35:00,23.55,5.0,3.71,1.0
2026-03-21 05:36:00,23.62,5.0,3.724,1.0
2026-03-21 05:37:00,24.22,5.0,3.844,1.0
2026-03-21 05:38:00,25.31,5.0,4.061999999999999,1.0
2026-03-21 05:39:00,25.8,5.0,4.16,1.0
2026-03-21 05:40:00,25.88,5.0,4.176,1.0
2026-03-21 05:41:00,25.84,5.0,4.168,1.0
2026-03-21 05:42:00,26.76,5.0,4.352,1.0
2026-03-21 05:43:00,26.77,5.0,4.354,1.0
2026-03-21 05:44:00,26.55,5.0,4.3100000000000005,1.0
2026-03-21 05:45:00,26.09,5.0,4.218,1.0
2026-03-21 05:46:00,26.35,5.0,4.2700000000000005,1.0
2026-03-21 05:47:00,26.17,5.0,4.234,1.0
2026-03-21 05:48:00,26.07,5.0,4.214,1.0
2026-03-21 05:49:00,26.08,5.0,4.215999999999999,1.0
2026-03-21 05:50:00,26.54,5.0,4.308,1.0
2026-03-21 05:51:00,26.48,5.0,4.296,1.0
2026-03-21 05:52:00,26.46,5.0,4.292,1.0
2026-03-21 05:53:00,26.1,5.0,4.220000000000001,1.0
2026-03-21 05:54:00,26.06,5.0,4.212,1.0
2026-03-21 05:55:00,26.83,5.0,4.366,1.0
2026-03-21 05:56:00,26.72,5.0,4.343999999999999,1.0
2026-03-21 05:57:00,26.45,5.0,4.29,1.0
2026-03-21 05:58:00,26.49,5.0,4.298,1.0
2026-03-21 05:59:00,27.03,5.0,4.406000000000001,1.0
2026-03-21 06:00:00,27.14,5.0,4.428,1.0
2026-03-21 06:01:00,26.78,5.0,4.356,1.0
2026-03-21 06:26:00,26.82,5.0,4.364,1.0
2026-03-21 06:27:00,26.93,5.0,4.386,1.0
2026-03-21 06:28:00,27.15,5.0,4.43,1.0
2026-03-21 06:29:00,27.31,5.0,4.462,1.0
2026-03-21 06:30:00,26.96,5.0,4.392,1.0
2026-03-21 06:31:00,26.71,5.0,4.3420000000000005,1.0
2026-03-21 06:32:00,26.72,5.0,4.343999999999999,1.0
2026-03-21 06:33:00,26.85,5.0,4.37,1.0
2026-03-21 06:34:00,27.05,5.0,4.41,1.0
2026-03-21 06:35:00,27.04,5.0,4.4079999999999995,1.0
2026-03-21 06:36:00,26.99,5.0,4.398,1.0
2026-03-21 06:37:00,26.86,5.0,4.372,1.0
2026-03-21 06:38:00,26.76,5.0,4.352,1.0
2026-03-21 06:39:00,27.01,5.0,4.402,1.0
2026-03-21 06:40:00,26.56,5.0,4.311999999999999,1.0
2026-03-21 06:41:00,26.53,5.0,4.306,1.0
2026-03-21 06:42:00,26.14,5.0,4.228,1.0
2026-03-21 06:43:00,26.16,5.0,4.232,1.0
2026-03-21 06:44:00,26.17,5.0,4.234,1.0
2026-03-21 06:45:00,26.29,5.0,4.258,1.0
2026-03-21 06:46:00,26.24,5.0,4.247999999999999,1.0
2026-03-21 06:47:00,25.88,5.0,4.176,1.0
2026-03-21 06:48:00,25.72,5.0,4.144,1.0
2026-03-21 06:49:00,25.68,5.0,4.136,1.0
2026-03-21 06:50:00,25.61,5.0,4.122,1.0
2026-03-21 06:51:00,25.91,5.0,4.182,1.0
2026-03-21 06:52:00,26.1,5.0,4.220000000000001,1.0
2026-03-21 06:53:00,25.96,5.0,4.192,1.0
2026-03-21 06:54:00,25.62,5.0,4.1240000000000006,1.0
2026-03-21 06:55:00,26.97,5.0,4.394,1.0
2026-03-21 06:56:00,27.03,5.0,4.406000000000001,1.0
2026-03-21 06:57:00,27.09,5.0,4.418,1.0
2026-03-21 06:58:00,26.93,5.0,4.386,1.0
2026-03-21 06:59:00,26.77,5.0,4.354,1.0
2026-03-21 07:00:00,26.93,5.0,4.386,1.0
2026-03-21 07:01:00,26.69,5.0,4.338,1.0
2026-03-21 07:02:00,26.57,5.0,4.314,1.0
2026-03-21 07:03:00,26.83,5.0,4.366,1.0
2026-03-21 07:04:00,26.78,5.0,4.356,1.0
2026-03-21 07:05:00,25.92,5.0,4.184,1.0
2026-03-21 07:06:00,25.9,5.0,4.18,1.0
2026-03-21 07:07:00,25.83,5.0,4.1659999999999995,1.0
2026-03-21 07:08:00,25.69,5.0,4.138,1.0
2026-03-21 07:09:00,25.51,5.0,4.102,1.0
2026-03-21 07:10:00,25.91,5.0,4.182,1.0
2026-03-21 07:11:00,26.56,5.0,4.311999999999999,1.0
2026-03-21 07:12:00,26.55,5.0,4.3100000000000005,1.0
2026-03-21 07:13:00,26.51,5.0,4.3020000000000005,1.0
2026-03-21 07:14:00,26.54,5.0,4.308,1.0
2026-03-21 07:15:00,26.64,5.0,4.328,1.0
2026-03-21 07:16:00,26.69,5.0,4.338,1.0
2026-03-21 07:17:00,26.52,5.0,4.304,1.0
2026-03-21 07:18:00,26.4,5.0,4.279999999999999,1.0
2026-03-21 07:19:00,26.33,5.0,4.266,1.0
2026-03-21 07:20:00,26.33,5.0,4.266,1.0
2026-03-21 07:21:00,26.28,5.0,4.256,1.0
2026-03-21 07:22:00,26.15,5.0,4.2299999999999995,1.0
2026-03-21 07:23:00,25.83,5.0,4.1659999999999995,1.0
2026-03-21 07:24:00,25.77,5.0,4.154,1.0
2026-03-21 07:25:00,25.68,5.0,4.136,1.0
2026-03-21 07:26:00,25.54,5.0,4.108,1.0
2026-03-21 07:27:00,25.43,5.0,4.086,1.0
2026-03-21 07:28:00,25.42,5.0,4.0840000000000005,1.0
2026-03-21 07:29:00,25.56,5.0,4.112,1.0
2026-03-21 07:30:00,25.5,5.0,4.1,1.0
2026-03-21 07:31:00,25.32,5.0,4.064,1.0
2026-03-21 07:32:00,25.36,5.0,4.072,1.0
2026-03-21 07:33:00,25.51,5.0,4.102,1.0
2026-03-21 07:34:00,25.52,5.0,4.104,1.0
2026-03-21 07:35:00,25.51,5.0,4.102,1.0
2026-03-21 07:36:00,25.56,5.0,4.112,1.0
2026-03-21 07:37:00,25.27,5.0,4.054,1.0
2026-03-21 07:38:00,25.29,5.0,4.058,1.0
2026-03-21 07:39:00,25.23,5.0,4.046,1.0
2026-03-21 07:40:00,24.58,5.0,3.9159999999999995,1.0
2026-03-21 07:41:00,22.59,5.0,3.518,1.0
2026-03-21 07:42:00,23.13,5.0,3.626,1.0
2026-03-21 07:43:00,23.64,5.0,3.728,1.0
2026-03-21 07:44:00,23.28,5.0,3.656,1.0
2026-03-21 07:45:00,22.59,5.0,3.518,1.0
2026-03-21 07:46:00,22.9,5.0,3.5799999999999996,1.0
2026-03-21 07:47:00,22.87,5.0,3.5740000000000003,1.0
2026-03-21 07:48:00,23.13,5.0,3.626,1.0
2026-03-21 07:49:00,24.26,5.0,3.8520000000000003,1.0
2026-03-21 07:50:00,24.33,5.0,3.8659999999999997,1.0
2026-03-21 07:51:00,24.12,5.0,3.8240000000000003,1.0
2026-03-21 07:52:00,23.95,5.0,3.79,1.0
2026-03-21 07:53:00,22.36,5.0,3.472,1.0
2026-03-21 07:54:00,25.69,5.0,4.138,1.0
2026-03-21 07:55:00,25.8,5.0,4.16,1.0
2026-03-21 07:56:00,25.81,5.0,4.162,1.0
2026-03-21 07:57:00,25.87,5.0,4.174,1.0
2026-03-21 07:58:00,25.97,5.0,4.194,1.0
2026-03-21 07:59:00,26.02,5.0,4.204,1.0
2026-03-21 08:00:00,25.99,5.0,4.1979999999999995,1.0
2026-03-21 08:01:00,25.84,5.0,4.168,1.0
2026-03-21 08:02:00,25.64,5.0,4.128,1.0
2026-03-21 08:03:00,25.5,5.0,4.1,1.0
2026-03-21 08:04:00,25.51,5.0,4.102,1.0
2026-03-21 08:05:00,25.54,5.0,4.108,1.0
2026-03-21 08:06:00,25.28,5.0,4.056,1.0
2026-03-21 08:07:00,25.77,5.0,4.154,1.0
2026-03-21 08:08:00,25.9,5.0,4.18,1.0
2026-03-21 08:09:00,26.02,5.0,4.204,1.0
2026-03-21 08:10:00,26.07,5.0,4.214,1.0
2026-03-21 08:11:00,25.99,5.0,4.1979999999999995,1.0
2026-03-21 08:12:00,26.05,5.0,4.21,1.0
2026-03-21 08:13:00,26.24,5.0,4.247999999999999,1.0
2026-03-21 08:14:00,26.33,5.0,4.266,1.0
2026-03-21 08:15:00,26.14,5.0,4.228,1.0
2026-03-21 08:16:00,26.1,5.0,4.220000000000001,1.0
2026-03-21 08:17:00,25.94,5.0,4.188000000000001,1.0
2026-03-21 08:18:00,25.8,5.0,4.16,1.0
2026-03-21 08:19:00,25.87,5.0,4.174,1.0
2026-03-21 08:20:00,26.01,5.0,4.202,1.0
2026-03-21 08:21:00,26.26,5.0,4.252000000000001,1.0
2026-03-21 08:22:00,26.56,5.0,4.311999999999999,1.0
2026-03-21 08:23:00,26.91,5.0,4.382,1.0
2026-03-21 08:24:00,27.06,5.0,4.412,1.0
2026-03-21 08:25:00,26.88,5.0,4.3759999999999994,1.0
2026-03-21 08:26:00,26.94,5.0,4.388,1.0
2026-03-21 08:27:00,27.24,5.0,4.4479999999999995,1.0
2026-03-21 08:28:00,27.42,5.0,4.484,1.0
2026-03-21 08:29:00,27.35,5.0,4.470000000000001,1.0
2026-03-21 08:30:00,27.22,5.0,4.444,1.0
2026-03-21 08:31:00,27.22,5.0,4.444,1.0
2026-03-21 08:32:00,27.11,5.0,4.422,1.0
2026-03-21 08:33:00,27.22,5.0,4.444,1.0
2026-03-21 08:34:00,27.33,5.0,4.465999999999999,1.0
2026-03-21 08:35:00,27.32,5.0,4.464,1.0
2026-03-21 08:36:00,27.29,5.0,4.458,1.0
2026-03-21 08:37:00,27.22,5.0,4.444,1.0
2026-03-21 08:38:00,27.21,5.0,4.442,1.0
2026-03-21 08:39:00,27.25,5.0,4.45,1.0
2026-03-21 08:40:00,27.27,5.0,4.454,1.0
2026-03-21 08:41:00,27.21,5.0,4.442,1.0
2026-03-21 08:42:00,27.25,5.0,4.45,1.0
2026-03-21 08:43:00,27.34,5.0,4.468,1.0
2026-03-21 08:44:00,27.42,5.0,4.484,1.0
2026-03-21 08:45:00,27.33,5.0,4.465999999999999,1.0
2026-03-21 08:46:00,27.24,5.0,4.4479999999999995,1.0
2026-03-21 08:47:00,27.29,5.0,4.458,1.0
2026-03-21 08:48:00,27.24,5.0,4.4479999999999995,1.0
2026-03-21 08:49:00,27.25,5.0,4.45,1.0
2026-03-21 08:50:00,27.29,5.0,4.458,1.0
2026-03-21 08:51:00,27.3,5.0,4.46,1.0
2026-03-21 08:52:00,27.36,5.0,4.4719999999999995,1.0
2026-03-21 08:53:00,27.46,5.0,4.492,1.0
2026-03-21 08:54:00,27.62,5.0,4.524,1.0
2026-03-21 08:55:00,27.66,5.0,4.532,1.0
2026-03-21 08:56:00,27.64,5.0,4.5280000000000005,1.0
2026-03-21 08:57:00,27.67,5.0,4.534000000000001,1.0
2026-03-21 08:58:00,27.71,5.0,4.542,1.0
2026-03-21 08:59:00,27.77,5.0,4.554,1.0
2026-03-21 09:00:00,27.86,5.0,4.572,1.0
2026-03-21 09:01:00,27.95,5.0,4.59,1.0
2026-03-21 09:02:00,28.06,5.0,4.612,1.0
2026-03-21 09:03:00,28.16,5.0,4.632,1.0
2026-03-21 09:04:00,28.3,5.0,4.66,1.0
2026-03-21 09:05:00,28.3,5.0,4.66,1.0
2026-03-21 09:06:00,28.32,5.0,4.664,1.0
2026-03-21 09:07:00,28.33,5.0,4.6659999999999995,1.0
2026-03-21 09:08:00,28.28,5.0,4.656000000000001,1.0
2026-03-21 09:09:00,28.18,5.0,4.636,1.0
2026-03-21 09:10:00,28.03,5.0,4.606,1.0
2026-03-21 09:11:00,27.78,5.0,4.556,1.0
2026-03-21 09:12:00,27.69,5.0,4.538,1.0
2026-03-21 09:13:00,27.6,5.0,4.5200000000000005,1.0
2026-03-21 09:14:00,27.28,5.0,4.456,1.0
2026-03-21 09:15:00,27.23,5.0,4.446,1.0
2026-03-21 09:16:00,27.09,5.0,4.418,1.0
2026-03-21 09:17:00,27.0,5.0,4.4,1.0
2026-03-21 09:18:00,26.94,5.0,4.388,1.0
2026-03-21 09:19:00,26.91,5.0,4.382,1.0
2026-03-21 09:20:00,26.87,5.0,4.3740000000000006,1.0
2026-03-21 09:21:00,26.81,5.0,4.362,1.0
2026-03-21 09:22:00,26.94,5.0,4.388,1.0
2026-03-21 09:23:00,26.95,5.0,4.39,1.0
2026-03-21 09:24:00,27.04,5.0,4.4079999999999995,1.0
2026-03-21 09:25:00,26.89,5.0,4.378,1.0
2026-03-21 09:26:00,26.86,5.0,4.372,1.0
2026-03-21 09:27:00,26.89,5.0,4.378,1.0
2026-03-21 09:28:00,27.06,5.0,4.412,1.0
2026-03-21 09:29:00,27.12,5.0,4.424,1.0
2026-03-21 09:30:00,27.44,5.0,4.488,1.0
2026-03-21 09:31:00,27.38,5.0,4.476,1.0
2026-03-21 09:32:00,27.27,5.0,4.454,1.0
2026-03-21 09:33:00,27.18,5.0,4.436,1.0
2026-03-21 09:34:00,27.1,5.0,4.42,1.0
2026-03-21 09:35:00,27.08,5.0,4.4159999999999995,1.0
2026-03-21 09:36:00,27.01,5.0,4.402,1.0
2026-03-21 09:37:00,26.99,5.0,4.398,1.0
2026-03-21 09:38:00,27.01,5.0,4.402,1.0
2026-03-21 09:39:00,27.28,5.0,4.456,1.0
2026-03-21 09:40:00,27.35,5.0,4.470000000000001,1.0
2026-03-21 09:41:00,27.26,5.0,4.452,1.0
2026-03-21 09:42:00,27.19,5.0,4.438000000000001,1.0
2026-03-21 09:43:00,27.25,5.0,4.45,1.0
2026-03-21 09:44:00,27.24,5.0,4.4479999999999995,1.0
2026-03-21 09:45:00,27.13,5.0,4.426,1.0
2026-03-21 09:46:00,27.11,5.0,4.422,1.0
2026-03-21 09:47:00,27.07,5.0,4.414,1.0
2026-03-21 09:48:00,27.07,5.0,4.414,1.0
2026-03-21 09:49:00,27.02,5.0,4.404,1.0
2026-03-21 09:50:00,26.99,5.0,4.398,1.0
2026-03-21 09:51:00,26.92,5.0,4.384,1.0
2026-03-21 09:52:00,26.77,5.0,4.354,1.0
2026-03-21 09:53:00,26.62,5.0,4.324,1.0
2026-03-21 09:54:00,26.42,5.0,4.284000000000001,1.0
2026-03-21 09:55:00,25.96,5.0,4.192,1.0
2026-03-21 09:56:00,26.01,5.0,4.202,1.0
2026-03-21 09:57:00,26.11,5.0,4.2219999999999995,1.0
2026-03-21 09:58:00,26.24,5.0,4.247999999999999,1.0
2026-03-21 09:59:00,26.13,5.0,4.226,1.0
2026-03-21 10:00:00,26.15,5.0,4.2299999999999995,1.0
2026-03-21 10:01:00,26.17,5.0,4.234,1.0
2026-03-21 10:02:00,26.01,5.0,4.202,1.0
2026-03-21 10:03:00,25.93,5.0,4.186,1.0
2026-03-21 10:04:00,25.99,5.0,4.1979999999999995,1.0
2026-03-21 10:05:00,25.65,5.0,4.13,1.0
2026-03-21 10:06:00,25.41,5.0,4.082,1.0
2026-03-21 10:07:00,25.67,5.0,4.134,1.0
2026-03-21 10:08:00,25.68,5.0,4.136,1.0
2026-03-21 10:09:00,25.83,5.0,4.1659999999999995,1.0
2026-03-21 10:10:00,25.8,5.0,4.16,1.0
2026-03-21 10:11:00,25.78,5.0,4.156000000000001,1.0
2026-03-21 10:12:00,25.62,5.0,4.1240000000000006,1.0
2026-03-21 10:13:00,21.7,5.0,3.34,1.0
2026-03-21 10:14:00,25.26,5.0,4.0520000000000005,1.0
2026-03-21 10:15:00,25.36,5.0,4.072,1.0
2026-03-21 10:16:00,25.18,5.0,4.036,1.0
2026-03-21 10:17:00,25.16,5.0,4.032,1.0
2026-03-21 10:18:00,24.96,5.0,3.992,1.0
2026-03-21 10:19:00,24.98,5.0,3.996,1.0
2026-03-21 10:20:00,25.28,5.0,4.056,1.0
2026-03-21 10:21:00,25.58,5.0,4.116,1.0
2026-03-21 10:22:00,25.68,5.0,4.136,1.0
2026-03-21 10:23:00,25.68,5.0,4.136,1.0
2026-03-21 10:24:00,25.58,5.0,4.116,1.0
2026-03-21 10:25:00,25.4,5.0,4.08,1.0
2026-03-21 10:26:00,25.33,5.0,4.066,1.0
2026-03-21 10:27:00,25.56,5.0,4.112,1.0
2026-03-21 10:28:00,25.74,5.0,4.148,1.0
2026-03-21 10:29:00,25.71,5.0,4.142,1.0
2026-03-21 10:30:00,25.7,5.0,4.14,1.0
2026-03-21 10:32:00,25.48,5.0,4.096,1.0
2026-03-21 10:33:00,25.41,5.0,4.082,1.0
2026-03-21 10:34:00,25.45,5.0,4.09,1.0
2026-03-21 10:35:00,25.6,5.0,4.12,1.0
2026-03-21 10:36:00,25.78,5.0,4.156000000000001,1.0
2026-03-21 10:37:00,25.76,5.0,4.152,1.0
2026-03-21 10:38:00,25.96,5.0,4.192,1.0
2026-03-21 10:39:00,25.99,5.0,4.1979999999999995,1.0
2026-03-21 10:40:00,25.52,5.0,4.104,1.0
2026-03-21 10:41:00,25.86,5.0,4.172,1.0
2026-03-21 10:42:00,25.99,5.0,4.1979999999999995,1.0
2026-03-21 10:43:00,26.02,5.0,4.204,1.0
2026-03-21 10:44:00,26.02,5.0,4.204,1.0
2026-03-21 10:45:00,26.02,5.0,4.204,1.0
2026-03-21 10:46:00,25.98,5.0,4.196,1.0
2026-03-21 10:47:00,25.83,5.0,4.1659999999999995,1.0
2026-03-21 10:48:00,25.48,5.0,4.096,1.0
2026-03-21 10:49:00,25.39,5.0,4.078,1.0
2026-03-21 10:50:00,25.18,5.0,4.036,1.0
2026-03-21 10:51:00,25.42,5.0,4.0840000000000005,1.0
2026-03-21 10:52:00,25.33,5.0,4.066,1.0
2026-03-21 10:53:00,25.15,5.0,4.029999999999999,1.0
2026-03-21 10:54:00,25.03,5.0,4.006,1.0
2026-03-21 10:55:00,24.64,5.0,3.928,1.0
2026-03-21 10:56:00,25.08,5.0,4.016,1.0
2026-03-21 10:57:00,25.49,5.0,4.098,1.0
2026-03-21 10:58:00,25.61,5.0,4.122,1.0
2026-03-21 10:59:00,25.79,5.0,4.1579999999999995,1.0
2026-03-21 11:00:00,25.67,5.0,4.134,1.0
2026-03-21 11:01:00,26.03,5.0,4.206,1.0
2026-03-21 11:02:00,26.13,5.0,4.226,1.0
2026-03-21 11:03:00,26.24,5.0,4.247999999999999,1.0
2026-03-21 11:04:00,26.12,5.0,4.224,1.0
2026-03-21 11:05:00,26.18,5.0,4.236,1.0
2026-03-21 11:06:00,26.21,5.0,4.242,1.0
2026-03-21 11:07:00,26.4,5.0,4.279999999999999,1.0
2026-03-21 11:08:00,26.42,5.0,4.284000000000001,1.0
2026-03-21 11:09:00,26.25,5.0,4.25,1.0
2026-03-21 11:10:00,26.09,5.0,4.218,1.0
2026-03-21 11:11:00,25.91,5.0,4.182,1.0
2026-03-21 11:12:00,25.95,5.0,4.1899999999999995,1.0
2026-03-21 11:13:00,25.93,5.0,4.186,1.0
2026-03-21 11:14:00,26.32,5.0,4.264,1.0
2026-03-21 11:15:00,26.22,5.0,4.244,1.0
2026-03-21 11:16:00,26.2,5.0,4.24,1.0
2026-03-21 11:17:00,26.18,5.0,4.236,1.0
2026-03-21 11:18:00,26.1,5.0,4.220000000000001,1.0
2026-03-21 11:19:00,25.93,5.0,4.186,1.0
2026-03-21 11:20:00,26.15,5.0,4.2299999999999995,1.0
2026-03-21 11:21:00,26.23,5.0,4.246,1.0
2026-03-21 11:22:00,26.38,5.0,4.276,1.0
2026-03-21 11:23:00,26.41,5.0,4.282,1.0
2026-03-21 11:24:00,26.39,5.0,4.2780000000000005,1.0
2026-03-21 11:25:00,26.83,5.0,4.366,1.0
2026-03-21 11:26:00,26.94,5.0,4.388,1.0
2026-03-21 11:27:00,26.85,5.0,4.37,1.0
2026-03-21 11:28:00,26.19,5.0,4.238,1.0
2026-03-21 11:29:00,26.01,5.0,4.202,1.0
2026-03-21 11:30:00,26.02,5.0,4.204,1.0
2026-03-21 11:31:00,26.08,5.0,4.215999999999999,1.0
2026-03-21 11:32:00,26.12,5.0,4.224,1.0
2026-03-21 11:33:00,26.24,5.0,4.247999999999999,1.0
2026-03-21 11:34:00,25.92,5.0,4.184,1.0
2026-03-21 11:35:00,25.95,5.0,4.1899999999999995,1.0
2026-03-21 11:36:00,26.03,5.0,4.206,1.0
2026-03-21 11:37:00,26.05,5.0,4.21,1.0
2026-03-21 11:38:00,26.09,5.0,4.218,1.0
2026-03-21 11:39:00,26.24,5.0,4.247999999999999,1.0
2026-03-21 11:40:00,26.24,5.0,4.247999999999999,1.0
2026-03-21 11:41:00,26.18,5.0,4.236,1.0
2026-03-21 11:42:00,26.22,5.0,4.244,1.0
2026-03-21 11:43:00,26.19,5.0,4.238,1.0
2026-03-21 11:44:00,26.03,5.0,4.206,1.0
2026-03-21 11:45:00,25.51,5.0,4.102,1.0
2026-03-21 11:46:00,25.79,5.0,4.1579999999999995,1.0
2026-03-21 11:47:00,25.93,5.0,4.186,1.0
2026-03-21 11:48:00,25.93,5.0,4.186,1.0
2026-03-21 11:49:00,25.89,5.0,4.178,1.0
2026-03-21 11:50:00,25.9,5.0,4.18,1.0
2026-03-21 11:51:00,26.02,5.0,4.204,1.0
2026-03-21 11:52:00,26.0,5.0,4.2,1.0
2026-03-21 11:53:00,25.94,5.0,4.188000000000001,1.0
2026-03-21 11:54:00,26.03,5.0,4.206,1.0
2026-03-21 11:55:00,26.03,5.0,4.206,1.0
2026-03-21 11:56:00,26.12,5.0,4.224,1.0
2026-03-21 11:57:00,26.32,5.0,4.264,1.0
2026-03-21 11:58:00,26.4,5.0,4.279999999999999,1.0
2026-03-21 11:59:00,26.44,5.0,4.288,1.0
2026-03-21 12:00:00,26.44,5.0,4.288,1.0
2026-03-21 12:01:00,26.37,5.0,4.274,1.0
2026-03-21 12:02:00,26.43,5.0,4.286,1.0
2026-03-21 12:03:00,26.45,5.0,4.29,1.0
2026-03-21 12:04:00,26.32,5.0,4.264,1.0
2026-03-21 12:05:00,26.14,5.0,4.228,1.0
2026-03-21 12:06:00,26.2,5.0,4.24,1.0
2026-03-21 12:07:00,26.42,5.0,4.284000000000001,1.0
2026-03-21 12:08:00,26.51,5.0,4.3020000000000005,1.0
2026-03-21 12:09:00,26.5,5.0,4.3,1.0
2026-03-21 12:10:00,26.53,5.0,4.306,1.0
2026-03-21 12:11:00,26.54,5.0,4.308,1.0
2026-03-21 12:12:00,26.56,5.0,4.311999999999999,1.0
2026-03-21 12:13:00,26.61,5.0,4.322,1.0
2026-03-21 12:14:00,26.72,5.0,4.343999999999999,1.0
2026-03-21 12:15:00,26.73,5.0,4.346,1.0
2026-03-21 12:16:00,26.77,5.0,4.354,1.0
2026-03-21 12:17:00,26.85,5.0,4.37,1.0
2026-03-21 12:18:00,27.0,5.0,4.4,1.0
2026-03-21 12:19:00,27.06,5.0,4.412,1.0
2026-03-21 12:22:00,26.91,5.0,4.382,1.0
2026-03-21 12:23:00,27.01,5.0,4.402,1.0
2026-03-21 12:24:00,26.88,5.0,4.3759999999999994,1.0
2026-03-21 12:25:00,26.97,5.0,4.394,1.0
2026-03-21 12:26:00,27.18,5.0,4.436,1.0
2026-03-21 12:27:00,27.35,5.0,4.470000000000001,1.0
2026-03-21 12:28:00,27.24,5.0,4.4479999999999995,1.0
2026-03-21 12:29:00,27.37,5.0,4.474,1.0
2026-03-21 12:30:00,27.42,5.0,4.484,1.0
2026-03-21 12:31:00,27.49,5.0,4.497999999999999,1.0
2026-03-21 12:33:00,27.52,5.0,4.504,1.0
2026-03-21 12:34:00,27.58,5.0,4.516,1.0
2026-03-21 12:35:00,27.58,5.0,4.516,1.0
2026-03-21 12:36:00,27.57,5.0,4.514,1.0
2026-03-21 12:37:00,27.61,5.0,4.522,1.0
2026-03-21 12:38:00,27.65,5.0,4.529999999999999,1.0
2026-03-21 12:39:00,27.7,5.0,4.54,1.0
2026-03-21 12:40:00,27.63,5.0,4.526,1.0
2026-03-21 12:41:00,27.67,5.0,4.534000000000001,1.0
2026-03-21 12:42:00,27.65,5.0,4.529999999999999,1.0
2026-03-21 12:43:00,27.75,5.0,4.55,1.0
2026-03-21 12:44:00,27.67,5.0,4.534000000000001,1.0
2026-03-21 12:45:00,27.75,5.0,4.55,1.0
2026-03-21 12:46:00,27.74,5.0,4.548,1.0
2026-03-21 12:47:00,27.74,5.0,4.548,1.0
2026-03-21 12:48:00,27.83,5.0,4.566,1.0
2026-03-21 12:49:00,28.01,5.0,4.602,1.0
2026-03-21 12:50:00,28.06,5.0,4.612,1.0
2026-03-21 12:51:00,28.03,5.0,4.606,1.0
2026-03-21 12:52:00,28.02,5.0,4.604,1.0
2026-03-21 12:53:00,28.1,5.0,4.62,1.0
2026-03-21 12:54:00,28.13,5.0,4.6259999999999994,1.0
2026-03-21 12:55:00,28.26,5.0,4.652,1.0
2026-03-21 12:56:00,28.3,5.0,4.66,1.0
2026-03-21 12:57:00,28.25,5.0,4.65,1.0
2026-03-21 12:58:00,28.27,5.0,4.654,1.0
2026-03-21 12:59:00,28.34,5.0,4.668,1.0
2026-03-21 13:00:00,28.44,5.0,4.688000000000001,1.0
2026-03-21 13:01:00,28.4,5.0,4.68,1.0
2026-03-21 13:02:00,28.48,5.0,4.696,1.0
2026-03-21 13:03:00,28.45,5.0,4.6899999999999995,1.0
2026-03-21 13:04:00,28.58,5.0,4.715999999999999,1.0
2026-03-21 13:05:00,28.65,5.0,4.7299999999999995,1.0
2026-03-21 13:06:00,28.7,5.0,4.74,1.0
2026-03-21 13:07:00,28.79,5.0,4.758,1.0
2026-03-21 13:08:00,28.79,5.0,4.758,1.0
2026-03-21 13:09:00,28.89,5.0,4.7780000000000005,1.0
2026-03-21 13:10:00,28.95,5.0,4.79,1.0
2026-03-21 13:11:00,28.99,5.0,4.798,1.0
2026-03-21 13:12:00,29.07,5.0,4.814,1.0
2026-03-21 13:13:00,29.14,5.0,4.828,1.0
2026-03-21 13:14:00,29.18,5.0,4.836,1.0
2026-03-21 13:15:00,29.15,5.0,4.83,1.0
2026-03-21 13:16:00,29.11,5.0,4.822,1.0
2026-03-21 13:17:00,29.17,5.0,4.8340000000000005,1.0
2026-03-21 13:18:00,29.29,5.0,4.858,1.0
2026-03-21 13:19:00,29.43,5.0,4.886,1.0
2026-03-21 13:20:00,29.52,5.0,4.904,1.0
2026-03-21 13:21:00,29.52,5.0,4.904,1.0
2026-03-21 13:22:00,29.61,5.0,4.922,1.0
2026-03-21 13:23:00,29.64,5.0,4.928,1.0
2026-03-21 13:24:00,29.67,5.0,4.934,1.0
2026-03-21 13:25:00,29.7,5.0,4.9399999999999995,1.0
2026-03-21 13:26:00,29.76,5.0,4.952,1.0
2026-03-21 13:27:00,29.8,5.0,4.96,1.0
2026-03-21 13:28:00,29.91,5.0,4.982,1.0
2026-03-21 13:29:00,30.02,5.0,5.004,1.0
2026-03-21 13:30:00,30.08,5.0,5.016,1.0
2026-03-21 13:31:00,30.31,5.0,5.061999999999999,1.0
2026-03-21 13:32:00,30.47,5.0,5.093999999999999,1.0
2026-03-21 13:33:00,30.43,5.0,5.086,1.0
2026-03-21 13:34:00,30.32,5.0,5.064,1.0
2026-03-21 13:35:00,30.27,5.0,5.054,1.0
2026-03-21 13:36:00,30.4,5.0,5.08,1.0
2026-03-21 13:37:00,30.46,5.0,5.0920000000000005,1.0
2026-03-21 13:38:00,30.54,5.0,5.108,1.0
2026-03-21 13:39:00,30.59,5.0,5.118,1.0
2026-03-21 13:40:00,30.58,5.0,5.116,1.0
2026-03-21 13:41:00,30.65,5.0,5.13,1.0
2026-03-21 13:42:00,30.63,5.0,5.1259999999999994,1.0
2026-03-21 13:43:00,30.9,5.0,5.18,1.0
2026-03-21 13:44:00,30.87,5.0,5.174,1.0
2026-03-21 13:45:00,30.91,5.0,5.182,1.0
2026-03-21 13:46:00,30.99,5.0,5.1979999999999995,1.0
2026-03-21 13:47:00,31.03,5.0,5.206,1.0
2026-03-21 13:48:00,31.1,5.0,5.220000000000001,1.0
2026-03-21 13:49:00,31.18,5.0,5.236,1.0
2026-03-21 13:50:00,31.28,5.0,5.256,1.0
2026-03-21 13:51:00,31.33,5.0,5.266,1.0
2026-03-21 13:52:00,31.38,5.0,5.276,1.0
2026-03-21 13:53:00,31.43,5.0,5.286,1.0
2026-03-21 13:54:00,31.47,5.0,5.294,1.0
2026-03-21 13:55:00,31.54,5.0,5.308,1.0
2026-03-21 13:56:00,31.57,5.0,5.314,1.0
2026-03-21 13:57:00,31.6,5.0,5.32,1.0
2026-03-21 13:58:00,31.56,5.0,5.311999999999999,1.0
2026-03-21 13:59:00,31.58,5.0,5.316,1.0
2026-03-21 14:00:00,31.68,5.0,5.336,1.0
2026-03-21 14:01:00,31.76,5.0,5.352,1.0
2026-03-21 14:02:00,31.77,5.0,5.354,1.0
2026-03-21 14:03:00,31.68,5.0,5.336,1.0
2026-03-21 14:04:00,31.58,5.0,5.316,1.0
2026-03-21 14:05:00,31.64,5.0,5.328,1.0
2026-03-21 14:06:00,31.61,5.0,5.322,1.0
2026-03-21 14:07:00,31.61,5.0,5.322,1.0
2026-03-21 14:08:00,31.63,5.0,5.326,1.0
2026-03-21 14:09:00,31.64,5.0,5.328,1.0
2026-03-21 14:10:00,31.37,5.0,5.274,1.0
2026-03-21 14:11:00,31.69,5.0,5.338,1.0
2026-03-21 14:12:00,32.04,5.0,5.4079999999999995,1.0
2026-03-21 14:13:00,31.73,5.0,5.346,1.0
2026-03-21 14:14:00,31.53,5.0,5.306,1.0
2026-03-21 14:15:00,31.96,5.0,5.392,1.0
2026-03-21 14:16:00,32.27,5.0,5.454000000000001,1.0
2026-03-21 14:17:00,32.36,5.0,5.4719999999999995,1.0
2026-03-21 14:18:00,32.77,5.0,5.554,1.0
2026-03-21 14:19:00,32.99,5.0,5.598000000000001,1.0
2026-03-21 14:20:00,33.11,5.0,5.622,1.0
2026-03-21 14:21:00,33.31,5.0,5.662000000000001,1.0
2026-03-21 14:22:00,33.49,5.0,5.698,1.0
2026-03-21 14:23:00,33.68,5.0,5.736,1.0
2026-03-21 14:24:00,33.65,5.0,5.7299999999999995,1.0
2026-03-21 14:25:00,33.55,5.0,5.709999999999999,1.0
2026-03-21 14:26:00,33.71,5.0,5.742,1.0
2026-03-21 14:27:00,33.89,5.0,5.7780000000000005,1.0
2026-03-21 14:28:00,33.67,5.0,5.734,1.0
2026-03-21 14:29:00,33.78,5.0,5.756,1.0
2026-03-21 14:30:00,34.0,5.0,5.8,1.0
2026-03-21 14:34:00,34.38,5.0,5.876,1.0
2026-03-21 14:35:00,34.09,5.0,5.8180000000000005,1.0
2026-03-21 14:36:00,33.79,5.0,5.758,1.0
2026-03-21 14:37:00,33.81,5.0,5.7620000000000005,1.0
2026-03-21 14:38:00,33.88,5.0,5.776000000000001,1.0
2026-03-21 14:39:00,33.8,5.0,5.76,1.0
2026-03-21 14:40:00,33.5,5.0,5.7,1.0
2026-03-21 14:41:00,33.61,5.0,5.7219999999999995,1.0
2026-03-21 14:42:00,33.58,5.0,5.715999999999999,1.0
2026-03-21 14:43:00,33.76,5.0,5.752,1.0
2026-03-21 14:44:00,33.87,5.0,5.773999999999999,1.0
2026-03-21 14:45:00,33.94,5.0,5.787999999999999,1.0
2026-03-21 14:46:00,34.07,5.0,5.814,1.0
2026-03-21 14:47:00,34.36,5.0,5.872,1.0
2026-03-21 14:48:00,34.55,5.0,5.909999999999999,1.0
2026-03-21 14:49:00,34.65,5.0,5.93,1.0
2026-03-21 14:50:00,34.79,5.0,5.958,1.0
2026-03-21 14:51:00,34.95,5.0,5.99,1.0
2026-03-21 14:52:00,35.05,5.0,6.01,1.0
2026-03-21 14:53:00,35.18,5.0,6.036,1.0
2026-03-21 14:54:00,35.33,5.0,6.066,1.0
2026-03-21 14:55:00,35.45,5.0,6.090000000000001,1.0
2026-03-21 14:56:00,35.53,5.0,6.106,1.0
2026-03-21 14:57:00,35.65,5.0,6.13,1.0
2026-03-21 14:58:00,35.79,5.0,6.1579999999999995,1.0
2026-03-21 14:59:00,35.96,5.0,6.192,1.0
2026-03-21 15:00:00,36.16,5.0,6.231999999999999,1.0
2026-03-21 15:01:00,36.29,5.0,6.258,1.0
2026-03-21 15:02:00,36.41,5.0,6.281999999999999,1.0
2026-03-21 15:03:00,36.51,5.0,6.302,1.0
2026-03-21 15:04:00,36.67,5.0,6.3340000000000005,1.0
2026-03-21 15:05:00,36.85,5.0,6.37,1.0
2026-03-21 15:06:00,37.01,5.0,6.401999999999999,1.0
2026-03-21 15:07:00,37.18,5.0,6.436,1.0
2026-03-21 15:08:00,37.34,5.0,6.468000000000001,1.0
2026-03-21 15:09:00,37.47,5.0,6.494,1.0
2026-03-21 15:10:00,37.59,5.0,6.518000000000001,1.0
2026-03-21 15:11:00,37.72,5.0,6.544,1.0
2026-03-21 15:12:00,37.86,5.0,6.572,1.0
2026-03-21 15:13:00,37.88,5.0,6.5760000000000005,1.0
2026-03-21 15:14:00,37.89,5.0,6.578,1.0
2026-03-21 15:15:00,37.92,5.0,6.5840000000000005,1.0
2026-03-21 15:16:00,37.93,5.0,6.586,1.0
2026-03-21 15:17:00,37.98,5.0,6.595999999999999,1.0
2026-03-21 15:18:00,38.05,5.0,6.609999999999999,1.0
2026-03-21 15:19:00,38.16,5.0,6.632,1.0
2026-03-21 15:20:00,38.14,5.0,6.628,1.0
2026-03-21 15:21:00,37.96,5.0,6.5920000000000005,1.0
2026-03-21 15:22:00,38.03,5.0,6.606,1.0
2026-03-21 15:23:00,38.09,5.0,6.618,1.0
2026-03-21 15:24:00,38.3,5.0,6.659999999999999,1.0
2026-03-21 15:25:00,38.48,5.0,6.696,1.0
2026-03-21 15:26:00,38.53,5.0,6.706,1.0
2026-03-21 15:27:00,38.65,5.0,6.7299999999999995,1.0
2026-03-21 15:28:00,38.72,5.0,6.744,1.0
2026-03-21 15:29:00,38.74,5.0,6.748,1.0
2026-03-21 15:30:00,38.53,5.0,6.706,1.0
2026-03-21 15:31:00,38.83,5.0,6.766,1.0
2026-03-21 15:32:00,38.97,5.0,6.794,1.0
2026-03-21 15:33:00,38.91,5.0,6.781999999999999,1.0
2026-03-21 15:34:00,38.8,5.0,6.76,1.0
2026-03-21 15:35:00,38.8,5.0,6.76,1.0
2026-03-21 15:36:00,38.75,5.0,6.75,1.0
2026-03-21 15:37:00,38.71,5.0,6.742,1.0
2026-03-21 15:38:00,38.58,5.0,6.715999999999999,1.0
2026-03-21 15:39:00,38.43,5.0,6.686,1.0
2026-03-21 15:40:00,38.43,5.0,6.686,1.0
2026-03-21 15:41:00,38.35,5.0,6.67,1.0
2026-03-21 15:42:00,38.31,5.0,6.662000000000001,1.0
2026-03-21 15:43:00,38.26,5.0,6.651999999999999,1.0
2026-03-21 15:44:00,38.17,5.0,6.634,1.0
2026-03-21 15:45:00,38.08,5.0,6.616,1.0
2026-03-21 15:46:00,37.93,5.0,6.586,1.0
2026-03-21 15:47:00,37.82,5.0,6.564,1.0
2026-03-21 15:48:00,37.77,5.0,6.554,1.0
2026-03-21 15:49:00,37.65,5.0,6.529999999999999,1.0
2026-03-21 15:50:00,37.64,5.0,6.5280000000000005,1.0
2026-03-21 15:51:00,37.63,5.0,6.526000000000001,1.0
2026-03-21 15:52:00,37.54,5.0,6.508,1.0
2026-03-21 15:53:00,37.38,5.0,6.476000000000001,1.0
2026-03-21 15:54:00,37.26,5.0,6.452,1.0
2026-03-21 15:55:00,37.13,5.0,6.426,1.0
2026-03-21 15:56:00,37.07,5.0,6.414,1.0
2026-03-21 15:57:00,36.89,5.0,6.378,1.0
2026-03-21 15:58:00,36.83,5.0,6.366,1.0
2026-03-21 16:00:00,36.62,5.0,6.324,1.0
2026-03-21 16:01:00,36.56,5.0,6.312,1.0
2026-03-21 16:02:00,36.41,5.0,6.281999999999999,1.0
2026-03-21 16:03:00,36.28,5.0,6.256,1.0
2026-03-21 16:04:00,36.17,5.0,6.234,1.0
2026-03-21 16:05:00,36.07,5.0,6.214,1.0
2026-03-21 16:06:00,35.95,5.0,6.19,1.0
2026-03-21 16:07:00,35.76,5.0,6.151999999999999,1.0
2026-03-21 16:08:00,35.58,5.0,6.116,1.0
2026-03-21 16:09:00,35.41,5.0,6.081999999999999,1.0
2026-03-21 16:10:00,35.26,5.0,6.052,1.0
2026-03-21 16:11:00,35.11,5.0,6.022,1.0
2026-03-21 16:13:00,34.83,5.0,5.965999999999999,1.0
2026-03-21 16:14:00,34.75,5.0,5.95,1.0
2026-03-21 16:15:00,34.59,5.0,5.918000000000001,1.0
2026-03-21 16:16:00,34.45,5.0,5.890000000000001,1.0
2026-03-21 16:17:00,34.33,5.0,5.866,1.0
2026-03-21 16:18:00,34.21,5.0,5.8420000000000005,1.0
2026-03-21 16:19:00,34.09,5.0,5.8180000000000005,1.0
2026-03-21 16:20:00,33.98,5.0,5.795999999999999,1.0
2026-03-21 16:21:00,33.8,5.0,5.76,1.0
2026-03-21 16:22:00,33.83,5.0,5.766,1.0
2026-03-21 16:23:00,33.66,5.0,5.731999999999999,1.0
2026-03-21 16:24:00,33.51,5.0,5.702,1.0
2026-03-21 16:25:00,33.37,5.0,5.6739999999999995,1.0
2026-03-21 16:26:00,33.31,5.0,5.662000000000001,1.0
2026-03-21 16:27:00,32.99,5.0,5.598000000000001,1.0
2026-03-21 16:28:00,32.97,5.0,5.593999999999999,1.0
2026-03-21 16:29:00,32.86,5.0,5.572,1.0
2026-03-21 16:30:00,32.68,5.0,5.536,1.0
2026-03-21 16:31:00,32.47,5.0,5.494,1.0
2026-03-21 16:32:00,32.32,5.0,5.464,1.0
2026-03-21 16:33:00,32.22,5.0,5.444,1.0
2026-03-21 16:34:00,32.1,5.0,5.42,1.0
2026-03-21 16:35:00,31.95,5.0,5.39,1.0
2026-03-21 16:36:00,31.67,5.0,5.3340000000000005,1.0
2026-03-21 16:37:00,31.57,5.0,5.314,1.0
2026-03-21 16:38:00,31.8,5.0,5.36,1.0
2026-03-21 16:39:00,31.22,5.0,5.244,1.0
2026-03-21 16:40:00,31.03,5.0,5.206,1.0
2026-03-21 16:41:00,30.92,5.0,5.184,1.0
2026-03-21 16:42:00,30.68,5.0,5.136,1.0
2026-03-21 16:43:00,30.55,5.0,5.11,1.0
2026-03-21 16:44:00,30.37,5.0,5.074,1.0
2026-03-21 16:45:00,30.18,5.0,5.036,1.0
2026-03-21 16:46:00,30.0,5.0,5.0,1.0
2026-03-21 16:47:00,29.73,5.0,4.946,1.0
2026-03-21 16:48:00,29.58,5.0,4.9159999999999995,1.0
2026-03-21 16:49:00,29.43,5.0,4.886,1.0
2026-03-21 16:50:00,29.31,5.0,4.862,1.0
2026-03-21 16:51:00,29.15,5.0,4.83,1.0
2026-03-21 16:52:00,28.97,5.0,4.794,1.0
2026-03-21 16:53:00,28.75,5.0,4.75,1.0
2026-03-21 16:54:00,28.11,5.0,4.622,1.0
2026-03-21 16:55:00,28.2,5.0,4.64,1.0
2026-03-21 16:56:00,28.01,5.0,4.602,1.0
2026-03-21 16:57:00,27.91,5.0,4.582,1.0
2026-03-21 16:58:00,27.81,5.0,4.561999999999999,1.0
2026-03-21 16:59:00,28.0,5.0,4.6,1.0
2026-03-21 17:00:00,27.84,5.0,4.568,1.0
2026-03-21 17:01:00,27.67,5.0,4.534000000000001,1.0
2026-03-21 17:03:00,26.98,5.0,4.396,1.0
2026-03-21 17:04:00,26.94,5.0,4.388,1.0
2026-03-21 17:05:00,26.66,5.0,4.332,1.0
2026-03-21 17:06:00,26.4,5.0,4.279999999999999,1.0
2026-03-21 17:07:00,26.14,5.0,4.228,1.0
2026-03-21 17:08:00,25.98,5.0,4.196,1.0
2026-03-21 17:09:00,25.87,5.0,4.174,1.0
2026-03-21 17:10:00,25.7,5.0,4.14,1.0
2026-03-21 17:11:00,25.55,5.0,4.11,1.0
2026-03-21 17:12:00,25.58,5.0,4.116,1.0
2026-03-21 17:13:00,25.41,5.0,4.082,1.0
2026-03-21 17:14:00,25.19,5.0,4.038,1.0
2026-03-21 17:15:00,25.0,5.0,4.0,1.0
2026-03-21 17:16:00,24.89,5.0,3.978,1.0
2026-03-21 17:17:00,24.74,5.0,3.9479999999999995,1.0
2026-03-21 17:18:00,24.49,5.0,3.8979999999999997,1.0
2026-03-21 17:19:00,24.35,5.0,3.87,1.0
2026-03-21 17:20:00,24.2,5.0,3.84,1.0
2026-03-21 17:21:00,23.91,5.0,3.782,1.0
2026-03-21 17:22:00,23.55,5.0,3.71,1.0
2026-03-21 17:23:00,23.27,5.0,3.654,1.0
2026-03-21 17:24:00,23.29,5.0,3.658,1.0
2026-03-21 17:25:00,23.13,5.0,3.626,1.0
2026-03-21 17:26:00,23.0,5.0,3.6,1.0
2026-03-21 17:27:00,22.83,5.0,3.566,1.0
2026-03-21 17:28:00,22.66,5.0,3.532,1.0
2026-03-21 17:29:00,22.64,5.0,3.528,1.0
2026-03-21 17:30:00,22.49,5.0,3.4979999999999998,1.0
2026-03-21 17:31:00,22.36,5.0,3.472,1.0
2026-03-21 17:32:00,22.19,5.0,3.438,1.0
2026-03-21 17:33:00,22.06,5.0,3.412,1.0
2026-03-21 17:34:00,21.93,5.0,3.386,1.0
2026-03-21 17:35:00,21.82,5.0,3.364,1.0
2026-03-21 17:36:00,21.67,5.0,3.3340000000000005,1.0
2026-03-21 17:37:00,21.58,5.0,3.316,1.0
2026-03-21 17:38:00,21.6,5.0,3.3200000000000003,1.0
2026-03-21 17:39:00,21.46,5.0,3.2920000000000003,1.0
2026-03-21 17:40:00,21.31,5.0,3.2619999999999996,1.0
2026-03-21 17:41:00,21.2,5.0,3.2399999999999998,1.0
2026-03-21 17:42:00,20.84,5.0,3.168,1.0
2026-03-21 17:43:00,20.93,5.0,3.186,1.0
2026-03-21 17:44:00,20.91,5.0,3.182,1.0
2026-03-21 17:45:00,20.85,5.0,3.1700000000000004,1.0
2026-03-21 17:46:00,20.74,5.0,3.1479999999999997,1.0
2026-03-21 17:47:00,20.59,5.0,3.118,1.0
2026-03-21 17:48:00,20.44,5.0,3.088,1.0
2026-03-21 17:49:00,20.34,5.0,3.068,1.0
2026-03-21 17:50:00,20.38,5.0,3.0759999999999996,1.0
2026-03-21 17:51:00,20.3,5.0,3.06,1.0
2026-03-21 17:52:00,20.33,5.0,3.066,1.0
2026-03-21 17:53:00,20.27,5.0,3.054,1.0
2026-03-21 17:54:00,20.24,5.0,3.0479999999999996,1.0
2026-03-21 17:55:00,20.28,5.0,3.056,1.0
2026-03-21 17:56:00,20.76,5.0,3.152,1.0
2026-03-21 17:57:00,20.89,5.0,3.178,1.0
2026-03-21 17:58:00,20.68,5.0,3.136,1.0
2026-03-21 17:59:00,20.59,5.0,3.118,1.0
2026-03-21 18:00:00,20.41,5.0,3.082,1.0
2026-03-21 18:01:00,20.25,5.0,3.05,1.0
2026-03-21 18:02:00,20.06,5.0,3.0119999999999996,1.0
2026-03-21 18:03:00,20.08,5.0,3.0159999999999996,1.0
2026-03-21 18:04:00,19.96,5.0,2.992,1.0
2026-03-21 18:05:00,19.95,5.0,2.9899999999999998,1.0
2026-03-21 18:06:00,20.0,5.0,3.0,1.0
2026-03-21 18:07:00,19.88,5.0,2.976,1.0
2026-03-21 18:08:00,19.9,5.0,2.9799999999999995,1.0
2026-03-21 18:09:00,19.9,5.0,2.9799999999999995,1.0
2026-03-21 18:10:00,19.85,5.0,2.97,1.0
2026-03-21 18:11:00,19.82,5.0,2.964,1.0
2026-03-21 18:12:00,19.73,5.0,2.946,1.0
2026-03-21 18:13:00,19.68,5.0,2.936,1.0
2026-03-21 18:14:00,19.64,5.0,2.928,1.0
2026-03-21 18:15:00,19.59,5.0,2.918,1.0
2026-03-21 18:16:00,19.55,5.0,2.91,1.0
2026-03-21 18:17:00,19.52,5.0,2.904,1.0
2026-03-21 18:18:00,19.5,5.0,2.9,1.0
2026-03-21 18:19:00,19.43,5.0,2.886,1.0
2026-03-21 18:20:00,19.4,5.0,2.88,1.0
2026-03-21 18:21:00,19.28,5.0,2.8560000000000003,1.0
2026-03-21 18:22:00,19.15,5.0,2.8299999999999996,1.0
2026-03-21 18:23:00,19.12,5.0,2.8240000000000003,1.0
2026-03-21 18:26:00,18.87,5.0,2.774,1.0
2026-03-21 18:27:00,18.88,5.0,2.776,1.0
2026-03-21 18:28:00,18.95,5.0,2.79,1.0
2026-03-21 18:29:00,18.92,5.0,2.7840000000000003,1.0
2026-03-21 18:30:00,18.93,5.0,2.786,1.0
2026-03-21 18:31:00,19.0,5.0,2.8,1.0
2026-03-21 18:33:00,19.03,5.0,2.806,1.0
2026-03-21 18:34:00,19.02,5.0,2.804,1.0
2026-03-21 18:35:00,19.03,5.0,2.806,1.0
2026-03-21 18:36:00,19.03,5.0,2.806,1.0
2026-03-21 18:37:00,19.02,5.0,2.804,1.0
2026-03-21 18:38:00,19.04,5.0,2.808,1.0
2026-03-21 18:39:00,19.0,5.0,2.8,1.0
2026-03-21 18:40:00,18.99,5.0,2.7979999999999996,1.0
2026-03-21 18:41:00,18.93,5.0,2.786,1.0
2026-03-21 18:42:00,18.81,5.0,2.7619999999999996,1.0
2026-03-21 18:43:00,18.82,5.0,2.7640000000000002,1.0
2026-03-21 18:44:00,18.81,5.0,2.7619999999999996,1.0
2026-03-21 18:45:00,18.38,5.0,2.6759999999999997,1.0
2026-03-21 18:46:00,17.93,5.0,2.586,1.0
2026-03-21 18:47:00,17.88,5.0,2.5759999999999996,1.0
2026-03-21 18:48:00,17.87,5.0,2.5740000000000003,1.0
2026-03-21 18:49:00,17.83,5.0,2.566,1.0
2026-03-21 18:50:00,17.82,5.0,2.564,1.0
2026-03-21 18:51:00,17.83,5.0,2.566,1.0
2026-03-21 18:52:00,17.78,5.0,2.556,1.0
2026-03-21 18:53:00,17.81,5.0,2.562,1.0
2026-03-21 18:54:00,17.74,5.0,2.5479999999999996,1.0
2026-03-21 18:55:00,17.72,5.0,2.5439999999999996,1.0
2026-03-21 18:56:00,17.69,5.0,2.5380000000000003,1.0
2026-03-21 18:57:00,17.59,5.0,2.518,1.0
2026-03-21 18:58:00,17.55,5.0,2.5100000000000002,1.0
2026-03-21 18:59:00,17.51,5.0,2.5020000000000002,1.0
2026-03-21 19:00:00,17.45,5.0,2.4899999999999998,1.0
2026-03-21 19:01:00,17.45,5.0,2.4899999999999998,1.0
2026-03-21 19:02:00,17.41,5.0,2.482,1.0
2026-03-21 19:03:00,17.33,5.0,2.4659999999999997,1.0
2026-03-21 19:04:00,17.38,5.0,2.476,1.0
2026-03-21 19:05:00,17.4,5.0,2.4799999999999995,1.0
2026-03-21 19:06:00,17.33,5.0,2.4659999999999997,1.0
2026-03-21 19:07:00,17.22,5.0,2.444,1.0
2026-03-21 19:08:00,17.25,5.0,2.45,1.0
2026-03-21 19:09:00,17.24,5.0,2.4479999999999995,1.0
2026-03-21 19:10:00,17.07,5.0,2.414,1.0
2026-03-21 19:11:00,7.21,5.0,0.442,1.0
2026-03-21 19:12:00,5.01,5.0,0.0019999999999999575,1.0
2026-03-21 19:13:00,1.41,5.0,0.718,0.16414435389988358
2026-03-21 19:14:00,12.18,5.0,1.436,1.0
2026-03-21 19:15:00,12.36,5.0,1.472,1.0
2026-03-21 19:16:00,12.35,5.0,1.47,1.0
2026-03-21 19:17:00,11.98,5.0,1.3960000000000001,1.0
2026-03-21 19:18:00,11.32,5.0,1.264,1.0
2026-03-21 19:19:00,10.77,5.0,1.154,1.0
2026-03-21 19:20:00,10.55,5.0,1.11,1.0
2026-03-21 19:21:00,11.18,5.0,1.236,1.0
2026-03-21 19:22:00,11.42,5.0,1.284,1.0
2026-03-21 19:23:00,10.43,5.0,1.0859999999999999,1.0
2026-03-21 19:24:00,10.14,5.0,1.028,1.0
2026-03-21 19:25:00,10.3,5.0,1.06,1.0
2026-03-21 19:26:00,9.9,5.0,0.9800000000000001,1.0
2026-03-21 19:27:00,9.75,5.0,0.95,1.0
2026-03-21 19:28:00,10.14,5.0,1.028,1.0
2026-03-21 19:29:00,10.13,5.0,1.0260000000000002,1.0
2026-03-21 19:30:00,10.0,5.0,1.0,1.0
2026-03-21 19:31:00,9.76,5.0,0.952,1.0
2026-03-21 19:32:00,9.55,5.0,0.9100000000000001,1.0
2026-03-21 19:33:00,6.9,5.0,0.38000000000000006,1.0
2026-03-21 19:34:00,6.43,5.0,0.2859999999999999,1.0
2026-03-21 19:35:00,6.62,5.0,0.324,1.0
2026-03-21 19:36:00,8.25,5.0,0.65,1.0
2026-03-21 19:37:00,8.34,5.0,0.6679999999999999,1.0
2026-03-21 19:38:00,8.45,5.0,0.6899999999999998,1.0
2026-03-21 19:39:00,8.41,5.0,0.682,1.0
2026-03-21 19:40:00,8.71,5.0,0.7420000000000002,1.0
2026-03-21 19:41:00,8.6,5.0,0.72,1.0
2026-03-21 19:42:00,8.01,5.0,0.602,1.0
2026-03-21 19:43:00,7.84,5.0,0.568,1.0
2026-03-21 19:44:00,8.28,5.0,0.6559999999999999,1.0
2026-03-21 19:45:00,7.8,5.0,0.5599999999999999,1.0
2026-03-21 19:46:00,8.12,5.0,0.6239999999999999,1.0
2026-03-21 19:47:00,8.63,5.0,0.7260000000000002,1.0
2026-03-21 19:48:00,9.12,5.0,0.8239999999999998,1.0
2026-03-21 19:49:00,8.17,5.0,0.634,1.0
2026-03-21 19:50:00,8.84,5.0,0.768,1.0
2026-03-21 19:51:00,8.78,5.0,0.7559999999999999,1.0
2026-03-21 19:52:00,8.31,5.0,0.6620000000000001,1.0
2026-03-21 19:53:00,8.09,5.0,0.618,1.0
2026-03-21 19:54:00,8.33,5.0,0.666,1.0
2026-03-21 19:55:00,8.45,5.0,0.6899999999999998,1.0
2026-03-21 19:56:00,8.61,5.0,0.7219999999999999,1.0
2026-03-21 19:57:00,8.22,5.0,0.6440000000000001,1.0
2026-03-21 19:58:00,8.1,5.0,0.6199999999999999,1.0
2026-03-21 19:59:00,8.3,5.0,0.6600000000000001,1.0
2026-03-21 20:00:00,7.99,5.0,0.5980000000000001,1.0
2026-03-21 20:01:00,8.7,5.0,0.7399999999999999,1.0
2026-03-21 20:03:00,10.01,5.0,1.002,1.0
2026-03-21 20:04:00,10.44,5.0,1.0879999999999999,1.0
2026-03-21 20:05:00,10.9,5.0,1.1800000000000002,1.0
2026-03-21 20:06:00,10.86,5.0,1.172,1.0
2026-03-21 20:07:00,10.93,5.0,1.186,1.0
2026-03-21 20:08:00,11.19,5.0,1.238,1.0
2026-03-21 20:09:00,11.32,5.0,1.264,1.0
2026-03-21 20:10:00,11.29,5.0,1.2579999999999998,1.0
2026-03-21 20:11:00,11.26,5.0,1.252,1.0
2026-03-21 20:12:00,11.38,5.0,1.2760000000000002,1.0
2026-03-21 20:13:00,11.55,5.0,1.31,1.0
2026-03-21 20:14:00,11.41,5.0,1.282,1.0
2026-03-21 20:15:00,11.32,5.0,1.264,1.0
2026-03-21 20:16:00,11.48,5.0,1.296,1.0
2026-03-21 20:17:00,11.41,5.0,1.282,1.0
2026-03-21 20:18:00,11.34,5.0,1.268,1.0
2026-03-21 20:19:00,11.32,5.0,1.264,1.0
2026-03-21 20:20:00,11.13,5.0,1.2260000000000002,1.0
2026-03-21 20:21:00,10.69,5.0,1.138,1.0
2026-03-21 20:22:00,10.24,5.0,1.048,1.0
2026-03-21 20:23:00,9.49,5.0,0.898,1.0
2026-03-21 20:24:00,9.61,5.0,0.9219999999999999,1.0
2026-03-21 20:25:00,4.65,5.0,0.06999999999999992,0.8691588785046731
2026-03-21 20:26:00,9.8,5.0,0.9600000000000002,1.0
2026-03-21 20:27:00,10.16,5.0,1.032,1.0
2026-03-21 20:28:00,9.61,5.0,0.9219999999999999,1.0
2026-03-21 20:29:00,9.18,5.0,0.836,1.0
2026-03-21 20:30:00,9.08,5.0,0.8160000000000001,1.0
2026-03-21 20:31:00,9.09,5.0,0.818,1.0
2026-03-21 20:32:00,6.92,5.0,0.384,1.0
2026-03-21 20:33:00,8.53,5.0,0.7059999999999998,1.0
2026-03-21 20:34:00,10.22,5.0,1.044,1.0
2026-03-21 20:36:00,10.3,5.0,1.06,1.0
2026-03-21 20:37:00,10.56,5.0,1.112,1.0
2026-03-21 20:38:00,10.41,5.0,1.082,1.0
2026-03-21 20:39:00,10.23,5.0,1.046,1.0
2026-03-21 20:40:00,10.54,5.0,1.1079999999999999,1.0
2026-03-21 20:41:00,10.46,5.0,1.092,1.0
2026-03-21 20:42:00,10.21,5.0,1.0420000000000003,1.0
2026-03-21 20:43:00,10.32,5.0,1.064,1.0
2026-03-21 20:44:00,10.24,5.0,1.048,1.0
2026-03-21 20:45:00,10.2,5.0,1.0399999999999998,1.0
2026-03-21 20:46:00,9.99,5.0,0.998,1.0
2026-03-21 20:47:00,10.12,5.0,1.0239999999999998,1.0
2026-03-21 20:48:00,10.13,5.0,1.0260000000000002,1.0
2026-03-21 20:49:00,10.05,5.0,1.0100000000000002,1.0
2026-03-21 20:50:00,10.15,5.0,1.03,1.0
2026-03-21 20:51:00,10.11,5.0,1.0219999999999998,1.0
2026-03-21 20:52:00,10.15,5.0,1.03,1.0
2026-03-21 20:53:00,10.15,5.0,1.03,1.0
2026-03-21 20:54:00,10.14,5.0,1.028,1.0
2026-03-21 20:55:00,9.32,5.0,0.8640000000000001,1.0
2026-03-21 20:56:00,9.59,5.0,0.9179999999999999,1.0
2026-03-21 20:57:00,9.88,5.0,0.9760000000000002,1.0
2026-03-21 20:58:00,9.51,5.0,0.9019999999999999,1.0
2026-03-21 20:59:00,9.46,5.0,0.8920000000000001,1.0
2026-03-21 21:00:00,9.78,5.0,0.9559999999999998,1.0
2026-03-21 21:01:00,9.69,5.0,0.938,1.0
2026-03-21 21:02:00,9.56,5.0,0.9120000000000001,1.0
2026-03-21 21:03:00,9.51,5.0,0.9019999999999999,1.0
2026-03-21 21:04:00,9.53,5.0,0.9059999999999999,1.0
2026-03-21 21:05:00,9.41,5.0,0.882,1.0
2026-03-21 21:06:00,9.35,5.0,0.8699999999999999,1.0
2026-03-21 21:07:00,9.07,5.0,0.8140000000000001,1.0
2026-03-21 21:09:00,8.77,5.0,0.7539999999999999,1.0
2026-03-21 21:10:00,9.57,5.0,0.914,1.0
2026-03-21 21:11:00,9.75,5.0,0.95,1.0
2026-03-21 21:12:00,9.88,5.0,0.9760000000000002,1.0
2026-03-21 21:13:00,10.02,5.0,1.004,1.0
2026-03-21 21:14:00,10.05,5.0,1.0100000000000002,1.0
2026-03-21 21:15:00,9.86,5.0,0.9719999999999999,1.0
2026-03-21 21:16:00,9.77,5.0,0.954,1.0
2026-03-21 21:17:00,9.7,5.0,0.9399999999999998,1.0
2026-03-21 21:18:00,9.53,5.0,0.9059999999999999,1.0
2026-03-21 21:19:00,9.63,5.0,0.9260000000000002,1.0
2026-03-21 21:20:00,9.61,5.0,0.9219999999999999,1.0
2026-03-21 21:21:00,9.67,5.0,0.9339999999999999,1.0
2026-03-21 21:22:00,9.6,5.0,0.9199999999999999,1.0
2026-03-21 21:23:00,9.64,5.0,0.9280000000000002,1.0
2026-03-21 21:24:00,9.57,5.0,0.914,1.0
2026-03-21 21:25:00,9.68,5.0,0.9359999999999999,1.0
2026-03-21 21:26:00,9.59,5.0,0.9179999999999999,1.0
2026-03-21 21:27:00,9.46,5.0,0.8920000000000001,1.0
2026-03-21 21:28:00,9.33,5.0,0.866,1.0
2026-03-21 21:29:00,9.2,5.0,0.8399999999999999,1.0
2026-03-21 21:30:00,9.15,5.0,0.8300000000000001,1.0
2026-03-21 21:31:00,10.58,5.0,1.116,1.0
2026-03-21 21:32:00,9.47,5.0,0.8940000000000001,1.0
2026-03-21 21:33:00,9.56,5.0,0.9120000000000001,1.0
2026-03-21 21:34:00,9.62,5.0,0.9239999999999998,1.0
2026-03-21 21:35:00,9.47,5.0,0.8940000000000001,1.0
2026-03-21 21:36:00,9.77,5.0,0.954,1.0
2026-03-21 21:37:00,9.61,5.0,0.9219999999999999,1.0
2026-03-21 21:38:00,9.72,5.0,0.9440000000000002,1.0
2026-03-21 21:39:00,9.9,5.0,0.9800000000000001,1.0
2026-03-21 21:40:00,9.84,5.0,0.968,1.0
2026-03-21 21:42:00,9.58,5.0,0.916,1.0
2026-03-21 21:43:00,9.37,5.0,0.8739999999999999,1.0
2026-03-21 21:44:00,9.1,5.0,0.82,1.0
2026-03-21 21:45:00,8.27,5.0,0.6539999999999999,1.0
2026-03-21 21:46:00,8.48,5.0,0.6960000000000001,1.0
2026-03-21 21:47:00,8.54,5.0,0.7079999999999999,1.0
2026-03-21 21:48:00,8.57,5.0,0.7140000000000001,1.0
2026-03-21 21:49:00,8.73,5.0,0.7460000000000001,1.0
2026-03-21 21:50:00,8.7,5.0,0.7399999999999999,1.0
2026-03-21 21:51:00,8.02,5.0,0.6039999999999999,1.0
2026-03-21 21:52:00,8.05,5.0,0.6100000000000001,1.0
2026-03-21 21:53:00,7.98,5.0,0.5960000000000001,1.0
2026-03-21 21:54:00,7.96,5.0,0.592,1.0
2026-03-21 21:55:00,8.16,5.0,0.632,1.0
2026-03-21 21:56:00,8.0,5.0,0.6,1.0
2026-03-21 21:57:00,8.1,5.0,0.6199999999999999,1.0
2026-03-21 22:03:00,8.19,5.0,0.6379999999999999,1.0
2026-03-21 22:04:00,7.58,5.0,0.516,1.0
2026-03-21 22:05:00,7.78,5.0,0.556,1.0
2026-03-21 22:06:00,8.14,5.0,0.6280000000000001,1.0
2026-03-21 22:07:00,8.17,5.0,0.634,1.0
2026-03-21 22:08:00,8.28,5.0,0.6559999999999999,1.0
2026-03-21 22:09:00,8.22,5.0,0.6440000000000001,1.0
2026-03-21 22:10:00,8.2,5.0,0.6399999999999999,1.0
2026-03-21 22:11:00,8.32,5.0,0.664,1.0
2026-03-21 22:12:00,8.48,5.0,0.6960000000000001,1.0
2026-03-21 22:13:00,8.5,5.0,0.7,1.0
2026-03-21 22:15:00,8.57,5.0,0.7140000000000001,1.0
2026-03-21 22:16:00,8.59,5.0,0.718,1.0
2026-03-21 22:17:00,8.53,5.0,0.7059999999999998,1.0
2026-03-21 22:18:00,8.56,5.0,0.7120000000000001,1.0
2026-03-21 22:19:00,8.36,5.0,0.6719999999999999,1.0
2026-03-21 22:20:00,8.34,5.0,0.6679999999999999,1.0
2026-03-21 22:21:00,8.03,5.0,0.6059999999999999,1.0
2026-03-21 22:22:00,8.22,5.0,0.6440000000000001,1.0
2026-03-21 22:23:00,8.35,5.0,0.6699999999999999,1.0
2026-03-21 22:24:00,8.09,5.0,0.618,1.0
2026-03-21 22:25:00,8.03,5.0,0.6059999999999999,1.0
2026-03-21 22:26:00,7.95,5.0,0.5900000000000001,1.0
2026-03-21 22:27:00,8.36,5.0,0.6719999999999999,1.0
2026-03-21 22:28:00,8.35,5.0,0.6699999999999999,1.0
2026-03-21 22:29:00,8.27,5.0,0.6539999999999999,1.0
2026-03-21 22:30:00,8.22,5.0,0.6440000000000001,1.0
2026-03-21 22:31:00,9.03,5.0,0.8059999999999998,1.0
2026-03-21 22:32:00,8.11,5.0,0.6219999999999999,1.0
2026-03-21 22:33:00,7.93,5.0,0.586,1.0
2026-03-21 22:34:00,7.74,5.0,0.548,1.0
2026-03-21 22:35:00,8.14,5.0,0.6280000000000001,1.0
2026-03-21 22:36:00,8.01,5.0,0.602,1.0
2026-03-21 22:37:00,8.05,5.0,0.6100000000000001,1.0
2026-03-21 22:38:00,8.2,5.0,0.6399999999999999,1.0
2026-03-21 22:39:00,8.38,5.0,0.6760000000000002,1.0
2026-03-21 22:40:00,8.5,5.0,0.7,1.0
2026-03-21 22:41:00,8.4,5.0,0.68,1.0
2026-03-21 22:42:00,8.46,5.0,0.6920000000000002,1.0
2026-03-21 22:43:00,8.43,5.0,0.6859999999999999,1.0
2026-03-21 22:44:00,8.44,5.0,0.688,1.0
2026-03-21 22:45:00,8.4,5.0,0.68,1.0
2026-03-21 22:46:00,8.38,5.0,0.6760000000000002,1.0
2026-03-21 22:49:00,8.99,5.0,0.798,1.0
2026-03-21 22:50:00,9.31,5.0,0.8620000000000001,1.0
2026-03-21 22:51:00,8.71,5.0,0.7420000000000002,1.0
2026-03-21 22:52:00,8.2,5.0,0.6399999999999999,1.0
2026-03-21 22:53:00,8.87,5.0,0.7739999999999998,1.0
2026-03-21 22:54:00,9.2,5.0,0.8399999999999999,1.0
2026-03-21 22:55:00,9.15,5.0,0.8300000000000001,1.0
2026-03-21 22:56:00,9.1,5.0,0.82,1.0
2026-03-21 22:57:00,9.18,5.0,0.836,1.0
2026-03-21 22:58:00,9.08,5.0,0.8160000000000001,1.0
2026-03-21 22:59:00,8.96,5.0,0.7920000000000001,1.0
2026-03-21 23:00:00,8.96,5.0,0.7920000000000001,1.0
2026-03-21 23:04:00,9.1,5.0,0.82,1.0
2026-03-21 23:05:00,9.17,5.0,0.834,1.0
2026-03-21 23:06:00,9.19,5.0,0.8379999999999999,1.0
2026-03-21 23:07:00,9.1,5.0,0.82,1.0
2026-03-21 23:08:00,8.99,5.0,0.798,1.0
2026-03-21 23:09:00,8.67,5.0,0.734,1.0
2026-03-21 23:10:00,8.33,5.0,0.666,1.0
2026-03-21 23:11:00,8.2,5.0,0.6399999999999999,1.0
2026-03-21 23:12:00,8.15,5.0,0.6300000000000001,1.0
2026-03-21 23:13:00,8.4,5.0,0.68,1.0
2026-03-21 23:14:00,8.48,5.0,0.6960000000000001,1.0
2026-03-21 23:15:00,8.66,5.0,0.732,1.0
2026-03-21 23:16:00,8.83,5.0,0.766,1.0
2026-03-21 23:17:00,8.69,5.0,0.7379999999999999,1.0
2026-03-21 23:18:00,8.75,5.0,0.75,1.0
2026-03-21 23:19:00,9.01,5.0,0.8019999999999999,1.0
2026-03-21 23:22:00,8.14,5.0,0.6280000000000001,1.0
2026-03-21 23:23:00,8.22,5.0,0.6440000000000001,1.0
2026-03-21 23:24:00,8.25,5.0,0.65,1.0
2026-03-21 23:25:00,8.22,5.0,0.6440000000000001,1.0
2026-03-21 23:26:00,8.16,5.0,0.632,1.0
2026-03-21 23:27:00,7.92,5.0,0.584,1.0
2026-03-21 23:28:00,7.88,5.0,0.576,1.0
2026-03-21 23:29:00,8.5,5.0,0.7,1.0
2026-03-21 23:30:00,8.59,5.0,0.718,1.0
2026-03-21 23:31:00,8.64,5.0,0.7280000000000001,1.0
2026-03-21 23:32:00,8.97,5.0,0.7940000000000002,1.0
2026-03-21 23:33:00,8.89,5.0,0.7780000000000001,1.0
2026-03-21 23:34:00,8.89,5.0,0.7780000000000001,1.0
2026-03-21 23:35:00,8.9,5.0,0.78,1.0
2026-03-21 23:36:00,8.67,5.0,0.734,1.0
2026-03-21 23:37:00,8.5,5.0,0.7,1.0
2026-03-21 23:38:00,8.76,5.0,0.752,1.0
2026-03-21 23:39:00,7.87,5.0,0.5740000000000001,1.0
2026-03-21 23:40:00,6.99,5.0,0.398,1.0
2026-03-21 23:41:00,6.87,5.0,0.374,1.0
2026-03-21 23:42:00,7.01,5.0,0.40199999999999997,1.0
2026-03-21 23:43:00,7.11,5.0,0.42200000000000004,1.0
2026-03-21 23:44:00,7.24,5.0,0.44800000000000006,1.0
2026-03-21 23:45:00,7.44,5.0,0.4880000000000001,1.0
2026-03-21 23:46:00,7.4,5.0,0.4800000000000001,1.0
2026-03-21 23:47:00,7.49,5.0,0.49800000000000005,1.0
2026-03-21 23:48:00,7.48,5.0,0.4960000000000001,1.0
2026-03-21 23:49:00,7.65,5.0,0.53,1.0
2026-03-21 23:50:00,7.61,5.0,0.522,1.0
2026-03-21 23:51:00,7.7,5.0,0.54,1.0
2026-03-21 23:52:00,7.69,5.0,0.538,1.0
2026-03-21 23:56:00,6.99,5.0,0.398,1.0
2026-03-21 23:57:00,7.09,5.0,0.418,1.0
2026-03-21 23:58:00,7.56,5.0,0.5119999999999999,1.0
2026-03-21 23:59:00,7.51,5.0,0.502,1.0
2026-03-22 00:00:00,7.58,5.0,0.516,1.0
2026-03-22 00:01:00,7.71,5.0,0.542,1.0
2026-03-22 00:02:00,7.96,5.0,0.592,1.0
2026-03-22 00:03:00,8.04,5.0,0.6079999999999999,1.0
2026-03-22 00:04:00,7.99,5.0,0.5980000000000001,1.0
2026-03-22 00:05:00,7.9,5.0,0.5800000000000001,1.0
2026-03-22 00:06:00,7.89,5.0,0.578,1.0
2026-03-22 00:07:00,7.8,5.0,0.5599999999999999,1.0
2026-03-22 00:08:00,8.1,5.0,0.6199999999999999,1.0
2026-03-22 00:09:00,8.09,5.0,0.618,1.0
2026-03-22 00:10:00,7.6,5.0,0.5199999999999999,1.0
2026-03-22 00:11:00,7.04,5.0,0.40800000000000003,1.0
2026-03-22 00:12:00,6.82,5.0,0.36400000000000005,1.0
2026-03-22 00:13:00,7.01,5.0,0.40199999999999997,1.0
2026-03-22 00:14:00,6.95,5.0,0.39,1.0
2026-03-22 00:15:00,6.98,5.0,0.3960000000000001,1.0
2026-03-22 00:16:00,7.16,5.0,0.43200000000000005,1.0
2026-03-22 00:17:00,7.07,5.0,0.41400000000000003,1.0
2026-03-22 00:18:00,7.07,5.0,0.41400000000000003,1.0
2026-03-22 00:19:00,6.84,5.0,0.368,1.0
2026-03-22 00:20:00,7.2,5.0,0.44000000000000006,1.0
2026-03-22 00:22:00,8.06,5.0,0.6120000000000001,1.0
2026-03-22 00:23:00,7.58,5.0,0.516,1.0
2026-03-22 00:24:00,7.14,5.0,0.42799999999999994,1.0
2026-03-22 00:25:00,8.05,5.0,0.6100000000000001,1.0
2026-03-22 00:26:00,8.36,5.0,0.6719999999999999,1.0
2026-03-22 00:27:00,8.18,5.0,0.6359999999999999,1.0
2026-03-22 00:28:00,8.25,5.0,0.65,1.0
2026-03-22 00:29:00,8.59,5.0,0.718,1.0
2026-03-22 00:30:00,8.86,5.0,0.7719999999999999,1.0
2026-03-22 00:31:00,8.61,5.0,0.7219999999999999,1.0
2026-03-22 00:32:00,8.33,5.0,0.666,1.0
2026-03-22 00:33:00,8.19,5.0,0.6379999999999999,1.0
2026-03-22 00:34:00,7.83,5.0,0.5660000000000001,1.0
2026-03-22 00:35:00,7.99,5.0,0.5980000000000001,1.0
2026-03-22 00:36:00,7.95,5.0,0.5900000000000001,1.0
2026-03-22 00:37:00,7.86,5.0,0.5720000000000001,1.0
2026-03-22 00:38:00,7.79,5.0,0.558,1.0
2026-03-22 00:39:00,7.96,5.0,0.592,1.0
2026-03-22 00:40:00,8.15,5.0,0.6300000000000001,1.0
2026-03-22 00:41:00,7.86,5.0,0.5720000000000001,1.0
2026-03-22 00:42:00,7.81,5.0,0.5619999999999999,1.0
2026-03-22 00:43:00,7.94,5.0,0.5880000000000001,1.0
2026-03-22 00:44:00,8.13,5.0,0.6260000000000001,1.0
2026-03-22 00:45:00,8.19,5.0,0.6379999999999999,1.0
2026-03-22 00:46:00,8.07,5.0,0.6140000000000001,1.0
2026-03-22 00:47:00,8.18,5.0,0.6359999999999999,1.0
2026-03-22 00:48:00,8.27,5.0,0.6539999999999999,1.0
2026-03-22 00:49:00,8.01,5.0,0.602,1.0
2026-03-22 00:50:00,8.34,5.0,0.6679999999999999,1.0
2026-03-22 00:51:00,8.43,5.0,0.6859999999999999,1.0
2026-03-22 00:52:00,8.5,5.0,0.7,1.0
2026-03-22 00:53:00,8.54,5.0,0.7079999999999999,1.0
2026-03-22 00:54:00,8.56,5.0,0.7120000000000001,1.0
2026-03-22 00:55:00,8.55,5.0,0.7100000000000002,1.0
2026-03-22 00:56:00,8.45,5.0,0.6899999999999998,1.0
2026-03-22 00:57:00,7.91,5.0,0.5820000000000001,1.0
2026-03-22 00:58:00,7.96,5.0,0.592,1.0
2026-03-22 00:59:00,8.06,5.0,0.6120000000000001,1.0
2026-03-22 01:00:00,8.15,5.0,0.6300000000000001,1.0
2026-03-22 01:01:00,8.31,5.0,0.6620000000000001,1.0
2026-03-22 01:02:00,8.39,5.0,0.6780000000000002,1.0
2026-03-22 01:03:00,8.26,5.0,0.6519999999999999,1.0
2026-03-22 01:04:00,8.39,5.0,0.6780000000000002,1.0
2026-03-22 01:05:00,8.33,5.0,0.666,1.0
2026-03-22 01:06:00,8.28,5.0,0.6559999999999999,1.0
2026-03-22 01:07:00,8.45,5.0,0.6899999999999998,1.0
2026-03-22 01:08:00,8.29,5.0,0.6579999999999998,1.0
2026-03-22 01:09:00,8.33,5.0,0.666,1.0
2026-03-22 01:10:00,8.2,5.0,0.6399999999999999,1.0
2026-03-22 01:11:00,8.3,5.0,0.6600000000000001,1.0
2026-03-22 01:12:00,8.37,5.0,0.6739999999999998,1.0
2026-03-22 01:13:00,8.24,5.0,0.648,1.0
2026-03-22 01:14:00,8.28,5.0,0.6559999999999999,1.0
2026-03-22 01:15:00,8.34,5.0,0.6679999999999999,1.0
2026-03-22 01:16:00,8.41,5.0,0.682,1.0
2026-03-22 01:17:00,8.34,5.0,0.6679999999999999,1.0
2026-03-22 01:18:00,8.29,5.0,0.6579999999999998,1.0
2026-03-22 01:19:00,8.2,5.0,0.6399999999999999,1.0
2026-03-22 01:20:00,8.29,5.0,0.6579999999999998,1.0
2026-03-22 01:21:00,8.41,5.0,0.682,1.0
2026-03-22 01:22:00,8.53,5.0,0.7059999999999998,1.0
2026-03-22 01:23:00,8.52,5.0,0.704,1.0
2026-03-22 01:24:00,8.62,5.0,0.7239999999999999,1.0
2026-03-22 01:25:00,8.91,5.0,0.782,1.0
2026-03-22 01:26:00,8.87,5.0,0.7739999999999998,1.0
2026-03-22 01:27:00,8.75,5.0,0.75,1.0
2026-03-22 01:28:00,8.97,5.0,0.7940000000000002,1.0
2026-03-22 01:29:00,8.93,5.0,0.7859999999999999,1.0
2026-03-22 01:30:00,9.0,5.0,0.8,1.0
2026-03-22 01:31:00,9.1,5.0,0.82,1.0
2026-03-22 01:32:00,9.08,5.0,0.8160000000000001,1.0
2026-03-22 01:33:00,9.06,5.0,0.812,1.0
2026-03-22 01:34:00,9.13,5.0,0.8260000000000002,1.0
2026-03-22 01:35:00,9.1,5.0,0.82,1.0
2026-03-22 01:36:00,9.15,5.0,0.8300000000000001,1.0
2026-03-22 01:37:00,8.89,5.0,0.7780000000000001,1.0
2026-03-22 01:38:00,9.04,5.0,0.8079999999999998,1.0
2026-03-22 01:39:00,9.18,5.0,0.836,1.0
2026-03-22 01:40:00,9.07,5.0,0.8140000000000001,1.0
2026-03-22 01:41:00,9.28,5.0,0.8559999999999999,1.0
2026-03-22 01:42:00,9.0,5.0,0.8,1.0
2026-03-22 01:43:00,9.0,5.0,0.8,1.0
2026-03-22 01:44:00,8.99,5.0,0.798,1.0
2026-03-22 01:45:00,9.11,5.0,0.8219999999999998,1.0
2026-03-22 01:46:00,9.06,5.0,0.812,1.0
2026-03-22 01:47:00,8.99,5.0,0.798,1.0
2026-03-22 01:48:00,8.95,5.0,0.7899999999999998,1.0
2026-03-22 01:49:00,9.07,5.0,0.8140000000000001,1.0
2026-03-22 01:50:00,9.01,5.0,0.8019999999999999,1.0
2026-03-22 01:51:00,9.07,5.0,0.8140000000000001,1.0
2026-03-22 01:52:00,8.8,5.0,0.7600000000000001,1.0
2026-03-22 01:53:00,9.23,5.0,0.8460000000000001,1.0
2026-03-22 01:54:00,9.25,5.0,0.85,1.0
2026-03-22 01:55:00,9.23,5.0,0.8460000000000001,1.0
2026-03-22 01:56:00,9.29,5.0,0.8579999999999999,1.0
2026-03-22 01:57:00,9.22,5.0,0.8440000000000001,1.0
2026-03-22 01:58:00,9.15,5.0,0.8300000000000001,1.0
2026-03-22 01:59:00,9.15,5.0,0.8300000000000001,1.0
2026-03-22 02:00:00,9.28,5.0,0.8559999999999999,1.0
2026-03-22 02:01:00,9.28,5.0,0.8559999999999999,1.0
2026-03-22 02:02:00,9.24,5.0,0.8480000000000001,1.0
2026-03-22 02:03:00,9.35,5.0,0.8699999999999999,1.0
2026-03-22 02:04:00,9.31,5.0,0.8620000000000001,1.0
2026-03-22 02:05:00,9.26,5.0,0.852,1.0
2026-03-22 02:06:00,9.17,5.0,0.834,1.0
2026-03-22 02:07:00,9.16,5.0,0.8320000000000001,1.0
2026-03-22 02:08:00,9.18,5.0,0.836,1.0
2026-03-22 02:09:00,9.3,5.0,0.8600000000000001,1.0
2026-03-22 02:10:00,9.23,5.0,0.8460000000000001,1.0
2026-03-22 02:11:00,9.51,5.0,0.9019999999999999,1.0
2026-03-22 02:12:00,9.7,5.0,0.9399999999999998,1.0
2026-03-22 02:13:00,9.63,5.0,0.9260000000000002,1.0
2026-03-22 02:14:00,9.73,5.0,0.9460000000000001,1.0
2026-03-22 02:15:00,9.89,5.0,0.9780000000000001,1.0
2026-03-22 02:16:00,9.93,5.0,0.986,1.0
2026-03-22 02:17:00,10.03,5.0,1.0059999999999998,1.0
2026-03-22 02:18:00,10.17,5.0,1.034,1.0
2026-03-22 02:19:00,10.15,5.0,1.03,1.0
2026-03-22 02:20:00,10.19,5.0,1.0379999999999998,1.0
2026-03-22 02:21:00,10.24,5.0,1.048,1.0
2026-03-22 02:22:00,10.51,5.0,1.1019999999999999,1.0
2026-03-22 02:23:00,10.58,5.0,1.116,1.0
2026-03-22 02:24:00,10.35,5.0,1.0699999999999998,1.0
2026-03-22 02:25:00,9.94,5.0,0.9879999999999999,1.0
2026-03-22 02:26:00,9.85,5.0,0.97,1.0
2026-03-22 02:27:00,9.78,5.0,0.9559999999999998,1.0
2026-03-22 02:28:00,9.95,5.0,0.9899999999999999,1.0
2026-03-22 02:29:00,10.15,5.0,1.03,1.0
2026-03-22 02:30:00,10.21,5.0,1.0420000000000003,1.0
2026-03-22 02:31:00,10.25,5.0,1.05,1.0
2026-03-22 02:32:00,10.18,5.0,1.036,1.0
2026-03-22 02:33:00,10.39,5.0,1.078,1.0
2026-03-22 02:34:00,10.38,5.0,1.076,1.0
2026-03-22 02:35:00,10.42,5.0,1.084,1.0
2026-03-22 02:36:00,10.16,5.0,1.032,1.0
2026-03-22 02:37:00,10.2,5.0,1.0399999999999998,1.0
2026-03-22 02:38:00,10.1,5.0,1.02,1.0
2026-03-22 02:39:00,10.06,5.0,1.012,1.0
2026-03-22 02:40:00,9.54,5.0,0.9079999999999998,1.0
2026-03-22 02:41:00,9.7,5.0,0.9399999999999998,1.0
2026-03-22 02:42:00,9.77,5.0,0.954,1.0
2026-03-22 02:43:00,9.83,5.0,0.966,1.0
2026-03-22 02:44:00,9.86,5.0,0.9719999999999999,1.0
2026-03-22 02:45:00,9.81,5.0,0.9620000000000001,1.0
2026-03-22 02:46:00,9.77,5.0,0.954,1.0
2026-03-22 02:47:00,9.63,5.0,0.9260000000000002,1.0
2026-03-22 02:48:00,9.71,5.0,0.9420000000000002,1.0
2026-03-22 02:49:00,9.86,5.0,0.9719999999999999,1.0
2026-03-22 02:50:00,9.96,5.0,0.9920000000000002,1.0
2026-03-22 02:51:00,9.98,5.0,0.9960000000000001,1.0
2026-03-22 02:52:00,9.94,5.0,0.9879999999999999,1.0
2026-03-22 02:53:00,9.74,5.0,0.9480000000000001,1.0
2026-03-22 02:54:00,10.09,5.0,1.018,1.0
2026-03-22 02:55:00,10.19,5.0,1.0379999999999998,1.0
2026-03-22 02:56:00,10.06,5.0,1.012,1.0
2026-03-22 02:57:00,10.12,5.0,1.0239999999999998,1.0
2026-03-22 02:58:00,10.2,5.0,1.0399999999999998,1.0
2026-03-22 02:59:00,10.14,5.0,1.028,1.0
2026-03-22 03:00:00,10.0,5.0,1.0,1.0
2026-03-22 03:01:00,9.79,5.0,0.9579999999999999,1.0
2026-03-22 03:02:00,9.97,5.0,0.9940000000000001,1.0
2026-03-22 03:03:00,9.92,5.0,0.984,1.0
2026-03-22 03:04:00,9.78,5.0,0.9559999999999998,1.0
2026-03-22 03:05:00,9.13,5.0,0.8260000000000002,1.0
2026-03-22 03:06:00,9.64,5.0,0.9280000000000002,1.0
2026-03-22 03:07:00,9.82,5.0,0.9640000000000001,1.0
2026-03-22 03:08:00,9.92,5.0,0.984,1.0
2026-03-22 03:09:00,10.06,5.0,1.012,1.0
2026-03-22 03:10:00,10.08,5.0,1.016,1.0
2026-03-22 03:11:00,10.05,5.0,1.0100000000000002,1.0
2026-03-22 03:12:00,9.9,5.0,0.9800000000000001,1.0
2026-03-22 03:13:00,9.59,5.0,0.9179999999999999,1.0
2026-03-22 03:14:00,9.07,5.0,0.8140000000000001,1.0
2026-03-22 03:15:00,9.35,5.0,0.8699999999999999,1.0
2026-03-22 03:16:00,9.99,5.0,0.998,1.0
2026-03-22 03:17:00,9.97,5.0,0.9940000000000001,1.0
2026-03-22 03:18:00,10.01,5.0,1.002,1.0
2026-03-22 03:19:00,9.92,5.0,0.984,1.0
2026-03-22 03:20:00,9.92,5.0,0.984,1.0
2026-03-22 03:21:00,9.85,5.0,0.97,1.0
2026-03-22 03:22:00,9.79,5.0,0.9579999999999999,1.0
2026-03-22 03:23:00,9.93,5.0,0.986,1.0
2026-03-22 03:24:00,9.75,5.0,0.95,1.0
2026-03-22 03:25:00,9.63,5.0,0.9260000000000002,1.0
2026-03-22 03:26:00,9.58,5.0,0.916,1.0
2026-03-22 03:27:00,9.63,5.0,0.9260000000000002,1.0
2026-03-22 03:28:00,9.66,5.0,0.932,1.0
2026-03-22 03:29:00,9.76,5.0,0.952,1.0
2026-03-22 03:30:00,9.98,5.0,0.9960000000000001,1.0
2026-03-22 03:31:00,9.9,5.0,0.9800000000000001,1.0
2026-03-22 03:32:00,9.85,5.0,0.97,1.0
2026-03-22 03:33:00,10.15,5.0,1.03,1.0
2026-03-22 03:34:00,10.14,5.0,1.028,1.0
2026-03-22 03:35:00,9.95,5.0,0.9899999999999999,1.0
2026-03-22 03:36:00,10.61,5.0,1.1219999999999999,1.0
2026-03-22 03:37:00,10.84,5.0,1.168,1.0
2026-03-22 03:38:00,10.67,5.0,1.134,1.0
2026-03-22 03:39:00,10.85,5.0,1.17,1.0
2026-03-22 03:40:00,10.84,5.0,1.168,1.0
2026-03-22 03:41:00,10.59,5.0,1.1179999999999999,1.0
2026-03-22 03:42:00,10.42,5.0,1.084,1.0
2026-03-22 03:43:00,9.19,5.0,0.8379999999999999,1.0
2026-03-22 03:44:00,9.73,5.0,0.9460000000000001,1.0
2026-03-22 03:45:00,10.03,5.0,1.0059999999999998,1.0
2026-03-22 03:46:00,10.17,5.0,1.034,1.0
2026-03-22 03:47:00,10.07,5.0,1.014,1.0
2026-03-22 03:48:00,9.98,5.0,0.9960000000000001,1.0
2026-03-22 03:49:00,9.49,5.0,0.898,1.0
2026-03-22 03:50:00,9.67,5.0,0.9339999999999999,1.0
2026-03-22 03:51:00,9.84,5.0,0.968,1.0
2026-03-22 03:52:00,9.58,5.0,0.916,1.0
2026-03-22 03:53:00,10.13,5.0,1.0260000000000002,1.0
2026-03-22 03:54:00,10.2,5.0,1.0399999999999998,1.0
2026-03-22 03:55:00,10.42,5.0,1.084,1.0
2026-03-22 03:56:00,10.07,5.0,1.014,1.0
2026-03-22 03:57:00,9.58,5.0,0.916,1.0
2026-03-22 03:58:00,9.86,5.0,0.9719999999999999,1.0
2026-03-22 04:00:00,9.99,5.0,0.998,1.0
2026-03-22 04:01:00,10.04,5.0,1.0079999999999998,1.0
2026-03-22 04:02:00,9.7,5.0,0.9399999999999998,1.0
2026-03-22 04:03:00,9.73,5.0,0.9460000000000001,1.0
2026-03-22 04:04:00,8.08,5.0,0.616,1.0
2026-03-22 04:05:00,7.36,5.0,0.4720000000000001,1.0
2026-03-22 04:06:00,7.6,5.0,0.5199999999999999,1.0
2026-03-22 04:07:00,10.0,5.0,1.0,1.0
2026-03-22 04:08:00,9.79,5.0,0.9579999999999999,1.0
2026-03-22 04:09:00,10.31,5.0,1.062,1.0
2026-03-22 04:10:00,9.84,5.0,0.968,1.0
2026-03-22 04:11:00,10.38,5.0,1.076,1.0
2026-03-22 04:12:00,9.81,5.0,0.9620000000000001,1.0
2026-03-22 04:13:00,9.43,5.0,0.8859999999999999,1.0
2026-03-22 04:14:00,10.84,5.0,1.168,1.0
2026-03-22 04:15:00,11.22,5.0,1.2440000000000002,1.0
2026-03-22 04:16:00,11.33,5.0,1.266,1.0
2026-03-22 04:17:00,11.3,5.0,1.2600000000000002,1.0
2026-03-22 04:18:00,11.12,5.0,1.2239999999999998,1.0
2026-03-22 04:19:00,10.98,5.0,1.1960000000000002,1.0
2026-03-22 04:20:00,11.07,5.0,1.214,1.0
2026-03-22 04:21:00,10.96,5.0,1.1920000000000002,1.0
2026-03-22 04:22:00,10.83,5.0,1.166,1.0
2026-03-22 04:23:00,10.82,5.0,1.1640000000000001,1.0
2026-03-22 04:24:00,10.83,5.0,1.166,1.0
2026-03-22 04:25:00,10.71,5.0,1.1420000000000001,1.0
2026-03-22 04:26:00,10.69,5.0,1.138,1.0
2026-03-22 04:27:00,8.72,5.0,0.7440000000000001,1.0
2026-03-22 04:28:00,10.35,5.0,1.0699999999999998,1.0
2026-03-22 04:29:00,10.28,5.0,1.0559999999999998,1.0
2026-03-22 04:30:00,9.76,5.0,0.952,1.0
2026-03-22 04:31:00,8.29,5.0,0.6579999999999998,1.0
2026-03-22 04:32:00,9.52,5.0,0.9039999999999999,1.0
2026-03-22 04:33:00,9.46,5.0,0.8920000000000001,1.0
2026-03-22 04:34:00,9.12,5.0,0.8239999999999998,1.0
2026-03-22 04:35:00,9.46,5.0,0.8920000000000001,1.0
2026-03-22 04:36:00,9.98,5.0,0.9960000000000001,1.0
2026-03-22 04:37:00,10.1,5.0,1.02,1.0
2026-03-22 04:38:00,10.1,5.0,1.02,1.0
2026-03-22 04:39:00,10.47,5.0,1.094,1.0
2026-03-22 04:40:00,10.6,5.0,1.1199999999999999,1.0
2026-03-22 04:41:00,10.6,5.0,1.1199999999999999,1.0
2026-03-22 04:42:00,10.56,5.0,1.112,1.0
2026-03-22 04:43:00,10.57,5.0,1.114,1.0
2026-03-22 04:44:00,10.38,5.0,1.076,1.0
2026-03-22 04:45:00,10.34,5.0,1.068,1.0
2026-03-22 04:46:00,10.23,5.0,1.046,1.0
2026-03-22 04:47:00,10.3,5.0,1.06,1.0
2026-03-22 04:48:00,10.2,5.0,1.0399999999999998,1.0
2026-03-22 04:49:00,10.18,5.0,1.036,1.0
2026-03-22 04:50:00,10.1,5.0,1.02,1.0
2026-03-22 04:51:00,10.2,5.0,1.0399999999999998,1.0
2026-03-22 04:52:00,10.0,5.0,1.0,1.0
2026-03-22 04:53:00,9.89,5.0,0.9780000000000001,1.0
2026-03-22 04:54:00,9.93,5.0,0.986,1.0
2026-03-22 04:55:00,9.86,5.0,0.9719999999999999,1.0
2026-03-22 04:56:00,9.89,5.0,0.9780000000000001,1.0
2026-03-22 04:57:00,9.95,5.0,0.9899999999999999,1.0
2026-03-22 04:58:00,10.05,5.0,1.0100000000000002,1.0
2026-03-22 04:59:00,9.86,5.0,0.9719999999999999,1.0
2026-03-22 05:00:00,9.89,5.0,0.9780000000000001,1.0
2026-03-22 05:01:00,9.95,5.0,0.9899999999999999,1.0
2026-03-22 05:02:00,9.92,5.0,0.984,1.0
2026-03-22 05:03:00,9.96,5.0,0.9920000000000002,1.0
2026-03-22 05:04:00,10.12,5.0,1.0239999999999998,1.0
2026-03-22 05:05:00,10.19,5.0,1.0379999999999998,1.0
2026-03-22 05:06:00,10.1,5.0,1.02,1.0
2026-03-22 05:07:00,9.63,5.0,0.9260000000000002,1.0
2026-03-22 05:08:00,9.61,5.0,0.9219999999999999,1.0
2026-03-22 05:09:00,9.65,5.0,0.93,1.0
2026-03-22 05:10:00,9.64,5.0,0.9280000000000002,1.0
2026-03-22 05:11:00,9.6,5.0,0.9199999999999999,1.0
2026-03-22 05:12:00,9.56,5.0,0.9120000000000001,1.0
2026-03-22 05:13:00,9.44,5.0,0.8879999999999999,1.0
2026-03-22 05:14:00,9.37,5.0,0.8739999999999999,1.0
2026-03-22 05:15:00,9.6,5.0,0.9199999999999999,1.0
2026-03-22 05:16:00,9.54,5.0,0.9079999999999998,1.0
2026-03-22 05:17:00,9.35,5.0,0.8699999999999999,1.0
2026-03-22 05:18:00,9.45,5.0,0.8899999999999999,1.0
2026-03-22 05:19:00,9.49,5.0,0.898,1.0
2026-03-22 05:20:00,9.45,5.0,0.8899999999999999,1.0
2026-03-22 05:21:00,9.7,5.0,0.9399999999999998,1.0
2026-03-22 05:22:00,9.85,5.0,0.97,1.0
2026-03-22 05:23:00,9.83,5.0,0.966,1.0
2026-03-22 05:24:00,9.84,5.0,0.968,1.0
2026-03-22 05:25:00,9.7,5.0,0.9399999999999998,1.0
2026-03-22 05:26:00,9.58,5.0,0.916,1.0
2026-03-22 05:27:00,9.7,5.0,0.9399999999999998,1.0
2026-03-22 05:28:00,9.82,5.0,0.9640000000000001,1.0
2026-03-22 05:29:00,9.89,5.0,0.9780000000000001,1.0
2026-03-22 05:30:00,9.83,5.0,0.966,1.0
2026-03-22 05:31:00,9.43,5.0,0.8859999999999999,1.0
2026-03-22 05:32:00,9.63,5.0,0.9260000000000002,1.0
2026-03-22 05:33:00,8.91,5.0,0.782,1.0
2026-03-22 05:34:00,9.4,5.0,0.8800000000000001,1.0
2026-03-22 05:35:00,9.28,5.0,0.8559999999999999,1.0
2026-03-22 05:36:00,9.17,5.0,0.834,1.0
2026-03-22 05:37:00,9.18,5.0,0.836,1.0
2026-03-22 05:38:00,9.32,5.0,0.8640000000000001,1.0
2026-03-22 05:39:00,9.58,5.0,0.916,1.0
2026-03-22 05:40:00,9.36,5.0,0.8719999999999999,1.0
2026-03-22 05:41:00,9.49,5.0,0.898,1.0
2026-03-22 05:42:00,9.69,5.0,0.938,1.0
2026-03-22 05:43:00,9.53,5.0,0.9059999999999999,1.0
2026-03-22 05:44:00,9.38,5.0,0.8760000000000001,1.0
2026-03-22 05:45:00,9.43,5.0,0.8859999999999999,1.0
2026-03-22 05:46:00,9.44,5.0,0.8879999999999999,1.0
2026-03-22 05:47:00,9.7,5.0,0.9399999999999998,1.0
2026-03-22 05:48:00,9.53,5.0,0.9059999999999999,1.0
2026-03-22 05:49:00,9.77,5.0,0.954,1.0
2026-03-22 05:50:00,9.59,5.0,0.9179999999999999,1.0
2026-03-22 05:51:00,9.9,5.0,0.9800000000000001,1.0
2026-03-22 05:52:00,10.09,5.0,1.018,1.0
2026-03-22 05:53:00,10.27,5.0,1.0539999999999998,1.0
2026-03-22 05:54:00,10.72,5.0,1.1440000000000001,1.0
2026-03-22 05:55:00,11.13,5.0,1.2260000000000002,1.0
2026-03-22 05:56:00,10.8,5.0,1.1600000000000001,1.0
2026-03-22 05:57:00,10.52,5.0,1.1039999999999999,1.0
2026-03-22 05:58:00,10.45,5.0,1.0899999999999999,1.0
2026-03-22 05:59:00,10.8,5.0,1.1600000000000001,1.0
2026-03-22 06:00:00,10.41,5.0,1.082,1.0
2026-03-22 06:01:00,10.26,5.0,1.052,1.0
2026-03-22 06:02:00,10.05,5.0,1.0100000000000002,1.0
2026-03-22 06:03:00,10.23,5.0,1.046,1.0
2026-03-22 06:04:00,10.56,5.0,1.112,1.0
2026-03-22 06:05:00,10.56,5.0,1.112,1.0
2026-03-22 06:06:00,10.71,5.0,1.1420000000000001,1.0
2026-03-22 06:07:00,10.78,5.0,1.156,1.0
2026-03-22 06:08:00,10.81,5.0,1.1620000000000001,1.0
2026-03-22 06:09:00,10.74,5.0,1.1480000000000001,1.0
2026-03-22 06:10:00,10.95,5.0,1.19,1.0
2026-03-22 06:11:00,10.91,5.0,1.182,1.0
2026-03-22 06:12:00,10.79,5.0,1.158,1.0
2026-03-22 06:13:00,10.97,5.0,1.1940000000000002,1.0
2026-03-22 06:14:00,11.03,5.0,1.206,1.0
2026-03-22 06:15:00,11.13,5.0,1.2260000000000002,1.0
2026-03-22 06:16:00,11.19,5.0,1.238,1.0
2026-03-22 06:17:00,11.12,5.0,1.2239999999999998,1.0
2026-03-22 06:18:00,11.2,5.0,1.2399999999999998,1.0
2026-03-22 06:19:00,11.17,5.0,1.234,1.0
2026-03-22 06:20:00,11.26,5.0,1.252,1.0
2026-03-22 06:21:00,11.33,5.0,1.266,1.0
2026-03-22 06:22:00,11.32,5.0,1.264,1.0
2026-03-22 06:23:00,11.38,5.0,1.2760000000000002,1.0
2026-03-22 06:24:00,11.2,5.0,1.2399999999999998,1.0
2026-03-22 06:25:00,11.08,5.0,1.216,1.0
2026-03-22 06:26:00,11.14,5.0,1.2280000000000002,1.0
2026-03-22 06:27:00,11.3,5.0,1.2600000000000002,1.0
2026-03-22 06:28:00,11.35,5.0,1.27,1.0
2026-03-22 06:29:00,11.39,5.0,1.278,1.0
2026-03-22 06:30:00,11.18,5.0,1.236,1.0
2026-03-22 06:31:00,11.4,5.0,1.28,1.0
2026-03-22 06:32:00,11.37,5.0,1.2739999999999998,1.0
2026-03-22 06:33:00,11.47,5.0,1.294,1.0
2026-03-22 06:34:00,11.5,5.0,1.3,1.0
2026-03-22 06:35:00,11.53,5.0,1.3059999999999998,1.0
2026-03-22 06:36:00,11.69,5.0,1.3379999999999999,1.0
2026-03-22 06:37:00,11.73,5.0,1.346,1.0
2026-03-22 06:38:00,11.79,5.0,1.3579999999999999,1.0
2026-03-22 06:39:00,11.77,5.0,1.3539999999999999,1.0
2026-03-22 06:40:00,11.77,5.0,1.3539999999999999,1.0
2026-03-22 06:41:00,11.7,5.0,1.3399999999999999,1.0
2026-03-22 06:42:00,11.77,5.0,1.3539999999999999,1.0
2026-03-22 06:43:00,11.71,5.0,1.342,1.0
2026-03-22 06:44:00,11.78,5.0,1.3559999999999999,1.0
2026-03-22 06:45:00,11.92,5.0,1.384,1.0
2026-03-22 06:46:00,12.0,5.0,1.4,1.0
2026-03-22 06:47:00,12.01,5.0,1.402,1.0
2026-03-22 06:48:00,11.91,5.0,1.3820000000000001,1.0
2026-03-22 06:49:00,11.9,5.0,1.3800000000000001,1.0
2026-03-22 06:50:00,12.01,5.0,1.402,1.0
2026-03-22 06:51:00,11.98,5.0,1.3960000000000001,1.0
2026-03-22 06:52:00,12.01,5.0,1.402,1.0
2026-03-22 06:53:00,12.04,5.0,1.408,1.0
2026-03-22 06:54:00,12.03,5.0,1.406,1.0
2026-03-22 06:55:00,12.04,5.0,1.408,1.0
2026-03-22 06:56:00,12.1,5.0,1.42,1.0
2026-03-22 06:57:00,12.13,5.0,1.4260000000000002,1.0
2026-03-22 06:58:00,12.15,5.0,1.4300000000000002,1.0
2026-03-22 06:59:00,12.12,5.0,1.424,1.0
2026-03-22 07:00:00,12.2,5.0,1.44,1.0
2026-03-22 07:01:00,12.13,5.0,1.4260000000000002,1.0
2026-03-22 07:02:00,12.08,5.0,1.416,1.0
2026-03-22 07:03:00,12.12,5.0,1.424,1.0
2026-03-22 07:05:00,12.28,5.0,1.456,1.0
2026-03-22 07:06:00,12.32,5.0,1.464,1.0
2026-03-22 07:07:00,12.31,5.0,1.4620000000000002,1.0
2026-03-22 07:08:00,11.96,5.0,1.3920000000000001,1.0
2026-03-22 07:09:00,11.98,5.0,1.3960000000000001,1.0
2026-03-22 07:10:00,11.67,5.0,1.334,1.0
2026-03-22 07:11:00,11.57,5.0,1.314,1.0
2026-03-22 07:12:00,11.74,5.0,1.348,1.0
2026-03-22 07:13:00,11.49,5.0,1.298,1.0
2026-03-22 07:14:00,11.57,5.0,1.314,1.0
2026-03-22 07:15:00,11.46,5.0,1.2920000000000003,1.0
2026-03-22 07:16:00,11.25,5.0,1.25,1.0
2026-03-22 07:17:00,11.44,5.0,1.2879999999999998,1.0
2026-03-22 07:18:00,10.07,5.0,1.014,1.0
2026-03-22 07:19:00,10.24,5.0,1.048,1.0
2026-03-22 07:20:00,10.95,5.0,1.19,1.0
2026-03-22 07:21:00,10.73,5.0,1.1460000000000001,1.0
2026-03-22 07:22:00,10.12,5.0,1.0239999999999998,1.0
2026-03-22 07:23:00,10.28,5.0,1.0559999999999998,1.0
2026-03-22 07:24:00,10.01,5.0,1.002,1.0
2026-03-22 07:25:00,9.56,5.0,0.9120000000000001,1.0
2026-03-22 07:26:00,9.6,5.0,0.9199999999999999,1.0
2026-03-22 07:27:00,9.81,5.0,0.9620000000000001,1.0
2026-03-22 07:28:00,8.9,5.0,0.78,1.0
2026-03-22 07:29:00,9.32,5.0,0.8640000000000001,1.0
2026-03-22 07:30:00,9.73,5.0,0.9460000000000001,1.0
2026-03-22 07:31:00,9.83,5.0,0.966,1.0
2026-03-22 07:32:00,9.75,5.0,0.95,1.0
2026-03-22 07:33:00,9.87,5.0,0.9739999999999999,1.0
2026-03-22 07:34:00,9.66,5.0,0.932,1.0
2026-03-22 07:35:00,9.59,5.0,0.9179999999999999,1.0
2026-03-22 07:36:00,11.66,5.0,1.332,1.0
2026-03-22 07:37:00,11.53,5.0,1.3059999999999998,1.0
2026-03-22 07:38:00,11.85,5.0,1.3699999999999999,1.0
2026-03-22 07:39:00,13.04,5.0,1.6079999999999999,1.0
2026-03-22 07:40:00,12.39,5.0,1.4780000000000002,1.0
2026-03-22 07:41:00,12.67,5.0,1.534,1.0
2026-03-22 07:42:00,12.87,5.0,1.5739999999999998,1.0
2026-03-22 07:43:00,12.87,5.0,1.5739999999999998,1.0
2026-03-22 07:44:00,12.77,5.0,1.5539999999999998,1.0
2026-03-22 07:45:00,12.95,5.0,1.5899999999999999,1.0
2026-03-22 07:46:00,13.15,5.0,1.6300000000000001,1.0
2026-03-22 07:47:00,13.21,5.0,1.6420000000000001,1.0
2026-03-22 07:48:00,13.16,5.0,1.6320000000000001,1.0
2026-03-22 07:49:00,13.09,5.0,1.6179999999999999,1.0
2026-03-22 07:50:00,12.7,5.0,1.5399999999999998,1.0
2026-03-22 07:51:00,12.51,5.0,1.502,1.0
2026-03-22 07:52:00,12.6,5.0,1.52,1.0
2026-03-22 07:53:00,12.74,5.0,1.548,1.0
2026-03-22 07:54:00,12.84,5.0,1.568,1.0
2026-03-22 07:55:00,12.91,5.0,1.582,1.0
2026-03-22 07:56:00,12.93,5.0,1.5859999999999999,1.0
2026-03-22 07:57:00,12.98,5.0,1.596,1.0
2026-03-22 07:58:00,13.02,5.0,1.6039999999999999,1.0
2026-03-22 07:59:00,13.05,5.0,1.61,1.0
2026-03-22 08:00:00,12.19,5.0,1.438,1.0
2026-03-22 08:01:00,11.63,5.0,1.326,1.0
2026-03-22 08:02:00,11.03,5.0,1.206,1.0
2026-03-22 08:03:00,11.19,5.0,1.238,1.0
2026-03-22 08:04:00,11.31,5.0,1.262,1.0
2026-03-22 08:05:00,11.18,5.0,1.236,1.0
2026-03-22 08:06:00,12.19,5.0,1.438,1.0
2026-03-22 08:07:00,12.11,5.0,1.422,1.0
2026-03-22 08:08:00,12.11,5.0,1.422,1.0
2026-03-22 08:09:00,12.43,5.0,1.486,1.0
2026-03-22 08:10:00,12.16,5.0,1.432,1.0
2026-03-22 08:11:00,12.2,5.0,1.44,1.0
2026-03-22 08:12:00,11.89,5.0,1.3780000000000001,1.0
2026-03-22 08:13:00,11.95,5.0,1.39,1.0
2026-03-22 08:14:00,12.1,5.0,1.42,1.0
2026-03-22 08:15:00,12.03,5.0,1.406,1.0
2026-03-22 08:16:00,12.28,5.0,1.456,1.0
2026-03-22 08:17:00,12.19,5.0,1.438,1.0
2026-03-22 08:18:00,12.65,5.0,1.53,1.0
2026-03-22 08:19:00,13.03,5.0,1.6059999999999999,1.0
2026-03-22 08:20:00,13.28,5.0,1.656,1.0
2026-03-22 08:21:00,13.23,5.0,1.6460000000000001,1.0
2026-03-22 08:22:00,13.15,5.0,1.6300000000000001,1.0
2026-03-22 08:23:00,13.15,5.0,1.6300000000000001,1.0
2026-03-22 08:24:00,13.35,5.0,1.67,1.0
2026-03-22 08:25:00,13.39,5.0,1.6780000000000002,1.0
2026-03-22 08:26:00,13.48,5.0,1.6960000000000002,1.0
2026-03-22 08:27:00,13.5,5.0,1.7,1.0
2026-03-22 08:28:00,13.43,5.0,1.686,1.0
2026-03-22 08:29:00,13.31,5.0,1.6620000000000001,1.0
2026-03-22 08:30:00,13.43,5.0,1.686,1.0
2026-03-22 08:31:00,13.49,5.0,1.698,1.0
2026-03-22 08:32:00,13.64,5.0,1.7280000000000002,1.0
2026-03-22 08:33:00,13.7,5.0,1.7399999999999998,1.0
2026-03-22 08:34:00,13.73,5.0,1.746,1.0
2026-03-22 08:35:00,13.87,5.0,1.7739999999999998,1.0
2026-03-22 08:36:00,13.79,5.0,1.7579999999999998,1.0
2026-03-22 08:37:00,13.83,5.0,1.766,1.0
2026-03-22 08:38:00,13.81,5.0,1.762,1.0
2026-03-22 08:39:00,13.82,5.0,1.764,1.0
2026-03-22 08:40:00,13.58,5.0,1.716,1.0
2026-03-22 08:41:00,13.94,5.0,1.7879999999999998,1.0
2026-03-22 08:42:00,14.1,5.0,1.8199999999999998,1.0
2026-03-22 08:43:00,14.05,5.0,1.81,1.0
2026-03-22 08:44:00,14.0,5.0,1.8,1.0
2026-03-22 08:45:00,14.25,5.0,1.85,1.0
2026-03-22 08:46:00,14.39,5.0,1.8780000000000001,1.0
2026-03-22 08:47:00,14.37,5.0,1.8739999999999999,1.0
2026-03-22 08:48:00,14.43,5.0,1.886,1.0
2026-03-22 08:49:00,14.45,5.0,1.89,1.0
2026-03-22 08:50:00,14.35,5.0,1.8699999999999999,1.0
2026-03-22 08:51:00,14.3,5.0,1.86,1.0
2026-03-22 08:52:00,14.22,5.0,1.844,1.0
2026-03-22 08:53:00,14.29,5.0,1.8579999999999999,1.0
2026-03-22 08:54:00,14.21,5.0,1.842,1.0
2026-03-22 08:55:00,14.23,5.0,1.846,1.0
2026-03-22 08:56:00,14.19,5.0,1.8379999999999999,1.0
2026-03-22 08:57:00,14.19,5.0,1.8379999999999999,1.0
2026-03-22 08:58:00,14.2,5.0,1.8399999999999999,1.0
2026-03-22 08:59:00,14.04,5.0,1.8079999999999998,1.0
2026-03-22 09:00:00,13.58,5.0,1.716,1.0
2026-03-22 09:01:00,13.64,5.0,1.7280000000000002,1.0
2026-03-22 09:02:00,13.46,5.0,1.6920000000000002,1.0
2026-03-22 09:03:00,12.93,5.0,1.5859999999999999,1.0
2026-03-22 09:04:00,13.12,5.0,1.6239999999999999,1.0
2026-03-22 09:05:00,13.09,5.0,1.6179999999999999,1.0
2026-03-22 09:06:00,12.92,5.0,1.584,1.0
2026-03-22 09:07:00,12.95,5.0,1.5899999999999999,1.0
2026-03-22 09:08:00,13.07,5.0,1.614,1.0
2026-03-22 09:09:00,13.17,5.0,1.634,1.0
2026-03-22 09:10:00,12.94,5.0,1.5879999999999999,1.0
2026-03-22 09:11:00,13.0,5.0,1.6,1.0
2026-03-22 09:12:00,13.06,5.0,1.612,1.0
2026-03-22 09:13:00,13.05,5.0,1.61,1.0
2026-03-22 09:14:00,13.14,5.0,1.6280000000000001,1.0
2026-03-22 09:15:00,13.06,5.0,1.612,1.0
2026-03-22 09:16:00,12.99,5.0,1.598,1.0
2026-03-22 09:17:00,12.91,5.0,1.582,1.0
2026-03-22 09:18:00,12.94,5.0,1.5879999999999999,1.0
2026-03-22 09:19:00,12.87,5.0,1.5739999999999998,1.0
2026-03-22 09:20:00,12.86,5.0,1.5719999999999998,1.0
2026-03-22 09:21:00,12.93,5.0,1.5859999999999999,1.0
2026-03-22 09:22:00,12.99,5.0,1.598,1.0
2026-03-22 09:23:00,12.9,5.0,1.58,1.0
2026-03-22 09:24:00,13.12,5.0,1.6239999999999999,1.0
2026-03-22 09:25:00,12.88,5.0,1.576,1.0
2026-03-22 09:26:00,12.76,5.0,1.552,1.0
2026-03-22 09:27:00,12.89,5.0,1.578,1.0
2026-03-22 09:28:00,12.85,5.0,1.5699999999999998,1.0
2026-03-22 09:29:00,12.88,5.0,1.576,1.0
2026-03-22 09:30:00,12.74,5.0,1.548,1.0
2026-03-22 09:31:00,12.78,5.0,1.5559999999999998,1.0
2026-03-22 09:32:00,12.86,5.0,1.5719999999999998,1.0
2026-03-22 09:33:00,12.82,5.0,1.564,1.0
2026-03-22 09:34:00,12.75,5.0,1.55,1.0
2026-03-22 09:35:00,12.79,5.0,1.5579999999999998,1.0
2026-03-22 09:36:00,12.87,5.0,1.5739999999999998,1.0
2026-03-22 09:37:00,12.97,5.0,1.594,1.0
2026-03-22 09:38:00,12.81,5.0,1.562,1.0
2026-03-22 09:39:00,12.87,5.0,1.5739999999999998,1.0
2026-03-22 09:40:00,12.38,5.0,1.4760000000000002,1.0
2026-03-22 09:41:00,12.13,5.0,1.4260000000000002,1.0
2026-03-22 09:42:00,11.93,5.0,1.386,1.0
2026-03-22 09:43:00,11.71,5.0,1.342,1.0
2026-03-22 09:44:00,11.71,5.0,1.342,1.0
2026-03-22 09:45:00,12.14,5.0,1.4280000000000002,1.0
2026-03-22 09:46:00,12.33,5.0,1.466,1.0
2026-03-22 09:47:00,12.38,5.0,1.4760000000000002,1.0
2026-03-22 09:48:00,12.33,5.0,1.466,1.0
2026-03-22 09:49:00,12.19,5.0,1.438,1.0
2026-03-22 09:50:00,12.09,5.0,1.418,1.0
2026-03-22 09:51:00,12.25,5.0,1.45,1.0
2026-03-22 09:52:00,12.11,5.0,1.422,1.0
2026-03-22 09:53:00,11.39,5.0,1.278,1.0
2026-03-22 09:54:00,11.07,5.0,1.214,1.0
2026-03-22 09:55:00,11.15,5.0,1.23,1.0
2026-03-22 09:56:00,11.23,5.0,1.246,1.0
2026-03-22 09:57:00,11.29,5.0,1.2579999999999998,1.0
2026-03-22 09:58:00,11.29,5.0,1.2579999999999998,1.0
2026-03-22 10:02:00,10.94,5.0,1.188,1.0
2026-03-22 10:03:00,10.52,5.0,1.1039999999999999,1.0
2026-03-22 10:04:00,10.73,5.0,1.1460000000000001,1.0
2026-03-22 10:05:00,10.86,5.0,1.172,1.0
2026-03-22 10:06:00,10.78,5.0,1.156,1.0
2026-03-22 10:07:00,10.56,5.0,1.112,1.0
2026-03-22 10:08:00,10.43,5.0,1.0859999999999999,1.0
2026-03-22 10:09:00,10.14,5.0,1.028,1.0
2026-03-22 10:10:00,10.3,5.0,1.06,1.0
2026-03-22 10:11:00,10.35,5.0,1.0699999999999998,1.0
2026-03-22 10:12:00,10.34,5.0,1.068,1.0
2026-03-22 10:13:00,10.07,5.0,1.014,1.0
2026-03-22 10:14:00,10.62,5.0,1.1239999999999999,1.0
2026-03-22 10:15:00,10.52,5.0,1.1039999999999999,1.0
2026-03-22 10:16:00,10.63,5.0,1.1260000000000001,1.0
2026-03-22 10:17:00,10.86,5.0,1.172,1.0
2026-03-22 10:18:00,10.85,5.0,1.17,1.0
2026-03-22 10:19:00,10.8,5.0,1.1600000000000001,1.0
2026-03-22 10:20:00,10.72,5.0,1.1440000000000001,1.0
2026-03-22 10:21:00,10.71,5.0,1.1420000000000001,1.0
2026-03-22 10:22:00,10.73,5.0,1.1460000000000001,1.0
2026-03-22 10:23:00,10.73,5.0,1.1460000000000001,1.0
2026-03-22 10:24:00,10.54,5.0,1.1079999999999999,1.0
2026-03-22 10:25:00,10.46,5.0,1.092,1.0
2026-03-22 10:26:00,10.71,5.0,1.1420000000000001,1.0
2026-03-22 10:27:00,10.81,5.0,1.1620000000000001,1.0
2026-03-22 10:28:00,10.87,5.0,1.174,1.0
2026-03-22 10:29:00,10.86,5.0,1.172,1.0
2026-03-22 10:30:00,10.84,5.0,1.168,1.0
2026-03-22 10:32:00,10.74,5.0,1.1480000000000001,1.0
2026-03-22 10:33:00,10.77,5.0,1.154,1.0
2026-03-22 10:34:00,10.88,5.0,1.1760000000000002,1.0
2026-03-22 10:35:00,10.98,5.0,1.1960000000000002,1.0
2026-03-22 10:36:00,11.07,5.0,1.214,1.0
2026-03-22 10:37:00,11.01,5.0,1.202,1.0
2026-03-22 10:38:00,10.93,5.0,1.186,1.0
2026-03-22 10:39:00,10.99,5.0,1.198,1.0
2026-03-22 10:40:00,11.05,5.0,1.2100000000000002,1.0
2026-03-22 10:41:00,10.97,5.0,1.1940000000000002,1.0
2026-03-22 10:42:00,10.85,5.0,1.17,1.0
2026-03-22 10:43:00,10.9,5.0,1.1800000000000002,1.0
2026-03-22 10:44:00,10.92,5.0,1.184,1.0
2026-03-22 10:45:00,11.03,5.0,1.206,1.0
2026-03-22 10:46:00,10.88,5.0,1.1760000000000002,1.0
2026-03-22 10:47:00,10.54,5.0,1.1079999999999999,1.0
2026-03-22 10:48:00,10.47,5.0,1.094,1.0
2026-03-22 10:49:00,10.28,5.0,1.0559999999999998,1.0
2026-03-22 10:50:00,10.18,5.0,1.036,1.0
2026-03-22 10:51:00,9.97,5.0,0.9940000000000001,1.0
2026-03-22 10:52:00,9.9,5.0,0.9800000000000001,1.0
2026-03-22 10:53:00,9.13,5.0,0.8260000000000002,1.0
2026-03-22 10:54:00,9.73,5.0,0.9460000000000001,1.0
2026-03-22 10:55:00,9.94,5.0,0.9879999999999999,1.0
2026-03-22 10:56:00,9.53,5.0,0.9059999999999999,1.0
2026-03-22 10:57:00,9.44,5.0,0.8879999999999999,1.0
2026-03-22 10:58:00,9.42,5.0,0.884,1.0
2026-03-22 10:59:00,9.59,5.0,0.9179999999999999,1.0
2026-03-22 11:00:00,9.51,5.0,0.9019999999999999,1.0
2026-03-22 11:01:00,9.77,5.0,0.954,1.0
2026-03-22 11:02:00,9.75,5.0,0.95,1.0
2026-03-22 11:03:00,9.78,5.0,0.9559999999999998,1.0
2026-03-22 11:04:00,9.62,5.0,0.9239999999999998,1.0
2026-03-22 11:05:00,9.79,5.0,0.9579999999999999,1.0
2026-03-22 11:06:00,9.63,5.0,0.9260000000000002,1.0
2026-03-22 11:07:00,9.86,5.0,0.9719999999999999,1.0
2026-03-22 11:08:00,10.2,5.0,1.0399999999999998,1.0
2026-03-22 11:09:00,10.13,5.0,1.0260000000000002,1.0
2026-03-22 11:10:00,10.13,5.0,1.0260000000000002,1.0
2026-03-22 11:11:00,8.45,5.0,0.6899999999999998,1.0
2026-03-22 11:12:00,9.89,5.0,0.9780000000000001,1.0
2026-03-22 11:13:00,9.51,5.0,0.9019999999999999,1.0
2026-03-22 11:14:00,9.96,5.0,0.9920000000000002,1.0
2026-03-22 11:15:00,9.48,5.0,0.8960000000000001,1.0
2026-03-22 11:16:00,9.58,5.0,0.916,1.0
2026-03-22 11:17:00,9.97,5.0,0.9940000000000001,1.0
2026-03-22 11:18:00,10.06,5.0,1.012,1.0
2026-03-22 11:19:00,10.13,5.0,1.0260000000000002,1.0
2026-03-22 11:20:00,10.09,5.0,1.018,1.0
2026-03-22 11:21:00,10.03,5.0,1.0059999999999998,1.0
2026-03-22 11:22:00,10.22,5.0,1.044,1.0
2026-03-22 11:23:00,10.09,5.0,1.018,1.0
2026-03-22 11:24:00,10.26,5.0,1.052,1.0
2026-03-22 11:25:00,10.06,5.0,1.012,1.0
2026-03-22 11:26:00,9.65,5.0,0.93,1.0
2026-03-22 11:27:00,10.57,5.0,1.114,1.0
2026-03-22 11:28:00,10.35,5.0,1.0699999999999998,1.0
2026-03-22 11:29:00,10.64,5.0,1.1280000000000001,1.0
2026-03-22 11:30:00,10.29,5.0,1.0579999999999998,1.0
2026-03-22 11:31:00,9.69,5.0,0.938,1.0
2026-03-22 11:32:00,9.86,5.0,0.9719999999999999,1.0
2026-03-22 11:33:00,10.18,5.0,1.036,1.0
2026-03-22 11:34:00,8.81,5.0,0.7620000000000001,1.0
2026-03-22 11:35:00,9.65,5.0,0.93,1.0
2026-03-22 11:36:00,9.63,5.0,0.9260000000000002,1.0
2026-03-22 11:37:00,9.64,5.0,0.9280000000000002,1.0
2026-03-22 11:38:00,9.94,5.0,0.9879999999999999,1.0
2026-03-22 11:39:00,10.2,5.0,1.0399999999999998,1.0
2026-03-22 11:40:00,10.05,5.0,1.0100000000000002,1.0
2026-03-22 11:41:00,9.14,5.0,0.8280000000000001,1.0
2026-03-22 11:42:00,10.02,5.0,1.004,1.0
2026-03-22 11:43:00,10.86,5.0,1.172,1.0
2026-03-22 11:44:00,10.53,5.0,1.1059999999999999,1.0
2026-03-22 11:45:00,10.44,5.0,1.0879999999999999,1.0
2026-03-22 11:46:00,10.3,5.0,1.06,1.0
2026-03-22 11:47:00,10.32,5.0,1.064,1.0
2026-03-22 11:48:00,10.31,5.0,1.062,1.0
2026-03-22 11:49:00,10.7,5.0,1.14,1.0
2026-03-22 11:50:00,11.01,5.0,1.202,1.0
2026-03-22 11:51:00,11.11,5.0,1.222,1.0
2026-03-22 11:52:00,11.01,5.0,1.202,1.0
2026-03-22 11:53:00,10.88,5.0,1.1760000000000002,1.0
2026-03-22 11:54:00,11.08,5.0,1.216,1.0
2026-03-22 11:55:00,10.87,5.0,1.174,1.0
2026-03-22 11:56:00,11.45,5.0,1.2899999999999998,1.0
2026-03-22 11:57:00,11.37,5.0,1.2739999999999998,1.0
2026-03-22 11:58:00,10.41,5.0,1.082,1.0
2026-03-22 11:59:00,11.47,5.0,1.294,1.0
2026-03-22 12:00:00,10.86,5.0,1.172,1.0
2026-03-22 12:01:00,11.88,5.0,1.3760000000000001,1.0
2026-03-22 12:02:00,11.38,5.0,1.2760000000000002,1.0
2026-03-22 12:03:00,11.04,5.0,1.2079999999999997,1.0
2026-03-22 12:04:00,11.39,5.0,1.278,1.0
2026-03-22 12:05:00,11.19,5.0,1.238,1.0
2026-03-22 12:06:00,11.24,5.0,1.248,1.0
2026-03-22 12:07:00,11.3,5.0,1.2600000000000002,1.0
2026-03-22 12:08:00,11.2,5.0,1.2399999999999998,1.0
2026-03-22 12:09:00,11.32,5.0,1.264,1.0
2026-03-22 12:10:00,11.41,5.0,1.282,1.0
2026-03-22 12:11:00,11.17,5.0,1.234,1.0
2026-03-22 12:12:00,11.29,5.0,1.2579999999999998,1.0
2026-03-22 12:13:00,11.34,5.0,1.268,1.0
2026-03-22 12:14:00,12.85,5.0,1.5699999999999998,1.0
2026-03-22 12:15:00,13.0,5.0,1.6,1.0
2026-03-22 12:16:00,12.94,5.0,1.5879999999999999,1.0
2026-03-22 12:17:00,12.96,5.0,1.592,1.0
2026-03-22 12:18:00,13.03,5.0,1.6059999999999999,1.0
2026-03-22 12:19:00,12.91,5.0,1.582,1.0
2026-03-22 12:20:00,12.91,5.0,1.582,1.0
2026-03-22 12:21:00,13.05,5.0,1.61,1.0
2026-03-22 12:22:00,13.09,5.0,1.6179999999999999,1.0
2026-03-22 12:23:00,13.05,5.0,1.61,1.0
2026-03-22 12:24:00,13.02,5.0,1.6039999999999999,1.0
2026-03-22 12:25:00,12.63,5.0,1.5260000000000002,1.0
2026-03-22 12:26:00,11.89,5.0,1.3780000000000001,1.0
2026-03-22 12:27:00,11.98,5.0,1.3960000000000001,1.0
2026-03-22 12:28:00,12.09,5.0,1.418,1.0
2026-03-22 12:29:00,12.06,5.0,1.4120000000000001,1.0
2026-03-22 12:30:00,11.97,5.0,1.3940000000000001,1.0
2026-03-22 12:31:00,11.93,5.0,1.386,1.0
2026-03-22 12:33:00,11.66,5.0,1.332,1.0
2026-03-22 12:34:00,11.76,5.0,1.3519999999999999,1.0
2026-03-22 12:35:00,12.08,5.0,1.416,1.0
2026-03-22 12:36:00,12.27,5.0,1.454,1.0
2026-03-22 12:37:00,12.25,5.0,1.45,1.0
2026-03-22 12:38:00,12.16,5.0,1.432,1.0
2026-03-22 12:39:00,12.22,5.0,1.4440000000000002,1.0
2026-03-22 12:40:00,12.09,5.0,1.418,1.0
2026-03-22 12:41:00,11.83,5.0,1.366,1.0
2026-03-22 12:42:00,11.86,5.0,1.3719999999999999,1.0
2026-03-22 12:43:00,12.09,5.0,1.418,1.0
2026-03-22 12:44:00,11.86,5.0,1.3719999999999999,1.0
2026-03-22 12:45:00,11.93,5.0,1.386,1.0
2026-03-22 12:46:00,11.95,5.0,1.39,1.0
2026-03-22 12:47:00,11.93,5.0,1.386,1.0
2026-03-22 12:48:00,11.76,5.0,1.3519999999999999,1.0
2026-03-22 12:49:00,11.64,5.0,1.328,1.0
2026-03-22 12:50:00,11.64,5.0,1.328,1.0
2026-03-22 12:51:00,11.24,5.0,1.248,1.0
2026-03-22 12:52:00,11.07,5.0,1.214,1.0
2026-03-22 12:53:00,11.12,5.0,1.2239999999999998,1.0
2026-03-22 12:54:00,11.27,5.0,1.254,1.0
2026-03-22 12:55:00,11.22,5.0,1.2440000000000002,1.0
2026-03-22 12:56:00,11.33,5.0,1.266,1.0
2026-03-22 12:57:00,11.18,5.0,1.236,1.0
2026-03-22 12:58:00,11.12,5.0,1.2239999999999998,1.0
2026-03-22 12:59:00,11.1,5.0,1.22,1.0
2026-03-22 13:00:00,10.9,5.0,1.1800000000000002,1.0
2026-03-22 13:01:00,10.94,5.0,1.188,1.0
2026-03-22 13:02:00,11.07,5.0,1.214,1.0
2026-03-22 13:03:00,11.25,5.0,1.25,1.0
2026-03-22 13:04:00,11.11,5.0,1.222,1.0
2026-03-22 13:05:00,10.93,5.0,1.186,1.0
2026-03-22 13:06:00,11.24,5.0,1.248,1.0
2026-03-22 13:07:00,11.77,5.0,1.3539999999999999,1.0
2026-03-22 13:10:00,12.17,5.0,1.434,1.0
2026-03-22 13:11:00,12.05,5.0,1.4100000000000001,1.0
2026-03-22 13:12:00,11.92,5.0,1.384,1.0
2026-03-22 13:13:00,11.87,5.0,1.3739999999999999,1.0
2026-03-22 13:14:00,11.77,5.0,1.3539999999999999,1.0
2026-03-22 13:15:00,11.36,5.0,1.2719999999999998,1.0
2026-03-22 13:16:00,11.51,5.0,1.302,1.0
2026-03-22 13:17:00,11.43,5.0,1.286,1.0
2026-03-22 13:18:00,11.7,5.0,1.3399999999999999,1.0
2026-03-22 13:19:00,10.82,5.0,1.1640000000000001,1.0
2026-03-22 13:20:00,11.55,5.0,1.31,1.0
2026-03-22 13:21:00,11.87,5.0,1.3739999999999999,1.0
2026-03-22 13:22:00,11.76,5.0,1.3519999999999999,1.0
2026-03-22 13:23:00,12.02,5.0,1.404,1.0
2026-03-22 13:24:00,11.98,5.0,1.3960000000000001,1.0
2026-03-22 13:25:00,11.69,5.0,1.3379999999999999,1.0
2026-03-22 13:26:00,11.81,5.0,1.362,1.0
2026-03-22 13:27:00,11.85,5.0,1.3699999999999999,1.0
2026-03-22 13:28:00,11.85,5.0,1.3699999999999999,1.0
2026-03-22 13:29:00,11.84,5.0,1.3679999999999999,1.0
2026-03-22 13:30:00,11.92,5.0,1.384,1.0
2026-03-22 13:31:00,11.88,5.0,1.3760000000000001,1.0
2026-03-22 13:33:00,12.55,5.0,1.5100000000000002,1.0
2026-03-22 13:34:00,12.44,5.0,1.488,1.0
2026-03-22 13:35:00,12.22,5.0,1.4440000000000002,1.0
2026-03-22 13:36:00,12.24,5.0,1.448,1.0
2026-03-22 13:37:00,12.18,5.0,1.436,1.0
2026-03-22 13:38:00,12.48,5.0,1.496,1.0
2026-03-22 13:39:00,12.62,5.0,1.5239999999999998,1.0
2026-03-22 13:41:00,12.45,5.0,1.4899999999999998,1.0
2026-03-22 13:42:00,12.18,5.0,1.436,1.0
2026-03-22 13:43:00,10.86,5.0,1.172,1.0
2026-03-22 13:44:00,9.74,5.0,0.9480000000000001,1.0
2026-03-22 13:45:00,10.39,5.0,1.078,1.0
2026-03-22 13:46:00,10.53,5.0,1.1059999999999999,1.0
2026-03-22 13:47:00,10.96,5.0,1.1920000000000002,1.0
2026-03-22 13:48:00,10.35,5.0,1.0699999999999998,1.0
2026-03-22 13:49:00,10.45,5.0,1.0899999999999999,1.0
2026-03-22 13:50:00,10.43,5.0,1.0859999999999999,1.0
2026-03-22 13:51:00,10.28,5.0,1.0559999999999998,1.0
2026-03-22 13:52:00,10.41,5.0,1.082,1.0
2026-03-22 13:53:00,10.56,5.0,1.112,1.0
2026-03-22 13:54:00,10.41,5.0,1.082,1.0
2026-03-22 13:55:00,10.53,5.0,1.1059999999999999,1.0
2026-03-22 13:56:00,10.57,5.0,1.114,1.0
2026-03-22 13:57:00,10.64,5.0,1.1280000000000001,1.0
2026-03-22 13:58:00,10.52,5.0,1.1039999999999999,1.0
2026-03-22 13:59:00,10.68,5.0,1.136,1.0
2026-03-22 14:00:00,10.86,5.0,1.172,1.0
2026-03-22 14:01:00,10.64,5.0,1.1280000000000001,1.0
2026-03-22 14:02:00,10.65,5.0,1.1300000000000001,1.0
2026-03-22 14:03:00,10.96,5.0,1.1920000000000002,1.0
2026-03-22 14:04:00,10.69,5.0,1.138,1.0
2026-03-22 14:05:00,10.57,5.0,1.114,1.0
2026-03-22 14:06:00,10.62,5.0,1.1239999999999999,1.0
2026-03-22 14:07:00,10.79,5.0,1.158,1.0
2026-03-22 14:08:00,10.77,5.0,1.154,1.0
2026-03-22 14:09:00,10.36,5.0,1.0719999999999998,1.0
2026-03-22 14:10:00,10.64,5.0,1.1280000000000001,1.0
2026-03-22 14:11:00,10.99,5.0,1.198,1.0
2026-03-22 14:12:00,11.08,5.0,1.216,1.0
2026-03-22 14:14:00,11.27,5.0,1.254,1.0
2026-03-22 14:15:00,11.33,5.0,1.266,1.0
2026-03-22 14:16:00,10.95,5.0,1.19,1.0
2026-03-22 14:17:00,10.88,5.0,1.1760000000000002,1.0
2026-03-22 14:18:00,10.79,5.0,1.158,1.0
2026-03-22 14:19:00,10.71,5.0,1.1420000000000001,1.0
2026-03-22 14:20:00,11.3,5.0,1.2600000000000002,1.0
2026-03-22 14:21:00,11.26,5.0,1.252,1.0
2026-03-22 14:22:00,10.95,5.0,1.19,1.0
2026-03-22 14:23:00,10.87,5.0,1.174,1.0
2026-03-22 14:24:00,10.91,5.0,1.182,1.0
2026-03-22 14:25:00,11.03,5.0,1.206,1.0
2026-03-22 14:26:00,11.29,5.0,1.2579999999999998,1.0
2026-03-22 14:27:00,11.31,5.0,1.262,1.0
2026-03-22 14:28:00,11.43,5.0,1.286,1.0
2026-03-22 14:29:00,11.49,5.0,1.298,1.0
2026-03-22 14:30:00,11.6,5.0,1.3199999999999998,1.0
2026-03-22 14:31:00,11.58,5.0,1.316,1.0
2026-03-22 14:32:00,11.6,5.0,1.3199999999999998,1.0
2026-03-22 14:33:00,11.46,5.0,1.2920000000000003,1.0
2026-03-22 14:34:00,11.41,5.0,1.282,1.0
2026-03-22 14:35:00,10.44,5.0,1.0879999999999999,1.0
2026-03-22 14:36:00,10.75,5.0,1.15,1.0
2026-03-22 14:37:00,11.53,5.0,1.3059999999999998,1.0
2026-03-22 14:38:00,11.29,5.0,1.2579999999999998,1.0
2026-03-22 14:39:00,11.55,5.0,1.31,1.0
2026-03-22 14:40:00,11.23,5.0,1.246,1.0
2026-03-22 14:41:00,11.48,5.0,1.296,1.0
2026-03-22 14:42:00,11.32,5.0,1.264,1.0
2026-03-22 14:43:00,11.46,5.0,1.2920000000000003,1.0
2026-03-22 14:44:00,11.38,5.0,1.2760000000000002,1.0
2026-03-22 14:45:00,11.2,5.0,1.2399999999999998,1.0
2026-03-22 14:47:00,11.69,5.0,1.3379999999999999,1.0
2026-03-22 14:48:00,11.41,5.0,1.282,1.0
2026-03-22 14:49:00,11.45,5.0,1.2899999999999998,1.0
2026-03-22 14:50:00,11.68,5.0,1.3359999999999999,1.0
2026-03-22 14:51:00,11.75,5.0,1.35,1.0
2026-03-22 14:52:00,11.52,5.0,1.3039999999999998,1.0
2026-03-22 14:53:00,11.43,5.0,1.286,1.0
2026-03-22 14:54:00,11.52,5.0,1.3039999999999998,1.0
2026-03-22 14:55:00,11.33,5.0,1.266,1.0
2026-03-22 14:56:00,10.98,5.0,1.1960000000000002,1.0
2026-03-22 14:57:00,11.52,5.0,1.3039999999999998,1.0
2026-03-22 14:58:00,11.38,5.0,1.2760000000000002,1.0
2026-03-22 14:59:00,8.81,5.0,0.7620000000000001,1.0
2026-03-22 15:00:00,10.9,5.0,1.1800000000000002,1.0
2026-03-22 15:03:00,11.14,5.0,1.2280000000000002,1.0
2026-03-22 15:04:00,11.14,5.0,1.2280000000000002,1.0
2026-03-22 15:05:00,11.37,5.0,1.2739999999999998,1.0
2026-03-22 15:06:00,11.11,5.0,1.222,1.0
2026-03-22 15:07:00,10.89,5.0,1.1780000000000002,1.0
2026-03-22 15:08:00,11.48,5.0,1.296,1.0
2026-03-22 15:09:00,11.07,5.0,1.214,1.0
2026-03-22 15:10:00,8.87,5.0,0.7739999999999998,1.0
2026-03-22 15:11:00,9.85,5.0,0.97,1.0
2026-03-22 15:12:00,9.83,5.0,0.966,1.0
2026-03-22 15:13:00,10.56,5.0,1.112,1.0
2026-03-22 15:14:00,10.27,5.0,1.0539999999999998,1.0
2026-03-22 15:15:00,10.13,5.0,1.0260000000000002,1.0
2026-03-22 15:16:00,9.87,5.0,0.9739999999999999,1.0
2026-03-22 15:17:00,8.48,5.0,0.6960000000000001,1.0
2026-03-22 15:18:00,8.66,5.0,0.732,1.0
2026-03-22 15:21:00,9.13,5.0,0.8260000000000002,1.0
2026-03-22 15:22:00,9.52,5.0,0.9039999999999999,1.0
2026-03-22 15:23:00,5.38,5.0,0.07599999999999998,1.0
2026-03-22 15:24:00,7.46,5.0,0.492,1.0
2026-03-22 15:25:00,6.66,5.0,0.332,1.0
2026-03-22 15:26:00,7.99,5.0,0.5980000000000001,1.0
2026-03-22 15:27:00,8.56,5.0,0.7120000000000001,1.0
2026-03-22 15:28:00,8.8,5.0,0.7600000000000001,1.0
2026-03-22 15:29:00,8.85,5.0,0.7699999999999999,1.0
2026-03-22 15:30:00,9.39,5.0,0.8780000000000001,1.0
2026-03-22 15:31:00,9.65,5.0,0.93,1.0
2026-03-22 15:32:00,10.06,5.0,1.012,1.0
2026-03-22 15:33:00,10.57,5.0,1.114,1.0
2026-03-22 15:34:00,10.61,5.0,1.1219999999999999,1.0
2026-03-22 15:35:00,9.48,5.0,0.8960000000000001,1.0
2026-03-22 15:36:00,10.01,5.0,1.002,1.0
2026-03-22 15:37:00,9.75,5.0,0.95,1.0
2026-03-22 15:38:00,10.07,5.0,1.014,1.0
2026-03-22 15:39:00,10.48,5.0,1.096,1.0
2026-03-22 15:40:00,10.49,5.0,1.098,1.0
2026-03-22 15:41:00,10.28,5.0,1.0559999999999998,1.0
2026-03-22 15:42:00,9.96,5.0,0.9920000000000002,1.0
2026-03-22 15:43:00,9.26,5.0,0.852,1.0
2026-03-22 15:44:00,9.12,5.0,0.8239999999999998,1.0
2026-03-22 15:45:00,9.33,5.0,0.866,1.0
2026-03-22 15:46:00,9.23,5.0,0.8460000000000001,1.0
2026-03-22 15:47:00,9.14,5.0,0.8280000000000001,1.0
2026-03-22 15:48:00,9.24,5.0,0.8480000000000001,1.0
2026-03-22 15:49:00,9.48,5.0,0.8960000000000001,1.0
2026-03-22 15:50:00,9.68,5.0,0.9359999999999999,1.0
2026-03-22 15:51:00,9.84,5.0,0.968,1.0
2026-03-22 15:54:00,9.89,5.0,0.9780000000000001,1.0
2026-03-22 15:55:00,10.04,5.0,1.0079999999999998,1.0
2026-03-22 15:56:00,9.94,5.0,0.9879999999999999,1.0
2026-03-22 15:57:00,10.04,5.0,1.0079999999999998,1.0
2026-03-22 15:58:00,10.22,5.0,1.044,1.0
2026-03-22 16:03:00,9.57,5.0,0.914,1.0
2026-03-22 16:04:00,9.63,5.0,0.9260000000000002,1.0
2026-03-22 16:05:00,9.67,5.0,0.9339999999999999,1.0
2026-03-22 16:06:00,9.65,5.0,0.93,1.0
2026-03-22 16:07:00,9.71,5.0,0.9420000000000002,1.0
2026-03-22 16:08:00,9.79,5.0,0.9579999999999999,1.0
2026-03-22 16:09:00,9.52,5.0,0.9039999999999999,1.0
2026-03-22 16:10:00,9.83,5.0,0.966,1.0
2026-03-22 16:11:00,9.82,5.0,0.9640000000000001,1.0
2026-03-22 16:12:00,9.98,5.0,0.9960000000000001,1.0
2026-03-22 16:13:00,10.16,5.0,1.032,1.0
2026-03-22 16:14:00,10.05,5.0,1.0100000000000002,1.0
2026-03-22 16:15:00,9.61,5.0,0.9219999999999999,1.0
2026-03-22 16:16:00,9.95,5.0,0.9899999999999999,1.0
2026-03-22 16:17:00,9.97,5.0,0.9940000000000001,1.0
2026-03-22 16:18:00,10.18,5.0,1.036,1.0
2026-03-22 16:19:00,9.87,5.0,0.9739999999999999,1.0
2026-03-22 16:20:00,9.79,5.0,0.9579999999999999,1.0
2026-03-22 16:21:00,9.76,5.0,0.952,1.0
2026-03-22 16:22:00,9.67,5.0,0.9339999999999999,1.0
2026-03-22 16:23:00,10.11,5.0,1.0219999999999998,1.0
2026-03-22 16:24:00,9.55,5.0,0.9100000000000001,1.0
2026-03-22 16:27:00,9.42,5.0,0.884,1.0
2026-03-22 16:28:00,9.25,5.0,0.85,1.0
2026-03-22 16:29:00,9.3,5.0,0.8600000000000001,1.0
2026-03-22 16:30:00,9.03,5.0,0.8059999999999998,1.0
2026-03-22 16:31:00,10.59,5.0,1.1179999999999999,1.0
2026-03-22 16:32:00,9.72,5.0,0.9440000000000002,1.0
2026-03-22 16:33:00,9.44,5.0,0.8879999999999999,1.0
2026-03-22 16:34:00,9.12,5.0,0.8239999999999998,1.0
2026-03-22 16:35:00,10.01,5.0,1.002,1.0
2026-03-22 16:36:00,9.64,5.0,0.9280000000000002,1.0
2026-03-22 16:37:00,9.72,5.0,0.9440000000000002,1.0
2026-03-22 16:38:00,8.56,5.0,0.7120000000000001,1.0
2026-03-22 16:39:00,8.96,5.0,0.7920000000000001,1.0
2026-03-22 16:40:00,9.81,5.0,0.9620000000000001,1.0
2026-03-22 16:41:00,8.81,5.0,0.7620000000000001,1.0
2026-03-22 16:42:00,9.35,5.0,0.8699999999999999,1.0
2026-03-22 16:43:00,10.2,5.0,1.0399999999999998,1.0
2026-03-22 16:46:00,10.22,5.0,1.044,1.0
2026-03-22 16:47:00,9.51,5.0,0.9019999999999999,1.0
2026-03-22 16:48:00,9.86,5.0,0.9719999999999999,1.0
2026-03-22 16:49:00,9.91,5.0,0.982,1.0
2026-03-22 16:50:00,10.54,5.0,1.1079999999999999,1.0
2026-03-22 16:51:00,9.77,5.0,0.954,1.0
2026-03-22 16:52:00,9.64,5.0,0.9280000000000002,1.0
2026-03-22 16:53:00,9.65,5.0,0.93,1.0
2026-03-22 16:54:00,8.66,5.0,0.732,1.0
2026-03-22 16:55:00,10.59,5.0,1.1179999999999999,1.0
2026-03-22 16:56:00,10.42,5.0,1.084,1.0
2026-03-22 16:57:00,10.38,5.0,1.076,1.0
2026-03-22 16:58:00,10.58,5.0,1.116,1.0
2026-03-22 16:59:00,9.42,5.0,0.884,1.0
2026-03-22 17:01:00,9.48,5.0,0.8960000000000001,1.0
2026-03-22 17:02:00,9.31,5.0,0.8620000000000001,1.0
2026-03-22 17:03:00,9.4,5.0,0.8800000000000001,1.0
2026-03-22 17:04:00,9.38,5.0,0.8760000000000001,1.0
2026-03-22 17:05:00,10.25,5.0,1.05,1.0
2026-03-22 17:06:00,10.24,5.0,1.048,1.0
2026-03-22 17:07:00,10.6,5.0,1.1199999999999999,1.0
2026-03-22 17:08:00,10.73,5.0,1.1460000000000001,1.0
2026-03-22 17:09:00,10.76,5.0,1.152,1.0
2026-03-22 17:10:00,10.89,5.0,1.1780000000000002,1.0
2026-03-22 17:11:00,11.22,5.0,1.2440000000000002,1.0
2026-03-22 17:12:00,11.01,5.0,1.202,1.0
2026-03-22 17:13:00,9.15,5.0,0.8300000000000001,1.0
2026-03-22 17:14:00,9.25,5.0,0.85,1.0
2026-03-22 17:15:00,9.08,5.0,0.8160000000000001,1.0
2026-03-22 17:16:00,9.99,5.0,0.998,1.0
2026-03-22 17:17:00,9.94,5.0,0.9879999999999999,1.0
2026-03-22 17:18:00,9.6,5.0,0.9199999999999999,1.0
2026-03-22 17:19:00,9.52,5.0,0.9039999999999999,1.0
2026-03-22 17:20:00,9.44,5.0,0.8879999999999999,1.0
2026-03-22 17:21:00,9.49,5.0,0.898,1.0
2026-03-22 17:22:00,9.56,5.0,0.9120000000000001,1.0
2026-03-22 17:23:00,9.67,5.0,0.9339999999999999,1.0
2026-03-22 17:24:00,9.7,5.0,0.9399999999999998,1.0
2026-03-22 17:25:00,9.47,5.0,0.8940000000000001,1.0
2026-03-22 17:26:00,9.4,5.0,0.8800000000000001,1.0
2026-03-22 17:27:00,9.58,5.0,0.916,1.0
2026-03-22 17:28:00,9.63,5.0,0.9260000000000002,1.0
2026-03-22 17:29:00,9.99,5.0,0.998,1.0
2026-03-22 17:30:00,10.12,5.0,1.0239999999999998,1.0
2026-03-22 17:31:00,9.69,5.0,0.938,1.0
2026-03-22 17:35:00,10.15,5.0,1.03,1.0
2026-03-22 17:36:00,10.34,5.0,1.068,1.0
2026-03-22 17:37:00,9.91,5.0,0.982,1.0
2026-03-22 17:38:00,9.94,5.0,0.9879999999999999,1.0
2026-03-22 17:39:00,9.87,5.0,0.9739999999999999,1.0
2026-03-22 17:40:00,9.82,5.0,0.9640000000000001,1.0
2026-03-22 17:41:00,9.96,5.0,0.9920000000000002,1.0
2026-03-22 17:42:00,9.99,5.0,0.998,1.0
2026-03-22 17:43:00,9.91,5.0,0.982,1.0
2026-03-22 17:44:00,10.26,5.0,1.052,1.0
2026-03-22 17:45:00,10.77,5.0,1.154,1.0
2026-03-22 17:46:00,9.55,5.0,0.9100000000000001,1.0
2026-03-22 17:47:00,9.07,5.0,0.8140000000000001,1.0
2026-03-22 17:48:00,8.96,5.0,0.7920000000000001,1.0
2026-03-22 17:49:00,9.15,5.0,0.8300000000000001,1.0
2026-03-22 17:50:00,9.16,5.0,0.8320000000000001,1.0
2026-03-22 17:51:00,9.83,5.0,0.966,1.0
2026-03-22 17:52:00,9.8,5.0,0.9600000000000002,1.0
2026-03-22 17:53:00,10.08,5.0,1.016,1.0
2026-03-22 17:54:00,10.07,5.0,1.014,1.0
2026-03-22 17:55:00,10.18,5.0,1.036,1.0
2026-03-22 17:56:00,10.02,5.0,1.004,1.0
2026-03-22 17:57:00,10.0,5.0,1.0,1.0
2026-03-22 17:58:00,10.03,5.0,1.0059999999999998,1.0
2026-03-22 17:59:00,9.97,5.0,0.9940000000000001,1.0
2026-03-22 18:00:00,9.96,5.0,0.9920000000000002,1.0
2026-03-22 18:01:00,9.94,5.0,0.9879999999999999,1.0
2026-03-22 18:02:00,9.97,5.0,0.9940000000000001,1.0
2026-03-22 18:03:00,9.69,5.0,0.938,1.0
2026-03-22 18:04:00,9.33,5.0,0.866,1.0
2026-03-22 18:05:00,9.54,5.0,0.9079999999999998,1.0
2026-03-22 18:06:00,9.7,5.0,0.9399999999999998,1.0
2026-03-22 18:07:00,9.86,5.0,0.9719999999999999,1.0
2026-03-22 18:08:00,9.07,5.0,0.8140000000000001,1.0
2026-03-22 18:09:00,9.53,5.0,0.9059999999999999,1.0
2026-03-22 18:10:00,9.61,5.0,0.9219999999999999,1.0
2026-03-22 18:11:00,9.82,5.0,0.9640000000000001,1.0
2026-03-22 18:12:00,9.83,5.0,0.966,1.0
2026-03-22 18:13:00,9.65,5.0,0.93,1.0
2026-03-22 18:14:00,9.57,5.0,0.914,1.0
2026-03-22 18:15:00,8.45,5.0,0.6899999999999998,1.0
2026-03-22 18:16:00,9.3,5.0,0.8600000000000001,1.0
2026-03-22 18:17:00,8.85,5.0,0.7699999999999999,1.0
2026-03-22 18:18:00,8.91,5.0,0.782,1.0
2026-03-22 18:19:00,8.92,5.0,0.784,1.0
2026-03-22 18:20:00,8.61,5.0,0.7219999999999999,1.0
2026-03-22 18:21:00,8.82,5.0,0.764,1.0
2026-03-22 18:22:00,8.97,5.0,0.7940000000000002,1.0
2026-03-22 18:23:00,8.71,5.0,0.7420000000000002,1.0
2026-03-22 18:24:00,8.85,5.0,0.7699999999999999,1.0
2026-03-22 18:25:00,8.27,5.0,0.6539999999999999,1.0
2026-03-22 18:26:00,8.4,5.0,0.68,1.0
2026-03-22 18:27:00,8.68,5.0,0.736,1.0
2026-03-22 18:28:00,8.62,5.0,0.7239999999999999,1.0
2026-03-22 18:29:00,8.76,5.0,0.752,1.0
2026-03-22 18:30:00,8.67,5.0,0.734,1.0
2026-03-22 18:31:00,8.71,5.0,0.7420000000000002,1.0
2026-03-22 18:32:00,8.91,5.0,0.782,1.0
2026-03-22 18:33:00,8.97,5.0,0.7940000000000002,1.0
2026-03-22 18:34:00,8.62,5.0,0.7239999999999999,1.0
2026-03-22 18:35:00,8.59,5.0,0.718,1.0
2026-03-22 18:36:00,8.15,5.0,0.6300000000000001,1.0
2026-03-22 18:37:00,7.97,5.0,0.594,1.0
2026-03-22 18:38:00,8.26,5.0,0.6519999999999999,1.0
2026-03-22 18:39:00,8.49,5.0,0.6980000000000001,1.0
2026-03-22 18:40:00,8.17,5.0,0.634,1.0
2026-03-22 18:41:00,8.32,5.0,0.664,1.0
2026-03-22 18:42:00,8.53,5.0,0.7059999999999998,1.0
2026-03-22 18:43:00,8.7,5.0,0.7399999999999999,1.0
2026-03-22 18:44:00,8.83,5.0,0.766,1.0
2026-03-22 18:45:00,8.78,5.0,0.7559999999999999,1.0
2026-03-22 18:46:00,8.89,5.0,0.7780000000000001,1.0
2026-03-22 18:47:00,8.8,5.0,0.7600000000000001,1.0
2026-03-22 18:48:00,8.75,5.0,0.75,1.0
2026-03-22 18:49:00,8.89,5.0,0.7780000000000001,1.0
2026-03-22 18:50:00,8.66,5.0,0.732,1.0
2026-03-22 18:51:00,8.65,5.0,0.7300000000000001,1.0
2026-03-22 18:52:00,8.7,5.0,0.7399999999999999,1.0
2026-03-22 18:53:00,8.48,5.0,0.6960000000000001,1.0
2026-03-22 18:54:00,8.09,5.0,0.618,1.0
2026-03-22 18:55:00,7.44,5.0,0.4880000000000001,1.0
2026-03-22 18:56:00,8.47,5.0,0.6940000000000002,1.0
2026-03-22 18:57:00,8.56,5.0,0.7120000000000001,1.0
2026-03-22 18:58:00,8.62,5.0,0.7239999999999999,1.0
2026-03-22 18:59:00,8.64,5.0,0.7280000000000001,1.0
2026-03-22 19:00:00,8.57,5.0,0.7140000000000001,1.0
2026-03-22 19:01:00,8.75,5.0,0.75,1.0
2026-03-22 19:04:00,8.98,5.0,0.796,1.0
2026-03-22 19:05:00,8.63,5.0,0.7260000000000002,1.0
2026-03-22 19:06:00,8.95,5.0,0.7899999999999998,1.0
2026-03-22 19:07:00,8.57,5.0,0.7140000000000001,1.0
2026-03-22 19:08:00,8.56,5.0,0.7120000000000001,1.0
2026-03-22 19:09:00,7.86,5.0,0.5720000000000001,1.0
2026-03-22 19:10:00,8.54,5.0,0.7079999999999999,1.0
2026-03-22 19:11:00,8.02,5.0,0.6039999999999999,1.0
2026-03-22 19:14:00,7.58,5.0,0.516,1.0
2026-03-22 19:15:00,7.34,5.0,0.46799999999999997,1.0
2026-03-22 19:16:00,7.23,5.0,0.44600000000000006,1.0
2026-03-22 19:17:00,7.07,5.0,0.41400000000000003,1.0
2026-03-22 19:18:00,7.01,5.0,0.40199999999999997,1.0
2026-03-22 19:19:00,6.14,5.0,0.22799999999999992,1.0
2026-03-22 19:20:00,6.94,5.0,0.38800000000000007,1.0
2026-03-22 19:21:00,6.77,5.0,0.3539999999999999,1.0
2026-03-22 19:22:00,6.77,5.0,0.3539999999999999,1.0
2026-03-22 19:23:00,6.63,5.0,0.32599999999999996,1.0
2026-03-22 19:24:00,6.42,5.0,0.284,1.0
2026-03-22 19:25:00,6.58,5.0,0.316,1.0
2026-03-22 19:26:00,6.64,5.0,0.32799999999999996,1.0
2026-03-22 19:27:00,6.62,5.0,0.324,1.0
2026-03-22 19:28:00,6.65,5.0,0.33000000000000007,1.0
2026-03-22 19:29:00,6.63,5.0,0.32599999999999996,1.0
2026-03-22 19:30:00,6.67,5.0,0.33399999999999996,1.0
2026-03-22 19:31:00,6.66,5.0,0.332,1.0
2026-03-22 19:32:00,6.56,5.0,0.31199999999999994,1.0
2026-03-22 19:33:00,6.53,5.0,0.30600000000000005,1.0
2026-03-22 19:34:00,6.65,5.0,0.33000000000000007,1.0
2026-03-22 19:35:00,6.6,5.0,0.31999999999999995,1.0
2026-03-22 19:36:00,6.48,5.0,0.2960000000000001,1.0
2026-03-22 19:37:00,6.52,5.0,0.30399999999999994,1.0
2026-03-22 19:38:00,6.46,5.0,0.292,1.0
2026-03-22 19:39:00,6.5,5.0,0.3,1.0
2026-03-22 19:40:00,6.43,5.0,0.2859999999999999,1.0
2026-03-22 19:41:00,6.2,5.0,0.24000000000000005,1.0
2026-03-22 19:42:00,6.39,5.0,0.2779999999999999,1.0
2026-03-22 19:43:00,6.39,5.0,0.2779999999999999,1.0
2026-03-22 19:44:00,6.23,5.0,0.24600000000000008,1.0
2026-03-22 19:45:00,6.3,5.0,0.25999999999999995,1.0
2026-03-22 19:46:00,6.07,5.0,0.21400000000000005,1.0
2026-03-22 19:47:00,6.12,5.0,0.22400000000000003,1.0
2026-03-22 19:48:00,5.97,5.0,0.19399999999999995,1.0
2026-03-22 19:49:00,5.9,5.0,0.18000000000000008,1.0
2026-03-22 19:50:00,5.91,5.0,0.18200000000000002,1.0
2026-03-22 19:51:00,5.96,5.0,0.192,1.0
2026-03-22 19:52:00,5.93,5.0,0.18599999999999994,1.0
2026-03-22 19:53:00,5.76,5.0,0.15199999999999997,1.0
2026-03-22 19:54:00,5.84,5.0,0.16799999999999998,1.0
2026-03-22 19:55:00,5.71,5.0,0.142,1.0
2026-03-22 19:56:00,5.98,5.0,0.1960000000000001,1.0
2026-03-22 19:57:00,5.91,5.0,0.18200000000000002,1.0
2026-03-22 19:58:00,5.89,5.0,0.17799999999999994,1.0
2026-03-22 19:59:00,5.85,5.0,0.16999999999999993,1.0
2026-03-22 20:00:00,5.74,5.0,0.14800000000000005,1.0
2026-03-22 20:01:00,5.67,5.0,0.13399999999999998,1.0
2026-03-22 20:02:00,5.66,5.0,0.13200000000000003,1.0
2026-03-22 20:03:00,5.69,5.0,0.13800000000000007,1.0
2026-03-22 20:04:00,5.63,5.0,0.12599999999999997,1.0
2026-03-22 20:05:00,5.85,5.0,0.16999999999999993,1.0
2026-03-22 20:06:00,5.54,5.0,0.10800000000000001,1.0
2026-03-22 20:07:00,5.64,5.0,0.12799999999999995,1.0
2026-03-22 20:08:00,5.7,5.0,0.14000000000000004,1.0
2026-03-22 20:09:00,5.59,5.0,0.11799999999999997,1.0
2026-03-22 20:10:00,4.51,5.0,0.09800000000000005,0.8214936247723131
2026-03-22 20:11:00,6.61,5.0,0.32200000000000006,1.0
2026-03-22 20:12:00,6.56,5.0,0.31199999999999994,1.0
2026-03-22 20:13:00,6.7,5.0,0.34,1.0
2026-03-22 20:14:00,6.64,5.0,0.32799999999999996,1.0
2026-03-22 20:15:00,6.64,5.0,0.32799999999999996,1.0
2026-03-22 20:16:00,6.52,5.0,0.30399999999999994,1.0
2026-03-22 20:17:00,6.61,5.0,0.32200000000000006,1.0
2026-03-22 20:18:00,6.54,5.0,0.308,1.0
2026-03-22 20:19:00,6.4,5.0,0.2800000000000001,1.0
2026-03-22 20:20:00,5.95,5.0,0.19000000000000003,1.0
2026-03-22 20:21:00,6.16,5.0,0.23200000000000004,1.0
2026-03-22 20:22:00,6.23,5.0,0.24600000000000008,1.0
2026-03-22 20:23:00,6.26,5.0,0.25199999999999995,1.0
2026-03-22 20:24:00,5.36,5.0,0.07200000000000006,1.0
2026-03-22 20:25:00,6.09,5.0,0.21799999999999997,1.0
2026-03-22 20:26:00,5.95,5.0,0.19000000000000003,1.0
2026-03-22 20:27:00,5.48,5.0,0.09600000000000009,1.0
2026-03-22 20:28:00,6.08,5.0,0.21600000000000003,1.0
2026-03-22 20:29:00,5.97,5.0,0.19399999999999995,1.0
2026-03-22 20:30:00,5.95,5.0,0.19000000000000003,1.0
2026-03-22 20:31:00,6.43,5.0,0.2859999999999999,1.0
2026-03-22 20:35:00,5.99,5.0,0.19800000000000004,1.0
2026-03-22 20:36:00,6.48,5.0,0.2960000000000001,1.0
2026-03-22 20:37:00,6.05,5.0,0.20999999999999996,1.0
2026-03-22 20:38:00,6.04,5.0,0.20800000000000002,1.0
2026-03-22 20:39:00,5.92,5.0,0.184,1.0
2026-03-22 20:40:00,6.07,5.0,0.21400000000000005,1.0
2026-03-22 20:41:00,6.36,5.0,0.2720000000000001,1.0
2026-03-22 20:42:00,5.74,5.0,0.14800000000000005,1.0
2026-03-22 20:43:00,6.35,5.0,0.2699999999999999,1.0
2026-03-22 20:44:00,6.32,5.0,0.26400000000000007,1.0
2026-03-22 20:45:00,6.88,5.0,0.376,1.0
2026-03-22 20:46:00,6.32,5.0,0.26400000000000007,1.0
2026-03-22 20:47:00,5.72,5.0,0.14399999999999996,1.0
2026-03-22 20:48:00,5.67,5.0,0.13399999999999998,1.0
2026-03-22 20:49:00,5.97,5.0,0.19399999999999995,1.0
2026-03-22 20:50:00,5.95,5.0,0.19000000000000003,1.0
2026-03-22 20:51:00,5.85,5.0,0.16999999999999993,1.0
2026-03-22 20:52:00,5.74,5.0,0.14800000000000005,1.0
2026-03-22 20:53:00,5.72,5.0,0.14399999999999996,1.0
2026-03-22 20:54:00,6.31,5.0,0.2619999999999999,1.0
2026-03-22 20:55:00,6.07,5.0,0.21400000000000005,1.0
2026-03-22 20:56:00,5.85,5.0,0.16999999999999993,1.0
2026-03-22 20:57:00,5.52,5.0,0.10399999999999991,1.0
2026-03-22 20:58:00,5.47,5.0,0.09399999999999994,1.0
2026-03-22 20:59:00,5.76,5.0,0.15199999999999997,1.0
2026-03-22 21:00:00,5.61,5.0,0.12200000000000007,1.0
2026-03-22 21:01:00,5.95,5.0,0.19000000000000003,1.0
2026-03-22 21:02:00,5.58,5.0,0.11600000000000002,1.0
2026-03-22 21:03:00,6.45,5.0,0.29000000000000004,1.0
2026-03-22 21:04:00,6.47,5.0,0.29399999999999993,1.0
2026-03-22 21:05:00,6.35,5.0,0.2699999999999999,1.0
2026-03-22 21:06:00,7.42,5.0,0.484,1.0
2026-03-22 21:07:00,7.4,5.0,0.4800000000000001,1.0
2026-03-22 21:08:00,7.21,5.0,0.442,1.0
2026-03-22 21:09:00,7.16,5.0,0.43200000000000005,1.0
2026-03-22 21:10:00,7.15,5.0,0.43000000000000005,1.0
2026-03-22 21:11:00,7.21,5.0,0.442,1.0
2026-03-22 21:12:00,7.29,5.0,0.458,1.0
2026-03-22 21:13:00,7.29,5.0,0.458,1.0
2026-03-22 21:14:00,7.27,5.0,0.4539999999999999,1.0
2026-03-22 21:15:00,7.25,5.0,0.45,1.0
2026-03-22 21:16:00,7.23,5.0,0.44600000000000006,1.0
2026-03-22 21:17:00,7.29,5.0,0.458,1.0
2026-03-22 21:18:00,7.0,5.0,0.4,1.0
2026-03-22 21:19:00,7.23,5.0,0.44600000000000006,1.0
2026-03-22 21:20:00,7.21,5.0,0.442,1.0
2026-03-22 21:21:00,7.18,5.0,0.43599999999999994,1.0
2026-03-22 21:22:00,7.3,5.0,0.45999999999999996,1.0
2026-03-22 21:23:00,6.95,5.0,0.39,1.0
2026-03-22 21:24:00,7.17,5.0,0.434,1.0
2026-03-22 21:25:00,7.23,5.0,0.44600000000000006,1.0
2026-03-22 21:26:00,7.38,5.0,0.476,1.0
2026-03-22 21:27:00,7.29,5.0,0.458,1.0
2026-03-22 21:28:00,6.97,5.0,0.39399999999999996,1.0
2026-03-22 21:29:00,6.09,5.0,0.21799999999999997,1.0
2026-03-22 21:30:00,6.4,5.0,0.2800000000000001,1.0
2026-03-22 21:31:00,6.57,5.0,0.31400000000000006,1.0
2026-03-22 21:33:00,6.52,5.0,0.30399999999999994,1.0
2026-03-22 21:34:00,6.17,5.0,0.23399999999999999,1.0
2026-03-22 21:35:00,5.79,5.0,0.158,1.0
2026-03-22 21:36:00,6.79,5.0,0.358,1.0
2026-03-22 21:37:00,3.64,5.0,0.27199999999999996,0.5723270440251572
2026-03-22 21:38:00,6.18,5.0,0.23599999999999993,1.0
2026-03-22 21:39:00,6.18,5.0,0.23599999999999993,1.0
2026-03-22 21:40:00,6.33,5.0,0.266,1.0
2026-03-22 21:41:00,6.22,5.0,0.24399999999999994,1.0
2026-03-22 21:42:00,6.16,5.0,0.23200000000000004,1.0
2026-03-22 21:43:00,6.17,5.0,0.23399999999999999,1.0
2026-03-22 21:44:00,6.23,5.0,0.24600000000000008,1.0
2026-03-22 21:45:00,6.14,5.0,0.22799999999999992,1.0
2026-03-22 21:46:00,6.31,5.0,0.2619999999999999,1.0
2026-03-22 21:47:00,6.19,5.0,0.23800000000000007,1.0
2026-03-22 21:48:00,6.13,5.0,0.22599999999999998,1.0
2026-03-22 21:49:00,6.19,5.0,0.23800000000000007,1.0
2026-03-22 21:50:00,6.16,5.0,0.23200000000000004,1.0
2026-03-22 21:51:00,6.18,5.0,0.23599999999999993,1.0
2026-03-22 21:52:00,6.31,5.0,0.2619999999999999,1.0
2026-03-22 21:53:00,6.27,5.0,0.2539999999999999,1.0
2026-03-22 21:54:00,6.21,5.0,0.242,1.0
2026-03-22 21:55:00,5.52,5.0,0.10399999999999991,1.0
2026-03-22 21:56:00,5.85,5.0,0.16999999999999993,1.0
2026-03-22 21:57:00,5.72,5.0,0.14399999999999996,1.0
2026-03-22 21:58:00,5.85,5.0,0.16999999999999993,1.0
2026-03-22 21:59:00,5.71,5.0,0.142,1.0
2026-03-22 22:00:00,5.79,5.0,0.158,1.0
2026-03-22 22:01:00,5.62,5.0,0.12400000000000003,1.0
2026-03-22 22:02:00,5.74,5.0,0.14800000000000005,1.0
2026-03-22 22:03:00,5.74,5.0,0.14800000000000005,1.0
2026-03-22 22:04:00,5.69,5.0,0.13800000000000007,1.0
2026-03-22 22:05:00,5.66,5.0,0.13200000000000003,1.0
2026-03-22 22:06:00,5.67,5.0,0.13399999999999998,1.0
2026-03-22 22:07:00,5.61,5.0,0.12200000000000007,1.0
2026-03-22 22:08:00,5.39,5.0,0.07799999999999993,1.0
2026-03-22 22:09:00,5.74,5.0,0.14800000000000005,1.0
2026-03-22 22:10:00,5.72,5.0,0.14399999999999996,1.0
2026-03-22 22:11:00,5.68,5.0,0.13599999999999995,1.0
2026-03-22 22:12:00,5.71,5.0,0.142,1.0
2026-03-22 22:13:00,5.68,5.0,0.13599999999999995,1.0
2026-03-22 22:14:00,5.67,5.0,0.13399999999999998,1.0
2026-03-22 22:15:00,5.73,5.0,0.14600000000000007,1.0
2026-03-22 22:16:00,5.76,5.0,0.15199999999999997,1.0
2026-03-22 22:17:00,5.92,5.0,0.184,1.0
2026-03-22 22:18:00,5.9,5.0,0.18000000000000008,1.0
2026-03-22 22:19:00,6.08,5.0,0.21600000000000003,1.0
2026-03-22 22:20:00,5.91,5.0,0.18200000000000002,1.0
2026-03-22 22:21:00,3.85,5.0,0.22999999999999998,0.6260162601626017
2026-03-22 22:22:00,5.79,5.0,0.158,1.0
2026-03-22 22:23:00,5.65,5.0,0.13000000000000006,1.0
2026-03-22 22:24:00,6.03,5.0,0.20600000000000004,1.0
2026-03-22 22:25:00,5.55,5.0,0.10999999999999996,1.0
2026-03-22 22:26:00,5.57,5.0,0.11400000000000006,1.0
2026-03-22 22:27:00,6.13,5.0,0.22599999999999998,1.0
2026-03-22 22:28:00,6.24,5.0,0.24800000000000005,1.0
2026-03-22 22:29:00,6.28,5.0,0.25600000000000006,1.0
2026-03-22 22:30:00,6.27,5.0,0.2539999999999999,1.0
2026-03-22 22:31:00,6.26,5.0,0.25199999999999995,1.0
2026-03-22 22:32:00,6.12,5.0,0.22400000000000003,1.0
2026-03-22 22:33:00,6.33,5.0,0.266,1.0
2026-03-22 22:34:00,6.52,5.0,0.30399999999999994,1.0
2026-03-22 22:35:00,6.29,5.0,0.258,1.0
2026-03-22 22:36:00,6.28,5.0,0.25600000000000006,1.0
2026-03-22 22:37:00,6.18,5.0,0.23599999999999993,1.0
2026-03-22 22:38:00,6.33,5.0,0.266,1.0
2026-03-22 22:39:00,6.33,5.0,0.266,1.0
2026-03-22 22:40:00,6.02,5.0,0.2039999999999999,1.0
2026-03-22 22:41:00,6.02,5.0,0.2039999999999999,1.0
2026-03-22 22:42:00,5.69,5.0,0.13800000000000007,1.0
2026-03-22 22:43:00,5.48,5.0,0.09600000000000009,1.0
2026-03-22 22:44:00,5.98,5.0,0.1960000000000001,1.0
2026-03-22 22:45:00,6.08,5.0,0.21600000000000003,1.0
2026-03-22 22:46:00,5.88,5.0,0.176,1.0
2026-03-22 22:47:00,5.85,5.0,0.16999999999999993,1.0
2026-03-22 22:48:00,5.64,5.0,0.12799999999999995,1.0
2026-03-22 22:49:00,5.71,5.0,0.142,1.0
2026-03-22 22:50:00,5.4,5.0,0.08000000000000007,1.0
2026-03-22 22:51:00,5.3,5.0,0.05999999999999996,1.0
2026-03-22 22:52:00,5.43,5.0,0.08599999999999994,1.0
2026-03-22 22:53:00,5.24,5.0,0.04800000000000004,1.0
2026-03-22 22:54:00,5.25,5.0,0.05,1.0
2026-03-22 22:55:00,4.86,5.0,0.027999999999999935,0.9455252918287939
2026-03-22 22:56:00,4.18,5.0,0.16400000000000006,0.7182130584192439
2026-03-22 22:57:00,4.82,5.0,0.03599999999999994,0.9305019305019305
2026-03-22 22:58:00,4.15,5.0,0.16999999999999993,0.7094017094017095
2026-03-22 22:59:00,3.84,5.0,0.23200000000000004,0.6233766233766234
2026-03-22 23:00:00,4.51,5.0,0.09800000000000005,0.8214936247723131
2026-03-22 23:01:00,6.33,5.0,0.266,1.0
2026-03-22 23:02:00,6.27,5.0,0.2539999999999999,1.0
2026-03-22 23:03:00,5.81,5.0,0.16199999999999992,1.0
2026-03-22 23:04:00,6.19,5.0,0.23800000000000007,1.0
2026-03-22 23:05:00,6.06,5.0,0.2119999999999999,1.0
2026-03-22 23:06:00,6.31,5.0,0.2619999999999999,1.0
2026-03-22 23:07:00,6.26,5.0,0.25199999999999995,1.0
2026-03-22 23:08:00,6.13,5.0,0.22599999999999998,1.0
2026-03-22 23:09:00,6.11,5.0,0.22200000000000006,1.0
2026-03-22 23:10:00,5.55,5.0,0.10999999999999996,1.0
2026-03-22 23:11:00,5.59,5.0,0.11799999999999997,1.0
2026-03-22 23:12:00,5.23,5.0,0.04600000000000008,1.0
2026-03-22 23:13:00,5.88,5.0,0.176,1.0
2026-03-22 23:14:00,6.06,5.0,0.2119999999999999,1.0
2026-03-22 23:15:00,6.14,5.0,0.22799999999999992,1.0
2026-03-22 23:16:00,5.89,5.0,0.17799999999999994,1.0
2026-03-22 23:17:00,6.04,5.0,0.20800000000000002,1.0
2026-03-22 23:18:00,6.05,5.0,0.20999999999999996,1.0
2026-03-22 23:19:00,5.4,5.0,0.08000000000000007,1.0
2026-03-22 23:20:00,5.81,5.0,0.16199999999999992,1.0
2026-03-22 23:21:00,5.8,5.0,0.15999999999999998,1.0
2026-03-22 23:22:00,5.74,5.0,0.14800000000000005,1.0
2026-03-22 23:23:00,5.76,5.0,0.15199999999999997,1.0
2026-03-22 23:24:00,5.67,5.0,0.13399999999999998,1.0
2026-03-22 23:25:00,5.49,5.0,0.09800000000000005,1.0
2026-03-22 23:26:00,5.23,5.0,0.04600000000000008,1.0
2026-03-22 23:27:00,5.63,5.0,0.12599999999999997,1.0
2026-03-22 23:28:00,5.56,5.0,0.11199999999999992,1.0
2026-03-22 23:29:00,5.62,5.0,0.12400000000000003,1.0
2026-03-22 23:30:00,5.64,5.0,0.12799999999999995,1.0
2026-03-22 23:31:00,5.54,5.0,0.10800000000000001,1.0
2026-03-22 23:32:00,5.31,5.0,0.06199999999999992,1.0
2026-03-22 23:33:00,5.34,5.0,0.06799999999999998,1.0
2026-03-22 23:34:00,5.44,5.0,0.08800000000000008,1.0
2026-03-22 23:35:00,4.87,5.0,0.025999999999999978,0.949317738791423
2026-03-22 23:37:00,5.31,5.0,0.06199999999999992,1.0
2026-03-22 23:38:00,5.33,5.0,0.06600000000000002,1.0
2026-03-22 23:39:00,5.86,5.0,0.17200000000000007,1.0
2026-03-22 23:40:00,5.85,5.0,0.16999999999999993,1.0
2026-03-22 23:41:00,5.94,5.0,0.18800000000000008,1.0
2026-03-22 23:42:00,4.43,5.0,0.11400000000000006,0.7953321364452423
2026-03-22 23:43:00,5.26,5.0,0.051999999999999956,1.0
2026-03-22 23:44:00,5.46,5.0,0.092,1.0
2026-03-22 23:45:00,5.36,5.0,0.07200000000000006,1.0
2026-03-22 23:46:00,5.69,5.0,0.13800000000000007,1.0
2026-03-22 23:47:00,5.45,5.0,0.09000000000000004,1.0
2026-03-22 23:48:00,5.41,5.0,0.08200000000000003,1.0
2026-03-22 23:49:00,5.34,5.0,0.06799999999999998,1.0
2026-03-22 23:50:00,5.09,5.0,0.01799999999999997,1.0
2026-03-22 23:51:00,5.5,5.0,0.1,1.0
2026-03-22 23:52:00,5.74,5.0,0.14800000000000005,1.0
2026-03-22 23:53:00,5.47,5.0,0.09399999999999994,1.0
2026-03-22 23:54:00,5.65,5.0,0.13000000000000006,1.0
2026-03-22 23:55:00,5.68,5.0,0.13599999999999995,1.0
2026-03-22 23:56:00,5.6,5.0,0.11999999999999993,1.0
2026-03-22 23:57:00,5.48,5.0,0.09600000000000009,1.0
2026-03-22 23:58:00,5.33,5.0,0.06600000000000002,1.0
2026-03-22 23:59:00,5.43,5.0,0.08599999999999994,1.0
2026-03-23 00:00:00,5.34,5.0,0.06799999999999998,1.0
2026-03-23 00:01:00,5.27,5.0,0.053999999999999916,1.0
2026-03-23 00:02:00,5.62,5.0,0.12400000000000003,1.0
2026-03-23 00:03:00,5.33,5.0,0.06600000000000002,1.0
2026-03-23 00:04:00,5.54,5.0,0.10800000000000001,1.0
2026-03-23 00:05:00,5.61,5.0,0.12200000000000007,1.0
2026-03-23 00:06:00,5.6,5.0,0.11999999999999993,1.0
2026-03-23 00:07:00,5.66,5.0,0.13200000000000003,1.0
2026-03-23 00:08:00,4.6,5.0,0.08000000000000007,0.8518518518518517
2026-03-23 00:09:00,5.17,5.0,0.03399999999999999,1.0
2026-03-23 00:10:00,5.33,5.0,0.06600000000000002,1.0
2026-03-23 00:11:00,5.15,5.0,0.030000000000000072,1.0
2026-03-23 00:12:00,5.17,5.0,0.03399999999999999,1.0
2026-03-23 00:13:00,5.27,5.0,0.053999999999999916,1.0
2026-03-23 00:14:00,5.33,5.0,0.06600000000000002,1.0
2026-03-23 00:15:00,5.45,5.0,0.09000000000000004,1.0
2026-03-23 00:16:00,5.15,5.0,0.030000000000000072,1.0
2026-03-23 00:17:00,5.18,5.0,0.03599999999999994,1.0
2026-03-23 00:18:00,4.98,5.0,0.003999999999999915,0.9920318725099603
2026-03-23 00:19:00,5.4,5.0,0.08000000000000007,1.0
2026-03-23 00:20:00,4.98,5.0,0.003999999999999915,0.9920318725099603
2026-03-23 00:21:00,6.03,5.0,0.20600000000000004,1.0
2026-03-23 00:22:00,5.44,5.0,0.08800000000000008,1.0
2026-03-23 00:23:00,5.45,5.0,0.09000000000000004,1.0
2026-03-23 00:24:00,5.44,5.0,0.08800000000000008,1.0
2026-03-23 00:25:00,5.52,5.0,0.10399999999999991,1.0
2026-03-23 00:26:00,5.53,5.0,0.10600000000000005,1.0
2026-03-23 00:27:00,5.54,5.0,0.10800000000000001,1.0
2026-03-23 00:28:00,5.14,5.0,0.027999999999999935,1.0
2026-03-23 00:29:00,5.31,5.0,0.06199999999999992,1.0
2026-03-23 00:30:00,5.38,5.0,0.07599999999999998,1.0
2026-03-23 00:31:00,5.41,5.0,0.08200000000000003,1.0
2026-03-23 00:32:00,5.39,5.0,0.07799999999999993,1.0
2026-03-23 00:33:00,4.8,5.0,0.040000000000000036,0.923076923076923
2026-03-23 00:34:00,5.59,5.0,0.11799999999999997,1.0
2026-03-23 00:35:00,5.53,5.0,0.10600000000000005,1.0
2026-03-23 00:36:00,5.59,5.0,0.11799999999999997,1.0
2026-03-23 00:37:00,5.56,5.0,0.11199999999999992,1.0
2026-03-23 00:38:00,5.49,5.0,0.09800000000000005,1.0
2026-03-23 00:39:00,5.53,5.0,0.10600000000000005,1.0
2026-03-23 00:40:00,5.42,5.0,0.08399999999999999,1.0
2026-03-23 00:41:00,5.49,5.0,0.09800000000000005,1.0
2026-03-23 00:42:00,5.39,5.0,0.07799999999999993,1.0
2026-03-23 00:43:00,5.08,5.0,0.016000000000000014,1.0
2026-03-23 00:44:00,5.64,5.0,0.12799999999999995,1.0
2026-03-23 00:45:00,5.31,5.0,0.06199999999999992,1.0
2026-03-23 00:46:00,5.8,5.0,0.15999999999999998,1.0
2026-03-23 00:47:00,5.91,5.0,0.18200000000000002,1.0
2026-03-23 00:48:00,5.96,5.0,0.192,1.0
2026-03-23 00:49:00,5.93,5.0,0.18599999999999994,1.0
2026-03-23 00:50:00,4.87,5.0,0.025999999999999978,0.949317738791423
2026-03-23 00:51:00,5.16,5.0,0.03200000000000003,1.0
2026-03-23 00:52:00,5.21,5.0,0.041999999999999996,1.0
2026-03-23 00:53:00,5.21,5.0,0.041999999999999996,1.0
2026-03-23 00:54:00,5.29,5.0,0.05800000000000001,1.0
2026-03-23 00:55:00,5.28,5.0,0.05600000000000005,1.0
2026-03-23 00:56:00,4.92,5.0,0.016000000000000014,0.968503937007874
2026-03-23 00:57:00,5.45,5.0,0.09000000000000004,1.0
2026-03-23 00:58:00,5.34,5.0,0.06799999999999998,1.0
2026-03-23 00:59:00,5.19,5.0,0.038000000000000075,1.0
2026-03-23 01:00:00,5.07,5.0,0.014000000000000058,1.0
2026-03-23 01:01:00,5.46,5.0,0.092,1.0
2026-03-23 01:03:00,4.37,5.0,0.12599999999999997,0.7761989342806395
2026-03-23 01:04:00,4.81,5.0,0.038000000000000075,0.9267822736030827
2026-03-23 01:05:00,5.11,5.0,0.022000000000000065,1.0
2026-03-23 01:06:00,4.69,5.0,0.06199999999999992,0.8832391713747648
2026-03-23 01:07:00,4.36,5.0,0.12799999999999995,0.773049645390071
2026-03-23 01:08:00,4.97,5.0,0.0060000000000000496,0.9880715705765407
2026-03-23 01:09:00,4.94,5.0,0.011999999999999922,0.9762845849802373
2026-03-23 01:10:00,4.98,5.0,0.003999999999999915,0.9920318725099603
2026-03-23 01:11:00,4.67,5.0,0.06600000000000002,0.8761726078799249
2026-03-23 01:12:00,5.07,5.0,0.014000000000000058,1.0
2026-03-23 01:13:00,5.03,5.0,0.0060000000000000496,1.0
2026-03-23 01:14:00,4.96,5.0,0.008000000000000007,0.9841269841269841
2026-03-23 01:15:00,4.97,5.0,0.0060000000000000496,0.9880715705765407
2026-03-23 01:16:00,5.04,5.0,0.008000000000000007,1.0
2026-03-23 01:17:00,4.87,5.0,0.025999999999999978,0.949317738791423
2026-03-23 01:18:00,5.04,5.0,0.008000000000000007,1.0
2026-03-23 01:19:00,4.98,5.0,0.003999999999999915,0.9920318725099603
2026-03-23 01:20:00,4.77,5.0,0.04600000000000008,0.9120458891013383
2026-03-23 01:21:00,4.77,5.0,0.04600000000000008,0.9120458891013383
2026-03-23 01:22:00,4.92,5.0,0.016000000000000014,0.968503937007874
2026-03-23 01:23:00,4.96,5.0,0.008000000000000007,0.9841269841269841
2026-03-23 01:24:00,4.5,5.0,0.1,0.8181818181818181
2026-03-23 01:25:00,4.6,5.0,0.08000000000000007,0.8518518518518517
2026-03-23 01:26:00,4.89,5.0,0.022000000000000065,0.9569471624266145
2026-03-23 01:27:00,4.7,5.0,0.05999999999999996,0.8867924528301887
2026-03-23 01:28:00,4.9,5.0,0.019999999999999928,0.9607843137254902
2026-03-23 01:29:00,4.85,5.0,0.030000000000000072,0.9417475728155339
2026-03-23 01:30:00,5.01,5.0,0.0019999999999999575,1.0
2026-03-23 01:31:00,5.04,5.0,0.008000000000000007,1.0
2026-03-23 01:32:00,4.87,5.0,0.025999999999999978,0.949317738791423
2026-03-23 01:33:00,5.42,5.0,0.08399999999999999,1.0
2026-03-23 01:34:00,5.35,5.0,0.06999999999999992,1.0
2026-03-23 01:35:00,5.11,5.0,0.022000000000000065,1.0
2026-03-23 01:36:00,5.17,5.0,0.03399999999999999,1.0
2026-03-23 01:37:00,4.96,5.0,0.008000000000000007,0.9841269841269841
2026-03-23 01:38:00,5.09,5.0,0.01799999999999997,1.0
2026-03-23 01:39:00,4.98,5.0,0.003999999999999915,0.9920318725099603
2026-03-23 01:40:00,4.87,5.0,0.025999999999999978,0.949317738791423
2026-03-23 01:41:00,5.06,5.0,0.011999999999999922,1.0
2026-03-23 01:42:00,3.64,5.0,0.27199999999999996,0.5723270440251572
2026-03-23 01:43:00,4.91,5.0,0.01799999999999997,0.9646365422396856
2026-03-23 01:44:00,4.78,5.0,0.04399999999999995,0.9157088122605365
2026-03-23 01:45:00,4.52,5.0,0.09600000000000009,0.8248175182481751
2026-03-23 01:46:00,5.0,5.0,0.0,1.0
2026-03-23 01:47:00,5.1,5.0,0.019999999999999928,1.0
2026-03-23 01:48:00,5.22,5.0,0.04399999999999995,1.0
2026-03-23 01:49:00,5.19,5.0,0.038000000000000075,1.0
2026-03-23 01:50:00,5.19,5.0,0.038000000000000075,1.0
2026-03-23 01:51:00,5.13,5.0,0.025999999999999978,1.0
2026-03-23 01:52:00,5.15,5.0,0.030000000000000072,1.0
2026-03-23 01:53:00,5.56,5.0,0.11199999999999992,1.0
2026-03-23 01:54:00,5.46,5.0,0.092,1.0
2026-03-23 01:55:00,5.29,5.0,0.05800000000000001,1.0
2026-03-23 01:56:00,4.28,5.0,0.14399999999999996,0.7482517482517484
2026-03-23 01:57:00,5.5,5.0,0.1,1.0
2026-03-23 01:58:00,5.61,5.0,0.12200000000000007,1.0
2026-03-23 01:59:00,5.59,5.0,0.11799999999999997,1.0
2026-03-23 02:00:00,5.67,5.0,0.13399999999999998,1.0
2026-03-23 02:01:00,5.89,5.0,0.17799999999999994,1.0
2026-03-23 02:02:00,4.04,5.0,0.192,0.6778523489932886
2026-03-23 02:03:00,5.23,5.0,0.04600000000000008,1.0
2026-03-23 02:04:00,5.07,5.0,0.014000000000000058,1.0
2026-03-23 02:05:00,5.0,5.0,0.0,1.0
2026-03-23 02:06:00,5.19,5.0,0.038000000000000075,1.0
2026-03-23 02:07:00,5.28,5.0,0.05600000000000005,1.0
2026-03-23 02:08:00,5.23,5.0,0.04600000000000008,1.0
2026-03-23 02:09:00,5.39,5.0,0.07799999999999993,1.0
2026-03-23 02:10:00,5.01,5.0,0.0019999999999999575,1.0
2026-03-23 02:11:00,5.41,5.0,0.08200000000000003,1.0
2026-03-23 02:12:00,5.32,5.0,0.06400000000000006,1.0
2026-03-23 02:13:00,5.99,5.0,0.19800000000000004,1.0
2026-03-23 02:14:00,5.94,5.0,0.18800000000000008,1.0
2026-03-23 02:15:00,5.91,5.0,0.18200000000000002,1.0
2026-03-23 02:16:00,5.88,5.0,0.176,1.0
2026-03-23 02:17:00,5.74,5.0,0.14800000000000005,1.0
2026-03-23 02:18:00,5.6,5.0,0.11999999999999993,1.0
2026-03-23 02:19:00,5.64,5.0,0.12799999999999995,1.0
2026-03-23 02:20:00,5.32,5.0,0.06400000000000006,1.0
2026-03-23 02:21:00,5.2,5.0,0.040000000000000036,1.0
2026-03-23 02:22:00,5.12,5.0,0.02400000000000002,1.0
2026-03-23 02:23:00,5.49,5.0,0.09800000000000005,1.0
2026-03-23 02:24:00,5.61,5.0,0.12200000000000007,1.0
2026-03-23 02:25:00,5.55,5.0,0.10999999999999996,1.0
2026-03-23 02:26:00,5.5,5.0,0.1,1.0
2026-03-23 02:27:00,5.34,5.0,0.06799999999999998,1.0
2026-03-23 02:28:00,5.21,5.0,0.041999999999999996,1.0
2026-03-23 02:29:00,5.27,5.0,0.053999999999999916,1.0
2026-03-23 02:30:00,5.37,5.0,0.07400000000000002,1.0
2026-03-23 02:31:00,5.38,5.0,0.07599999999999998,1.0
2026-03-23 02:32:00,5.25,5.0,0.05,1.0
2026-03-23 02:33:00,5.58,5.0,0.11600000000000002,1.0
2026-03-23 02:34:00,5.51,5.0,0.10199999999999995,1.0
2026-03-23 02:35:00,5.51,5.0,0.10199999999999995,1.0
2026-03-23 02:36:00,5.34,5.0,0.06799999999999998,1.0
2026-03-23 02:37:00,5.45,5.0,0.09000000000000004,1.0
2026-03-23 02:38:00,5.59,5.0,0.11799999999999997,1.0
2026-03-23 02:39:00,5.41,5.0,0.08200000000000003,1.0
2026-03-23 02:40:00,5.33,5.0,0.06600000000000002,1.0
2026-03-23 02:41:00,5.19,5.0,0.038000000000000075,1.0
2026-03-23 02:42:00,5.15,5.0,0.030000000000000072,1.0
2026-03-23 02:43:00,5.06,5.0,0.011999999999999922,1.0
2026-03-23 02:44:00,5.14,5.0,0.027999999999999935,1.0
2026-03-23 02:45:00,5.2,5.0,0.040000000000000036,1.0
2026-03-23 02:46:00,5.15,5.0,0.030000000000000072,1.0
2026-03-23 02:47:00,5.19,5.0,0.038000000000000075,1.0
2026-03-23 02:48:00,5.18,5.0,0.03599999999999994,1.0
2026-03-23 02:49:00,5.08,5.0,0.016000000000000014,1.0
2026-03-23 02:50:00,5.08,5.0,0.016000000000000014,1.0
2026-03-23 02:51:00,5.2,5.0,0.040000000000000036,1.0
2026-03-23 02:52:00,5.24,5.0,0.04800000000000004,1.0
2026-03-23 02:53:00,5.13,5.0,0.025999999999999978,1.0
2026-03-23 02:54:00,5.06,5.0,0.011999999999999922,1.0
2026-03-23 02:55:00,5.09,5.0,0.01799999999999997,1.0
2026-03-23 02:56:00,5.12,5.0,0.02400000000000002,1.0
2026-03-23 02:57:00,5.06,5.0,0.011999999999999922,1.0
2026-03-23 02:58:00,5.13,5.0,0.025999999999999978,1.0
2026-03-23 02:59:00,5.14,5.0,0.027999999999999935,1.0
2026-03-23 03:00:00,5.27,5.0,0.053999999999999916,1.0
2026-03-23 03:01:00,5.09,5.0,0.01799999999999997,1.0
2026-03-23 03:02:00,5.21,5.0,0.041999999999999996,1.0
2026-03-23 03:03:00,5.07,5.0,0.014000000000000058,1.0
2026-03-23 03:04:00,5.07,5.0,0.014000000000000058,1.0
2026-03-23 03:05:00,5.1,5.0,0.019999999999999928,1.0
2026-03-23 03:06:00,5.14,5.0,0.027999999999999935,1.0
2026-03-23 03:07:00,5.11,5.0,0.022000000000000065,1.0
2026-03-23 03:08:00,5.01,5.0,0.0019999999999999575,1.0
2026-03-23 03:09:00,5.01,5.0,0.0019999999999999575,1.0
2026-03-23 03:10:00,4.99,5.0,0.0019999999999999575,0.9960079840319361
2026-03-23 03:11:00,4.87,5.0,0.025999999999999978,0.949317738791423
2026-03-23 03:12:00,4.94,5.0,0.011999999999999922,0.9762845849802373
2026-03-23 03:13:00,4.96,5.0,0.008000000000000007,0.9841269841269841
2026-03-23 03:14:00,5.04,5.0,0.008000000000000007,1.0
2026-03-23 03:15:00,4.94,5.0,0.011999999999999922,0.9762845849802373
2026-03-23 03:16:00,4.98,5.0,0.003999999999999915,0.9920318725099603
2026-03-23 03:17:00,4.99,5.0,0.0019999999999999575,0.9960079840319361
2026-03-23 03:18:00,5.01,5.0,0.0019999999999999575,1.0
2026-03-23 03:19:00,5.04,5.0,0.008000000000000007,1.0
2026-03-23 03:20:00,5.07,5.0,0.014000000000000058,1.0
2026-03-23 03:21:00,5.06,5.0,0.011999999999999922,1.0
2026-03-23 03:22:00,5.0,5.0,0.0,1.0
2026-03-23 03:23:00,5.05,5.0,0.009999999999999964,1.0
2026-03-23 03:24:00,4.89,5.0,0.022000000000000065,0.9569471624266145
2026-03-23 03:25:00,5.12,5.0,0.02400000000000002,1.0
2026-03-23 03:26:00,5.03,5.0,0.0060000000000000496,1.0
2026-03-23 03:27:00,4.99,5.0,0.0019999999999999575,0.9960079840319361
2026-03-23 03:28:00,5.04,5.0,0.008000000000000007,1.0
2026-03-23 03:29:00,5.28,5.0,0.05600000000000005,1.0
2026-03-23 03:30:00,5.18,5.0,0.03599999999999994,1.0
2026-03-23 03:31:00,5.16,5.0,0.03200000000000003,1.0
2026-03-23 03:32:00,5.1,5.0,0.019999999999999928,1.0
2026-03-23 03:33:00,5.1,5.0,0.019999999999999928,1.0
2026-03-23 03:34:00,4.98,5.0,0.003999999999999915,0.9920318725099603
2026-03-23 03:35:00,4.97,5.0,0.0060000000000000496,0.9880715705765407
2026-03-23 03:36:00,5.16,5.0,0.03200000000000003,1.0
2026-03-23 03:37:00,5.28,5.0,0.05600000000000005,1.0
2026-03-23 03:38:00,5.21,5.0,0.041999999999999996,1.0
2026-03-23 03:39:00,5.2,5.0,0.040000000000000036,1.0
2026-03-23 03:40:00,5.21,5.0,0.041999999999999996,1.0
2026-03-23 03:41:00,5.16,5.0,0.03200000000000003,1.0
2026-03-23 03:42:00,5.13,5.0,0.025999999999999978,1.0
2026-03-23 03:43:00,5.14,5.0,0.027999999999999935,1.0
2026-03-23 03:44:00,4.95,5.0,0.009999999999999964,0.9801980198019802
2026-03-23 03:45:00,4.99,5.0,0.0019999999999999575,0.9960079840319361
2026-03-23 03:46:00,5.15,5.0,0.030000000000000072,1.0
2026-03-23 03:47:00,5.12,5.0,0.02400000000000002,1.0
2026-03-23 03:48:00,5.08,5.0,0.016000000000000014,1.0
2026-03-23 03:49:00,5.23,5.0,0.04600000000000008,1.0
2026-03-23 03:50:00,4.83,5.0,0.03399999999999999,0.9342359767891683
2026-03-23 03:51:00,5.1,5.0,0.019999999999999928,1.0
2026-03-23 03:52:00,5.11,5.0,0.022000000000000065,1.0
2026-03-23 03:53:00,5.19,5.0,0.038000000000000075,1.0
2026-03-23 03:54:00,5.2,5.0,0.040000000000000036,1.0
2026-03-23 03:55:00,5.07,5.0,0.014000000000000058,1.0
2026-03-23 03:56:00,5.49,5.0,0.09800000000000005,1.0
2026-03-23 03:57:00,5.37,5.0,0.07400000000000002,1.0
2026-03-23 03:58:00,5.29,5.0,0.05800000000000001,1.0
2026-03-23 04:01:00,5.22,5.0,0.04399999999999995,1.0
2026-03-23 04:02:00,5.33,5.0,0.06600000000000002,1.0
2026-03-23 04:03:00,5.23,5.0,0.04600000000000008,1.0
2026-03-23 04:04:00,5.24,5.0,0.04800000000000004,1.0
2026-03-23 04:05:00,5.26,5.0,0.051999999999999956,1.0
2026-03-23 04:06:00,5.13,5.0,0.025999999999999978,1.0
2026-03-23 04:07:00,5.18,5.0,0.03599999999999994,1.0
2026-03-23 04:08:00,5.25,5.0,0.05,1.0
2026-03-23 04:09:00,5.19,5.0,0.038000000000000075,1.0
2026-03-23 04:10:00,5.26,5.0,0.051999999999999956,1.0
2026-03-23 04:11:00,5.21,5.0,0.041999999999999996,1.0
2026-03-23 04:12:00,4.98,5.0,0.003999999999999915,0.9920318725099603
2026-03-23 04:13:00,5.15,5.0,0.030000000000000072,1.0
2026-03-23 04:14:00,5.36,5.0,0.07200000000000006,1.0
2026-03-23 04:15:00,5.01,5.0,0.0019999999999999575,1.0
2026-03-23 04:16:00,4.99,5.0,0.0019999999999999575,0.9960079840319361
2026-03-23 04:17:00,5.02,5.0,0.003999999999999915,1.0
2026-03-23 04:18:00,5.11,5.0,0.022000000000000065,1.0
2026-03-23 04:19:00,4.43,5.0,0.11400000000000006,0.7953321364452423
2026-03-23 04:20:00,5.06,5.0,0.011999999999999922,1.0
2026-03-23 04:21:00,5.09,5.0,0.01799999999999997,1.0
2026-03-23 04:22:00,5.1,5.0,0.019999999999999928,1.0
2026-03-23 04:23:00,4.89,5.0,0.022000000000000065,0.9569471624266145
2026-03-23 04:24:00,4.99,5.0,0.0019999999999999575,0.9960079840319361
2026-03-23 04:25:00,4.99,5.0,0.0019999999999999575,0.9960079840319361
2026-03-23 04:26:00,5.07,5.0,0.014000000000000058,1.0
2026-03-23 04:27:00,5.16,5.0,0.03200000000000003,1.0
2026-03-23 04:28:00,5.13,5.0,0.025999999999999978,1.0
2026-03-23 04:29:00,5.22,5.0,0.04399999999999995,1.0
2026-03-23 04:30:00,5.28,5.0,0.05600000000000005,1.0
2026-03-23 04:31:00,5.24,5.0,0.04800000000000004,1.0
2026-03-23 04:32:00,5.1,5.0,0.019999999999999928,1.0
2026-03-23 04:33:00,5.29,5.0,0.05800000000000001,1.0
2026-03-23 04:34:00,5.35,5.0,0.06999999999999992,1.0
2026-03-23 04:35:00,5.31,5.0,0.06199999999999992,1.0
2026-03-23 04:36:00,5.32,5.0,0.06400000000000006,1.0
2026-03-23 04:37:00,5.26,5.0,0.051999999999999956,1.0
2026-03-23 04:38:00,5.3,5.0,0.05999999999999996,1.0
2026-03-23 04:39:00,5.31,5.0,0.06199999999999992,1.0
2026-03-23 04:40:00,5.23,5.0,0.04600000000000008,1.0
2026-03-23 04:41:00,5.22,5.0,0.04399999999999995,1.0
2026-03-23 04:42:00,5.21,5.0,0.041999999999999996,1.0
2026-03-23 04:43:00,5.02,5.0,0.003999999999999915,1.0
2026-03-23 04:44:00,5.11,5.0,0.022000000000000065,1.0
2026-03-23 04:45:00,5.14,5.0,0.027999999999999935,1.0
2026-03-23 04:46:00,4.91,5.0,0.01799999999999997,0.9646365422396856
2026-03-23 04:47:00,4.91,5.0,0.01799999999999997,0.9646365422396856
2026-03-23 04:48:00,4.68,5.0,0.06400000000000006,0.8796992481203006
2026-03-23 04:49:00,4.81,5.0,0.038000000000000075,0.9267822736030827
2026-03-23 04:50:00,4.86,5.0,0.027999999999999935,0.9455252918287939
2026-03-23 04:51:00,4.89,5.0,0.022000000000000065,0.9569471624266145
2026-03-23 04:52:00,4.92,5.0,0.016000000000000014,0.968503937007874
2026-03-23 04:53:00,4.93,5.0,0.014000000000000058,0.9723865877712031
2026-03-23 08:14:00,4.85,5.0,0.030000000000000072,0.9417475728155339
2026-03-23 08:15:00,4.91,5.0,0.01799999999999997,0.9646365422396856
2026-03-23 08:16:00,4.9,5.0,0.019999999999999928,0.9607843137254902
2026-03-23 08:17:00,4.92,5.0,0.016000000000000014,0.968503937007874
2026-03-23 08:18:00,4.85,5.0,0.030000000000000072,0.9417475728155339
2026-03-23 08:19:00,4.88,5.0,0.02400000000000002,0.953125
2026-03-23 08:20:00,4.83,5.0,0.03399999999999999,0.9342359767891683
2026-03-23 08:21:00,4.85,5.0,0.030000000000000072,0.9417475728155339
2026-03-23 08:22:00,4.72,5.0,0.05600000000000005,0.8939393939393938
2026-03-23 08:23:00,4.75,5.0,0.05,0.9047619047619047
2026-03-23 08:24:00,4.83,5.0,0.03399999999999999,0.9342359767891683
2026-03-23 08:25:00,4.76,5.0,0.04800000000000004,0.9083969465648855
2026-03-23 08:26:00,4.82,5.0,0.03599999999999994,0.9305019305019305
2026-03-23 08:27:00,4.9,5.0,0.019999999999999928,0.9607843137254902
2026-03-23 08:28:00,4.79,5.0,0.041999999999999996,0.9193857965451055
2026-03-23 08:29:00,4.88,5.0,0.02400000000000002,0.953125
2026-03-23 08:30:00,4.74,5.0,0.051999999999999956,0.9011406844106464
2026-03-23 08:31:00,4.6,5.0,0.08000000000000007,0.8518518518518517
2026-03-23 08:32:00,4.71,5.0,0.05800000000000001,0.8903591682419659
2026-03-23 08:33:00,4.77,5.0,0.04600000000000008,0.9120458891013383
2026-03-23 08:34:00,4.81,5.0,0.038000000000000075,0.9267822736030827
2026-03-23 08:35:00,4.73,5.0,0.053999999999999916,0.8975332068311197
2026-03-23 08:36:00,4.85,5.0,0.030000000000000072,0.9417475728155339
2026-03-23 08:37:00,4.67,5.0,0.06600000000000002,0.8761726078799249
2026-03-23 08:38:00,4.94,5.0,0.011999999999999922,0.9762845849802373
2026-03-23 08:39:00,4.79,5.0,0.041999999999999996,0.9193857965451055
2026-03-23 08:40:00,4.79,5.0,0.041999999999999996,0.9193857965451055
2026-03-23 08:41:00,4.1,5.0,0.18000000000000008,0.694915254237288
2026-03-23 08:42:00,4.85,5.0,0.030000000000000072,0.9417475728155339
2026-03-23 08:43:00,4.5,5.0,0.1,0.8181818181818181
2026-03-23 08:44:00,4.86,5.0,0.027999999999999935,0.9455252918287939
2026-03-23 08:45:00,4.96,5.0,0.008000000000000007,0.9841269841269841
2026-03-23 08:46:00,4.64,5.0,0.07200000000000006,0.8656716417910446
2026-03-23 08:47:00,4.83,5.0,0.03399999999999999,0.9342359767891683
2026-03-23 08:48:00,4.78,5.0,0.04399999999999995,0.9157088122605365
2026-03-23 08:49:00,4.58,5.0,0.08399999999999999,0.8450184501845018
2026-03-23 08:50:00,4.37,5.0,0.12599999999999997,0.7761989342806395
2026-03-23 08:51:00,4.45,5.0,0.10999999999999996,0.8018018018018019
2026-03-23 08:52:00,4.46,5.0,0.10800000000000001,0.8050541516245486
2026-03-23 08:53:00,4.32,5.0,0.13599999999999995,0.7605633802816903
2026-03-23 08:54:00,4.43,5.0,0.11400000000000006,0.7953321364452423
2026-03-23 08:55:00,4.34,5.0,0.13200000000000003,0.7667844522968197
2026-03-23 08:56:00,4.44,5.0,0.11199999999999992,0.7985611510791369
2026-03-23 08:57:00,4.5,5.0,0.1,0.8181818181818181
2026-03-23 08:58:00,4.42,5.0,0.11600000000000002,0.7921146953405017
2026-03-23 08:59:00,4.48,5.0,0.10399999999999991,0.8115942028985509
2026-03-23 09:00:00,4.34,5.0,0.13200000000000003,0.7667844522968197
2026-03-23 09:01:00,4.4,5.0,0.11999999999999993,0.7857142857142859
2026-03-23 09:02:00,4.23,5.0,0.15399999999999991,0.7331022530329291
2026-03-23 09:03:00,4.48,5.0,0.10399999999999991,0.8115942028985509
2026-03-23 09:04:00,4.51,5.0,0.09800000000000005,0.8214936247723131
2026-03-23 09:05:00,4.48,5.0,0.10399999999999991,0.8115942028985509
2026-03-23 09:06:00,4.48,5.0,0.10399999999999991,0.8115942028985509
2026-03-23 09:07:00,4.51,5.0,0.09800000000000005,0.8214936247723131
2026-03-23 09:08:00,4.44,5.0,0.11199999999999992,0.7985611510791369
2026-03-23 09:09:00,4.4,5.0,0.11999999999999993,0.7857142857142859
2026-03-23 09:10:00,3.87,5.0,0.22599999999999998,0.6313213703099511
2026-03-23 09:11:00,4.16,5.0,0.16799999999999998,0.7123287671232877
2026-03-23 09:12:00,4.33,5.0,0.13399999999999998,0.763668430335097
2026-03-23 09:13:00,4.26,5.0,0.14800000000000005,0.7421602787456445
2026-03-23 09:14:00,4.38,5.0,0.12400000000000003,0.7793594306049821
2026-03-23 09:15:00,4.43,5.0,0.11400000000000006,0.7953321364452423
2026-03-23 09:16:00,4.4,5.0,0.11999999999999993,0.7857142857142859
2026-03-23 09:17:00,4.42,5.0,0.11600000000000002,0.7921146953405017
2026-03-23 09:18:00,4.42,5.0,0.11600000000000002,0.7921146953405017
2026-03-23 09:19:00,4.59,5.0,0.08200000000000003,0.8484288354898335
2026-03-23 09:20:00,3.76,5.0,0.24800000000000005,0.6025641025641025
2026-03-23 09:21:00,4.64,5.0,0.07200000000000006,0.8656716417910446
2026-03-23 09:22:00,4.93,5.0,0.014000000000000058,0.9723865877712031
2026-03-23 09:23:00,4.85,5.0,0.030000000000000072,0.9417475728155339
2026-03-23 09:24:00,4.66,5.0,0.06799999999999998,0.8726591760299626
2026-03-23 09:25:00,4.8,5.0,0.040000000000000036,0.923076923076923
2026-03-23 09:26:00,4.83,5.0,0.03399999999999999,0.9342359767891683
2026-03-23 09:27:00,4.8,5.0,0.040000000000000036,0.923076923076923
2026-03-23 09:28:00,4.78,5.0,0.04399999999999995,0.9157088122605365
2026-03-23 09:29:00,4.7,5.0,0.05999999999999996,0.8867924528301887
2026-03-23 09:30:00,4.64,5.0,0.07200000000000006,0.8656716417910446
2026-03-23 09:31:00,4.82,5.0,0.03599999999999994,0.9305019305019305
2026-03-23 09:32:00,4.57,5.0,0.08599999999999994,0.8416206261510131
2026-03-23 09:33:00,4.47,5.0,0.10600000000000005,0.8083182640144664
2026-03-23 09:34:00,4.51,5.0,0.09800000000000005,0.8214936247723131
2026-03-23 09:35:00,4.91,5.0,0.01799999999999997,0.9646365422396856
2026-03-23 09:36:00,4.83,5.0,0.03399999999999999,0.9342359767891683
2026-03-23 09:37:00,4.85,5.0,0.030000000000000072,0.9417475728155339
2026-03-23 09:38:00,4.56,5.0,0.08800000000000008,0.838235294117647
2026-03-23 09:39:00,4.29,5.0,0.142,0.7513134851138354
2026-03-23 09:40:00,4.43,5.0,0.11400000000000006,0.7953321364452423
2026-03-23 09:41:00,4.44,5.0,0.11199999999999992,0.7985611510791369
2026-03-23 09:42:00,4.47,5.0,0.10600000000000005,0.8083182640144664
2026-03-23 09:43:00,4.36,5.0,0.12799999999999995,0.773049645390071
2026-03-23 09:44:00,4.34,5.0,0.13200000000000003,0.7667844522968197
2026-03-23 09:45:00,4.38,5.0,0.12400000000000003,0.7793594306049821
2026-03-23 09:46:00,4.38,5.0,0.12400000000000003,0.7793594306049821
2026-03-23 09:47:00,4.44,5.0,0.11199999999999992,0.7985611510791369
2026-03-23 09:48:00,4.1,5.0,0.18000000000000008,0.694915254237288
2026-03-23 09:49:00,3.86,5.0,0.22800000000000004,0.6286644951140066
2026-03-23 09:50:00,4.58,5.0,0.08399999999999999,0.8450184501845018
2026-03-23 09:51:00,4.45,5.0,0.10999999999999996,0.8018018018018019
2026-03-23 09:52:00,4.24,5.0,0.15199999999999997,0.7361111111111113
2026-03-23 09:53:00,4.67,5.0,0.06600000000000002,0.8761726078799249
2026-03-23 09:54:00,4.52,5.0,0.09600000000000009,0.8248175182481751
2026-03-23 09:55:00,4.54,5.0,0.092,0.8315018315018314
2026-03-23 09:56:00,4.49,5.0,0.10199999999999995,0.8148820326678767
2026-03-23 09:57:00,4.63,5.0,0.07400000000000002,0.8621973929236498
2026-03-23 09:58:00,4.5,5.0,0.1,0.8181818181818181
2026-03-23 09:59:00,4.95,5.0,0.009999999999999964,0.9801980198019802
2026-03-23 10:00:00,5.14,5.0,0.027999999999999935,1.0
2026-03-23 10:01:00,5.0,5.0,0.0,1.0
2026-03-23 10:02:00,4.97,5.0,0.0060000000000000496,0.9880715705765407
2026-03-23 10:03:00,5.03,5.0,0.0060000000000000496,1.0
2026-03-23 10:04:00,4.85,5.0,0.030000000000000072,0.9417475728155339
2026-03-23 10:05:00,4.72,5.0,0.05600000000000005,0.8939393939393938
2026-03-23 10:06:00,4.67,5.0,0.06600000000000002,0.8761726078799249
2026-03-23 10:07:00,4.82,5.0,0.03599999999999994,0.9305019305019305
2026-03-23 10:08:00,4.91,5.0,0.01799999999999997,0.9646365422396856
2026-03-23 10:09:00,4.82,5.0,0.03599999999999994,0.9305019305019305
2026-03-23 10:10:00,4.94,5.0,0.011999999999999922,0.9762845849802373
2026-03-23 10:11:00,4.97,5.0,0.0060000000000000496,0.9880715705765407
2026-03-23 10:12:00,4.87,5.0,0.025999999999999978,0.949317738791423
2026-03-23 10:13:00,4.8,5.0,0.040000000000000036,0.923076923076923
2026-03-23 10:14:00,4.8,5.0,0.040000000000000036,0.923076923076923
2026-03-23 10:15:00,4.81,5.0,0.038000000000000075,0.9267822736030827
2026-03-23 10:16:00,4.82,5.0,0.03599999999999994,0.9305019305019305
2026-03-23 10:17:00,4.88,5.0,0.02400000000000002,0.953125
2026-03-23 10:18:00,4.75,5.0,0.05,0.9047619047619047
2026-03-23 10:19:00,4.77,5.0,0.04600000000000008,0.9120458891013383
2026-03-23 10:20:00,4.86,5.0,0.027999999999999935,0.9455252918287939
2026-03-23 10:21:00,4.72,5.0,0.05600000000000005,0.8939393939393938
2026-03-23 10:22:00,4.51,5.0,0.09800000000000005,0.8214936247723131
2026-03-23 10:23:00,4.38,5.0,0.12400000000000003,0.7793594306049821
2026-03-23 10:24:00,4.57,5.0,0.08599999999999994,0.8416206261510131
2026-03-23 10:25:00,4.45,5.0,0.10999999999999996,0.8018018018018019
2026-03-23 10:26:00,4.43,5.0,0.11400000000000006,0.7953321364452423
2026-03-23 10:27:00,4.44,5.0,0.11199999999999992,0.7985611510791369
2026-03-23 10:28:00,4.38,5.0,0.12400000000000003,0.7793594306049821
2026-03-23 10:29:00,4.33,5.0,0.13399999999999998,0.763668430335097
2026-03-23 10:30:00,4.31,5.0,0.13800000000000007,0.7574692442882248
2026-03-23 10:31:00,4.36,5.0,0.12799999999999995,0.773049645390071
2026-03-23 10:32:00,4.46,5.0,0.10800000000000001,0.8050541516245486
2026-03-23 10:33:00,4.7,5.0,0.05999999999999996,0.8867924528301887
2026-03-23 10:34:00,4.86,5.0,0.027999999999999935,0.9455252918287939
2026-03-23 10:35:00,5.01,5.0,0.0019999999999999575,1.0
2026-03-23 10:36:00,4.95,5.0,0.009999999999999964,0.9801980198019802
2026-03-23 10:37:00,4.97,5.0,0.0060000000000000496,0.9880715705765407
2026-03-23 10:38:00,4.91,5.0,0.01799999999999997,0.9646365422396856
2026-03-23 10:39:00,4.79,5.0,0.041999999999999996,0.9193857965451055
2026-03-23 10:40:00,4.64,5.0,0.07200000000000006,0.8656716417910446
2026-03-23 10:41:00,4.65,5.0,0.06999999999999992,0.8691588785046731
2026-03-23 10:42:00,4.65,5.0,0.06999999999999992,0.8691588785046731
2026-03-23 10:43:00,4.57,5.0,0.08599999999999994,0.8416206261510131
2026-03-23 10:44:00,4.6,5.0,0.08000000000000007,0.8518518518518517
2026-03-23 10:45:00,4.85,5.0,0.030000000000000072,0.9417475728155339
2026-03-23 10:46:00,4.73,5.0,0.053999999999999916,0.8975332068311197
2026-03-23 10:47:00,4.54,5.0,0.092,0.8315018315018314
2026-03-23 10:48:00,4.37,5.0,0.12599999999999997,0.7761989342806395
2026-03-23 10:49:00,4.45,5.0,0.10999999999999996,0.8018018018018019
2026-03-23 10:50:00,4.49,5.0,0.10199999999999995,0.8148820326678767
2026-03-23 10:51:00,4.59,5.0,0.08200000000000003,0.8484288354898335
2026-03-23 10:52:00,4.69,5.0,0.06199999999999992,0.8832391713747648
2026-03-23 10:53:00,4.65,5.0,0.06999999999999992,0.8691588785046731
2026-03-23 10:54:00,4.6,5.0,0.08000000000000007,0.8518518518518517
2026-03-23 10:55:00,4.4,5.0,0.11999999999999993,0.7857142857142859
2026-03-23 10:56:00,5.01,5.0,0.0019999999999999575,1.0
2026-03-23 10:57:00,4.75,5.0,0.05,0.9047619047619047
2026-03-23 10:58:00,4.38,5.0,0.12400000000000003,0.7793594306049821
2026-03-23 10:59:00,3.85,5.0,0.22999999999999998,0.6260162601626017
2026-03-23 11:00:00,5.15,5.0,0.030000000000000072,1.0
2026-03-23 11:01:00,5.02,5.0,0.003999999999999915,1.0
2026-03-23 11:02:00,4.94,5.0,0.011999999999999922,0.9762845849802373
2026-03-23 11:03:00,4.86,5.0,0.027999999999999935,0.9455252918287939
2026-03-23 11:04:00,5.01,5.0,0.0019999999999999575,1.0
2026-03-23 11:05:00,4.93,5.0,0.014000000000000058,0.9723865877712031
2026-03-23 11:06:00,4.99,5.0,0.0019999999999999575,0.9960079840319361
2026-03-23 11:07:00,4.99,5.0,0.0019999999999999575,0.9960079840319361
2026-03-23 11:08:00,5.08,5.0,0.016000000000000014,1.0
2026-03-23 11:09:00,4.84,5.0,0.03200000000000003,0.937984496124031
2026-03-23 11:10:00,4.65,5.0,0.06999999999999992,0.8691588785046731
2026-03-23 11:11:00,4.66,5.0,0.06799999999999998,0.8726591760299626
2026-03-23 11:12:00,4.49,5.0,0.10199999999999995,0.8148820326678767
2026-03-23 11:13:00,4.64,5.0,0.07200000000000006,0.8656716417910446
2026-03-23 11:14:00,4.54,5.0,0.092,0.8315018315018314
2026-03-23 11:15:00,4.45,5.0,0.10999999999999996,0.8018018018018019
2026-03-23 11:16:00,4.39,5.0,0.12200000000000007,0.7825311942959
2026-03-23 11:17:00,4.31,5.0,0.13800000000000007,0.7574692442882248
2026-03-23 11:18:00,4.51,5.0,0.09800000000000005,0.8214936247723131
2026-03-23 11:19:00,4.4,5.0,0.11999999999999993,0.7857142857142859
2026-03-23 11:20:00,4.31,5.0,0.13800000000000007,0.7574692442882248
2026-03-23 11:21:00,4.59,5.0,0.08200000000000003,0.8484288354898335
2026-03-23 11:22:00,4.4,5.0,0.11999999999999993,0.7857142857142859
2026-03-23 11:23:00,4.01,5.0,0.19800000000000004,0.669449081803005
2026-03-23 11:24:00,4.35,5.0,0.13000000000000006,0.7699115044247786
2026-03-23 11:25:00,4.43,5.0,0.11400000000000006,0.7953321364452423
2026-03-23 11:26:00,4.49,5.0,0.10199999999999995,0.8148820326678767
2026-03-23 11:27:00,4.52,5.0,0.09600000000000009,0.8248175182481751
2026-03-23 11:28:00,4.71,5.0,0.05800000000000001,0.8903591682419659
2026-03-23 11:29:00,4.64,5.0,0.07200000000000006,0.8656716417910446
2026-03-23 11:30:00,4.58,5.0,0.08399999999999999,0.8450184501845018
2026-03-23 11:31:00,4.3,5.0,0.14000000000000004,0.7543859649122806
2026-03-23 11:32:00,4.06,5.0,0.18800000000000008,0.6835016835016834
2026-03-23 11:33:00,4.5,5.0,0.1,0.8181818181818181
2026-03-23 13:59:00,4.24,5.0,0.15199999999999997,0.7361111111111113
2026-03-23 14:00:00,4.1,5.0,0.18000000000000008,0.694915254237288
2026-03-23 14:01:00,4.08,5.0,0.184,0.6891891891891893
2026-03-23 14:02:00,4.14,5.0,0.17200000000000007,0.7064846416382251
2026-03-23 14:03:00,4.21,5.0,0.158,0.7271157167530224
2026-03-23 14:04:00,4.15,5.0,0.16999999999999993,0.7094017094017095
2026-03-23 14:05:00,4.15,5.0,0.16999999999999993,0.7094017094017095
2026-03-23 14:06:00,4.09,5.0,0.18200000000000002,0.6920473773265652
2026-03-23 14:07:00,4.02,5.0,0.1960000000000001,0.6722408026755852
2026-03-23 14:08:00,3.5,5.0,0.3,0.5384615384615384
2026-03-23 14:09:00,4.07,5.0,0.18599999999999994,0.6863406408094436
2026-03-23 14:10:00,3.93,5.0,0.21399999999999997,0.6474464579901154
2026-03-23 14:11:00,3.96,5.0,0.20800000000000002,0.6556291390728477
2026-03-23 14:12:00,3.98,5.0,0.20400000000000001,0.6611295681063124
2026-03-23 14:13:00,3.93,5.0,0.21399999999999997,0.6474464579901154
2026-03-23 14:14:00,3.7,5.0,0.25999999999999995,0.5873015873015873
2026-03-23 14:15:00,3.78,5.0,0.24400000000000005,0.6077170418006431
2026-03-23 14:16:00,4.14,5.0,0.17200000000000007,0.7064846416382251
2026-03-23 14:17:00,4.2,5.0,0.15999999999999998,0.7241379310344829
2026-03-23 14:18:00,4.08,5.0,0.184,0.6891891891891893
2026-03-23 14:19:00,4.16,5.0,0.16799999999999998,0.7123287671232877
2026-03-23 14:20:00,4.23,5.0,0.15399999999999991,0.7331022530329291
2026-03-23 14:21:00,4.2,5.0,0.15999999999999998,0.7241379310344829
2026-03-23 14:22:00,4.26,5.0,0.14800000000000005,0.7421602787456445
2026-03-23 14:23:00,4.13,5.0,0.17400000000000002,0.7035775127768313
2026-03-23 14:24:00,4.06,5.0,0.18800000000000008,0.6835016835016834
2026-03-23 14:25:00,4.03,5.0,0.19399999999999995,0.6750418760469012
2026-03-23 14:26:00,3.98,5.0,0.20400000000000001,0.6611295681063124
2026-03-23 14:27:00,3.88,5.0,0.22400000000000003,0.6339869281045752
2026-03-23 14:28:00,4.02,5.0,0.1960000000000001,0.6722408026755852
2026-03-23 14:29:00,4.09,5.0,0.18200000000000002,0.6920473773265652
2026-03-23 14:30:00,3.86,5.0,0.22800000000000004,0.6286644951140066
2026-03-23 14:31:00,4.03,5.0,0.19399999999999995,0.6750418760469012
2026-03-23 14:32:00,4.03,5.0,0.19399999999999995,0.6750418760469012
2026-03-23 14:33:00,3.99,5.0,0.20199999999999996,0.6638935108153079
2026-03-23 14:34:00,4.1,5.0,0.18000000000000008,0.694915254237288
2026-03-23 14:35:00,4.38,5.0,0.12400000000000003,0.7793594306049821
2026-03-23 14:36:00,4.32,5.0,0.13599999999999995,0.7605633802816903
2026-03-23 14:37:00,4.23,5.0,0.15399999999999991,0.7331022530329291
2026-03-23 14:38:00,4.23,5.0,0.15399999999999991,0.7331022530329291
2026-03-23 14:39:00,4.11,5.0,0.17799999999999994,0.6977928692699492
2026-03-23 14:40:00,4.16,5.0,0.16799999999999998,0.7123287671232877
2026-03-23 14:42:00,4.08,5.0,0.184,0.6891891891891893
2026-03-23 14:43:00,4.08,5.0,0.184,0.6891891891891893
2026-03-23 14:44:00,4.05,5.0,0.19000000000000003,0.680672268907563
2026-03-23 14:45:00,4.1,5.0,0.18000000000000008,0.694915254237288
2026-03-23 14:47:00,4.1,5.0,0.18000000000000008,0.694915254237288
2026-03-23 14:48:00,4.2,5.0,0.15999999999999998,0.7241379310344829
2026-03-23 14:49:00,4.5,5.0,0.1,0.8181818181818181
2026-03-23 14:50:00,4.36,5.0,0.12799999999999995,0.773049645390071
2026-03-23 14:51:00,4.29,5.0,0.142,0.7513134851138354
2026-03-23 14:52:00,4.15,5.0,0.16999999999999993,0.7094017094017095
2026-03-23 14:53:00,4.31,5.0,0.13800000000000007,0.7574692442882248
2026-03-23 14:54:00,4.29,5.0,0.142,0.7513134851138354
2026-03-23 14:55:00,4.39,5.0,0.12200000000000007,0.7825311942959
2026-03-23 14:56:00,4.15,5.0,0.16999999999999993,0.7094017094017095
2026-03-23 14:57:00,4.12,5.0,0.176,0.7006802721088436
2026-03-23 14:58:00,4.06,5.0,0.18800000000000008,0.6835016835016834
2026-03-23 14:59:00,4.1,5.0,0.18000000000000008,0.694915254237288
2026-03-23 15:00:00,4.16,5.0,0.16799999999999998,0.7123287671232877
2026-03-23 15:03:00,4.42,5.0,0.11600000000000002,0.7921146953405017
2026-03-23 15:04:00,4.34,5.0,0.13200000000000003,0.7667844522968197
2026-03-23 15:05:00,4.5,5.0,0.1,0.8181818181818181
2026-03-23 15:06:00,4.43,5.0,0.11400000000000006,0.7953321364452423
2026-03-23 15:07:00,4.39,5.0,0.12200000000000007,0.7825311942959
2026-03-23 15:08:00,4.35,5.0,0.13000000000000006,0.7699115044247786
2026-03-23 15:09:00,4.29,5.0,0.142,0.7513134851138354
2026-03-23 15:10:00,3.75,5.0,0.25,0.6
2026-03-23 15:11:00,3.1,5.0,0.38,0.44927536231884063
2026-03-23 15:12:00,3.67,5.0,0.266,0.5797788309636651
2026-03-23 15:13:00,3.35,5.0,0.32999999999999996,0.5037593984962406
2026-03-23 15:14:00,4.65,5.0,0.06999999999999992,0.8691588785046731
2026-03-23 15:15:00,4.31,5.0,0.13800000000000007,0.7574692442882248
2026-03-23 15:16:00,3.92,5.0,0.21600000000000003,0.6447368421052632
2026-03-23 15:17:00,4.73,5.0,0.053999999999999916,0.8975332068311197
2026-03-23 15:18:00,4.34,5.0,0.13200000000000003,0.7667844522968197
2026-03-23 15:19:00,4.32,5.0,0.13599999999999995,0.7605633802816903
2026-03-23 15:20:00,4.29,5.0,0.142,0.7513134851138354
2026-03-23 15:21:00,4.32,5.0,0.13599999999999995,0.7605633802816903
2026-03-23 15:22:00,4.37,5.0,0.12599999999999997,0.7761989342806395
2026-03-23 15:23:00,4.33,5.0,0.13399999999999998,0.763668430335097
2026-03-23 15:24:00,4.22,5.0,0.15600000000000006,0.7301038062283736
2026-03-23 15:25:00,4.21,5.0,0.158,0.7271157167530224
2026-03-23 15:26:00,4.24,5.0,0.15199999999999997,0.7361111111111113
2026-03-23 15:27:00,4.32,5.0,0.13599999999999995,0.7605633802816903
2026-03-23 15:28:00,4.31,5.0,0.13800000000000007,0.7574692442882248
2026-03-23 15:29:00,4.15,5.0,0.16999999999999993,0.7094017094017095
2026-03-23 15:30:00,4.36,5.0,0.12799999999999995,0.773049645390071
2026-03-23 15:31:00,4.37,5.0,0.12599999999999997,0.7761989342806395
2026-03-23 15:32:00,4.43,5.0,0.11400000000000006,0.7953321364452423
2026-03-23 15:33:00,4.58,5.0,0.08399999999999999,0.8450184501845018
2026-03-23 15:35:00,3.33,5.0,0.33399999999999996,0.4992503748125937
2026-03-23 15:36:00,3.71,5.0,0.258,0.589825119236884
2026-03-23 15:37:00,3.8,5.0,0.24000000000000005,0.6129032258064516
2026-03-23 15:38:00,3.89,5.0,0.22199999999999998,0.6366612111292963
2026-03-23 15:39:00,3.98,5.0,0.20400000000000001,0.6611295681063124
2026-03-23 15:40:00,3.85,5.0,0.22999999999999998,0.6260162601626017
2026-03-23 15:41:00,3.67,5.0,0.266,0.5797788309636651
2026-03-23 15:42:00,3.61,5.0,0.278,0.5649452269170578
2026-03-23 15:43:00,3.51,5.0,0.29800000000000004,0.5408320493066255
2026-03-23 15:44:00,4.13,5.0,0.17400000000000002,0.7035775127768313
2026-03-23 15:45:00,4.31,5.0,0.13800000000000007,0.7574692442882248
2026-03-23 15:46:00,4.31,5.0,0.13800000000000007,0.7574692442882248
2026-03-23 15:47:00,4.31,5.0,0.13800000000000007,0.7574692442882248
2026-03-23 15:48:00,4.25,5.0,0.15,0.7391304347826088
2026-03-23 15:49:00,4.29,5.0,0.142,0.7513134851138354
2026-03-23 15:50:00,4.25,5.0,0.15,0.7391304347826088
2026-03-23 15:51:00,4.24,5.0,0.15199999999999997,0.7361111111111113
2026-03-23 15:52:00,4.32,5.0,0.13599999999999995,0.7605633802816903
2026-03-23 15:53:00,4.33,5.0,0.13399999999999998,0.763668430335097
2026-03-23 15:54:00,4.21,5.0,0.158,0.7271157167530224
2026-03-23 15:55:00,4.27,5.0,0.14600000000000007,0.745200698080279
2026-03-23 15:56:00,4.35,5.0,0.13000000000000006,0.7699115044247786
2026-03-23 15:57:00,4.34,5.0,0.13200000000000003,0.7667844522968197
2026-03-23 15:58:00,4.37,5.0,0.12599999999999997,0.7761989342806395
2026-03-23 16:02:00,4.52,5.0,0.09600000000000009,0.8248175182481751
2026-03-23 16:03:00,4.56,5.0,0.08800000000000008,0.838235294117647
2026-03-23 16:04:00,4.44,5.0,0.11199999999999992,0.7985611510791369
2026-03-23 16:05:00,4.47,5.0,0.10600000000000005,0.8083182640144664
2026-03-23 16:06:00,3.98,5.0,0.20400000000000001,0.6611295681063124
2026-03-23 16:09:00,4.66,5.0,0.06799999999999998,0.8726591760299626
2026-03-23 16:10:00,4.53,5.0,0.09399999999999994,0.8281535648994517
2026-03-23 16:11:00,4.48,5.0,0.10399999999999991,0.8115942028985509
2026-03-23 16:12:00,4.26,5.0,0.14800000000000005,0.7421602787456445
2026-03-23 16:13:00,4.34,5.0,0.13200000000000003,0.7667844522968197
2026-03-23 16:14:00,4.47,5.0,0.10600000000000005,0.8083182640144664
2026-03-23 16:15:00,4.36,5.0,0.12799999999999995,0.773049645390071
2026-03-23 16:16:00,4.7,5.0,0.05999999999999996,0.8867924528301887
2026-03-23 16:17:00,4.72,5.0,0.05600000000000005,0.8939393939393938
2026-03-23 16:18:00,4.62,5.0,0.07599999999999998,0.8587360594795539
2026-03-23 16:19:00,4.47,5.0,0.10600000000000005,0.8083182640144664
2026-03-23 16:20:00,4.66,5.0,0.06799999999999998,0.8726591760299626
2026-03-23 16:21:00,5.17,5.0,0.03399999999999999,1.0
